batch_id,key_id,key_length,mismatched_bits,qber,eve_present,was_corrupted,poison_label
0,0,8,0,0.0,1,0,0
0,1,8,2,0.25,1,0,0
0,2,8,1,0.125,1,0,0
0,3,8,5,0.625,1,0,0
0,4,8,3,0.375,1,0,0
0,5,8,1,0.125,1,0,0
0,6,8,3,0.375,1,0,0
0,7,8,3,0.375,1,0,0
0,8,8,2,0.25,1,0,0
0,9,8,2,0.25,1,0,0
0,10,8,2,0.25,1,0,0
0,11,8,3,0.375,1,0,0
0,12,8,3,0.375,1,0,0
0,13,8,2,0.25,1,0,0
0,14,8,1,0.125,1,0,0
0,15,8,5,0.625,1,0,0
0,16,8,2,0.25,1,0,0
0,17,8,0,0.0,1,0,0
0,18,8,2,0.25,1,0,0
0,19,8,3,0.375,1,0,0
0,20,8,2,0.25,1,0,0
0,21,8,2,0.25,1,0,0
0,22,8,0,0.0,1,0,0
0,23,8,2,0.25,1,0,0
0,24,8,3,0.375,1,0,0
0,25,8,1,0.125,1,0,0
0,26,8,0,0.0,1,0,0
0,27,8,3,0.375,1,0,0
0,28,8,2,0.25,1,0,0
0,29,8,4,0.5,1,0,0
0,30,8,4,0.5,1,0,0
0,31,8,3,0.375,1,0,0
0,32,8,3,0.375,1,0,0
0,33,8,4,0.5,1,0,0
0,34,8,1,0.125,1,0,0
0,35,8,1,0.125,1,0,0
0,36,8,1,0.125,1,0,0
0,37,8,2,0.25,1,0,0
0,38,8,2,0.25,1,0,0
0,39,8,2,0.25,1,0,0
0,40,8,2,0.25,1,0,0
0,41,8,1,0.125,1,0,0
0,42,8,3,0.375,1,0,0
0,43,8,3,0.375,1,0,0
0,44,8,3,0.375,1,0,0
0,45,8,2,0.25,1,0,0
0,46,8,7,0.875,1,0,0
0,47,8,3,0.375,1,0,0
0,48,8,3,0.375,1,0,0
0,49,8,1,0.125,1,0,0
0,50,8,2,0.25,1,0,0
0,51,8,1,0.125,1,0,0
0,52,8,1,0.125,1,0,0
0,53,8,3,0.375,1,0,0
0,54,8,3,0.375,1,0,0
0,55,8,2,0.25,1,0,0
0,56,8,1,0.125,1,0,0
0,57,8,2,0.25,1,0,0
0,58,8,2,0.25,1,0,0
0,59,8,2,0.25,1,0,0
0,60,8,3,0.375,1,0,0
0,61,8,2,0.25,1,0,0
0,62,8,2,0.25,1,0,0
0,63,8,2,0.25,1,0,0
0,64,8,2,0.25,1,0,0
0,65,8,2,0.25,1,0,0
0,66,8,5,0.625,1,0,0
0,67,8,7,0.875,1,0,0
0,68,8,2,0.25,1,0,0
0,69,8,2,0.25,1,0,0
0,70,8,5,0.625,1,0,0
0,71,8,5,0.625,1,0,0
0,72,8,2,0.25,1,0,0
0,73,8,1,0.125,1,0,0
0,74,8,3,0.375,1,0,0
0,75,8,2,0.25,1,0,0
0,76,8,3,0.375,1,0,0
0,77,8,2,0.25,1,0,0
0,78,8,1,0.125,1,0,0
0,79,8,2,0.25,1,0,0
0,80,8,1,0.125,1,0,0
0,81,8,2,0.25,1,0,0
0,82,8,4,0.5,1,0,0
0,83,8,2,0.25,1,0,0
0,84,8,1,0.125,1,0,0
0,85,8,2,0.25,1,0,0
0,86,8,0,0.0,1,0,0
0,87,8,2,0.25,1,0,0
0,88,8,2,0.25,1,0,0
0,89,8,4,0.5,1,0,0
0,90,8,2,0.25,1,0,0
0,91,8,1,0.125,1,0,0
0,92,8,0,0.0,1,0,0
0,93,8,0,0.0,1,0,0
0,94,8,2,0.25,1,0,0
0,95,8,3,0.375,1,0,0
0,96,8,0,0.0,1,0,0
0,97,8,4,0.5,1,0,0
0,98,8,3,0.375,1,0,0
0,99,8,0,0.0,1,0,0
1,0,8,0,0.0,1,0,0
1,1,8,4,0.5,1,0,0
1,2,8,3,0.375,1,0,0
1,3,8,1,0.125,1,0,0
1,4,8,1,0.125,1,0,0
1,5,8,1,0.125,1,0,0
1,6,8,3,0.375,1,0,0
1,7,8,3,0.375,1,0,0
1,8,8,1,0.125,1,0,0
1,9,8,4,0.5,1,0,0
1,10,8,2,0.25,1,0,0
1,11,8,1,0.125,1,0,0
1,12,8,0,0.0,1,0,0
1,13,8,2,0.25,1,0,0
1,14,8,1,0.125,1,0,0
1,15,8,2,0.25,1,0,0
1,16,8,3,0.375,1,0,0
1,17,8,0,0.0,1,0,0
1,18,8,2,0.25,1,0,0
1,19,8,3,0.375,1,0,0
1,20,8,3,0.375,1,0,0
1,21,8,2,0.25,1,0,0
1,22,8,0,0.0,1,0,0
1,23,8,3,0.375,1,0,0
1,24,8,2,0.25,1,0,0
1,25,8,2,0.25,1,0,0
1,26,8,1,0.125,1,0,0
1,27,8,3,0.375,1,0,0
1,28,8,1,0.125,1,0,0
1,29,8,2,0.25,1,0,0
1,30,8,0,0.0,1,0,0
1,31,8,3,0.375,1,0,0
1,32,8,4,0.5,1,0,0
1,33,8,2,0.25,1,0,0
1,34,8,1,0.125,1,0,0
1,35,8,1,0.125,1,0,0
1,36,8,3,0.375,1,0,0
1,37,8,2,0.25,1,0,0
1,38,8,1,0.125,1,0,0
1,39,8,4,0.5,1,0,0
1,40,8,2,0.25,1,0,0
1,41,8,0,0.0,1,0,0
1,42,8,2,0.25,1,0,0
1,43,8,2,0.25,1,0,0
1,44,8,2,0.25,1,0,0
1,45,8,1,0.125,1,0,0
1,46,8,2,0.25,1,0,0
1,47,8,2,0.25,1,0,0
1,48,8,0,0.0,1,0,0
1,49,8,3,0.375,1,0,0
1,50,8,3,0.375,1,0,0
1,51,8,3,0.375,1,0,0
1,52,8,3,0.375,1,0,0
1,53,8,2,0.25,1,0,0
1,54,8,3,0.375,1,0,0
1,55,8,3,0.375,1,0,0
1,56,8,2,0.25,1,0,0
1,57,8,0,0.0,1,0,0
1,58,8,2,0.25,1,0,0
1,59,8,1,0.125,1,0,0
1,60,8,3,0.375,1,0,0
1,61,8,4,0.5,1,0,0
1,62,8,4,0.5,1,0,0
1,63,8,1,0.125,1,0,0
1,64,8,1,0.125,1,0,0
1,65,8,1,0.125,1,0,0
1,66,8,2,0.25,1,0,0
1,67,8,3,0.375,1,0,0
1,68,8,3,0.375,1,0,0
1,69,8,3,0.375,1,0,0
1,70,8,2,0.25,1,0,0
1,71,8,4,0.5,1,0,0
1,72,8,3,0.375,1,0,0
1,73,8,3,0.375,1,0,0
1,74,8,3,0.375,1,0,0
1,75,8,2,0.25,1,0,0
1,76,8,0,0.0,1,0,0
1,77,8,0,0.0,1,0,0
1,78,8,4,0.5,1,0,0
1,79,8,3,0.375,1,0,0
1,80,8,3,0.375,1,0,0
1,81,8,3,0.375,1,0,0
1,82,8,1,0.125,1,0,0
1,83,8,2,0.25,1,0,0
1,84,8,2,0.25,1,0,0
1,85,8,1,0.125,1,0,0
1,86,8,2,0.25,1,0,0
1,87,8,1,0.125,1,0,0
1,88,8,1,0.125,1,0,0
1,89,8,2,0.25,1,0,0
1,90,8,2,0.25,1,0,0
1,91,8,2,0.25,1,0,0
1,92,8,3,0.375,1,0,0
1,93,8,2,0.25,1,0,0
1,94,8,2,0.25,1,0,0
1,95,8,2,0.25,1,0,0
1,96,8,0,0.0,1,0,0
1,97,8,4,0.5,1,0,0
1,98,8,3,0.375,1,0,0
1,99,8,2,0.25,1,0,0
2,0,8,2,0.25,1,0,0
2,1,8,0,0.0,1,0,0
2,2,8,3,0.375,1,0,0
2,3,8,2,0.25,1,0,0
2,4,8,3,0.375,1,0,0
2,5,8,5,0.625,1,0,0
2,6,8,2,0.25,1,0,0
2,7,8,0,0.0,1,0,0
2,8,8,2,0.25,1,0,0
2,9,8,3,0.375,1,0,0
2,10,8,5,0.625,1,0,0
2,11,8,2,0.25,1,0,0
2,12,8,3,0.375,1,0,0
2,13,8,1,0.125,1,0,0
2,14,8,4,0.5,1,0,0
2,15,8,2,0.25,1,0,0
2,16,8,3,0.375,1,0,0
2,17,8,3,0.375,1,0,0
2,18,8,3,0.375,1,0,0
2,19,8,3,0.375,1,0,0
2,20,8,2,0.25,1,0,0
2,21,8,1,0.125,1,0,0
2,22,8,2,0.25,1,0,0
2,23,8,3,0.375,1,0,0
2,24,8,5,0.625,1,0,0
2,25,8,0,0.0,1,0,0
2,26,8,4,0.5,1,0,0
2,27,8,4,0.5,1,0,0
2,28,8,2,0.25,1,0,0
2,29,8,4,0.5,1,0,0
2,30,8,3,0.375,1,0,0
2,31,8,3,0.375,1,0,0
2,32,8,2,0.25,1,0,0
2,33,8,2,0.25,1,0,0
2,34,8,3,0.375,1,0,0
2,35,8,4,0.5,1,0,0
2,36,8,3,0.375,1,0,0
2,37,8,3,0.375,1,0,0
2,38,8,2,0.25,1,0,0
2,39,8,1,0.125,1,0,0
2,40,8,3,0.375,1,0,0
2,41,8,4,0.5,1,0,0
2,42,8,2,0.25,1,0,0
2,43,8,1,0.125,1,0,0
2,44,8,2,0.25,1,0,0
2,45,8,4,0.5,1,0,0
2,46,8,2,0.25,1,0,0
2,47,8,1,0.125,1,0,0
2,48,8,3,0.375,1,0,0
2,49,8,2,0.25,1,0,0
2,50,8,1,0.125,1,0,0
2,51,8,4,0.5,1,0,0
2,52,8,1,0.125,1,0,0
2,53,8,1,0.125,1,0,0
2,54,8,4,0.5,1,0,0
2,55,8,2,0.25,1,0,0
2,56,8,1,0.125,1,0,0
2,57,8,4,0.5,1,0,0
2,58,8,5,0.625,1,0,0
2,59,8,2,0.25,1,0,0
2,60,8,0,0.0,1,0,0
2,61,8,1,0.125,1,0,0
2,62,8,0,0.0,1,0,0
2,63,8,1,0.125,1,0,0
2,64,8,2,0.25,1,0,0
2,65,8,1,0.125,1,0,0
2,66,8,0,0.0,1,0,0
2,67,8,3,0.375,1,0,0
2,68,8,2,0.25,1,0,0
2,69,8,1,0.125,1,0,0
2,70,8,2,0.25,1,0,0
2,71,8,1,0.125,1,0,0
2,72,8,2,0.25,1,0,0
2,73,8,2,0.25,1,0,0
2,74,8,1,0.125,1,0,0
2,75,8,3,0.375,1,0,0
2,76,8,1,0.125,1,0,0
2,77,8,2,0.25,1,0,0
2,78,8,3,0.375,1,0,0
2,79,8,3,0.375,1,0,0
2,80,8,2,0.25,1,0,0
2,81,8,2,0.25,1,0,0
2,82,8,4,0.5,1,0,0
2,83,8,0,0.0,1,0,0
2,84,8,3,0.375,1,0,0
2,85,8,1,0.125,1,0,0
2,86,8,4,0.5,1,0,0
2,87,8,3,0.375,1,0,0
2,88,8,1,0.125,1,0,0
2,89,8,1,0.125,1,0,0
2,90,8,2,0.25,1,0,0
2,91,8,1,0.125,1,0,0
2,92,8,2,0.25,1,0,0
2,93,8,3,0.375,1,0,0
2,94,8,1,0.125,1,0,0
2,95,8,3,0.375,1,0,0
2,96,8,3,0.375,1,0,0
2,97,8,4,0.5,1,0,0
2,98,8,0,0.0,1,0,0
2,99,8,1,0.125,1,0,0
3,0,8,1,0.125,1,0,0
3,1,8,1,0.125,1,0,0
3,2,8,3,0.375,1,0,0
3,3,8,1,0.125,1,0,0
3,4,8,0,0.0,1,0,0
3,5,8,1,0.125,1,0,0
3,6,8,2,0.25,1,0,0
3,7,8,1,0.125,1,0,0
3,8,8,3,0.375,1,0,0
3,9,8,1,0.125,1,0,0
3,10,8,1,0.125,1,0,0
3,11,8,1,0.125,1,0,0
3,12,8,3,0.375,1,0,0
3,13,8,4,0.5,1,0,0
3,14,8,0,0.0,1,0,0
3,15,8,4,0.5,1,0,0
3,16,8,4,0.5,1,0,0
3,17,8,2,0.25,1,0,0
3,18,8,4,0.5,1,0,0
3,19,8,2,0.25,1,0,0
3,20,8,1,0.125,1,0,0
3,21,8,0,0.0,1,0,0
3,22,8,1,0.125,1,0,0
3,23,8,1,0.125,1,0,0
3,24,8,3,0.375,1,0,0
3,25,8,2,0.25,1,0,0
3,26,8,3,0.375,1,0,0
3,27,8,3,0.375,1,0,0
3,28,8,1,0.125,1,0,0
3,29,8,3,0.375,1,0,0
3,30,8,0,0.0,1,0,0
3,31,8,1,0.125,1,0,0
3,32,8,2,0.25,1,0,0
3,33,8,2,0.25,1,0,0
3,34,8,1,0.125,1,0,0
3,35,8,1,0.125,1,0,0
3,36,8,2,0.25,1,0,0
3,37,8,1,0.125,1,0,0
3,38,8,1,0.125,1,0,0
3,39,8,0,0.0,1,0,0
3,40,8,5,0.625,1,0,0
3,41,8,0,0.0,1,0,0
3,42,8,5,0.625,1,0,0
3,43,8,3,0.375,1,0,0
3,44,8,3,0.375,1,0,0
3,45,8,1,0.125,1,0,0
3,46,8,2,0.25,1,0,0
3,47,8,1,0.125,1,0,0
3,48,8,1,0.125,1,0,0
3,49,8,3,0.375,1,0,0
3,50,8,3,0.375,1,0,0
3,51,8,4,0.5,1,0,0
3,52,8,3,0.375,1,0,0
3,53,8,1,0.125,1,0,0
3,54,8,3,0.375,1,0,0
3,55,8,0,0.0,1,0,0
3,56,8,2,0.25,1,0,0
3,57,8,3,0.375,1,0,0
3,58,8,2,0.25,1,0,0
3,59,8,3,0.375,1,0,0
3,60,8,5,0.625,1,0,0
3,61,8,1,0.125,1,0,0
3,62,8,5,0.625,1,0,0
3,63,8,1,0.125,1,0,0
3,64,8,2,0.25,1,0,0
3,65,8,3,0.375,1,0,0
3,66,8,1,0.125,1,0,0
3,67,8,1,0.125,1,0,0
3,68,8,1,0.125,1,0,0
3,69,8,1,0.125,1,0,0
3,70,8,3,0.375,1,0,0
3,71,8,2,0.25,1,0,0
3,72,8,2,0.25,1,0,0
3,73,8,3,0.375,1,0,0
3,74,8,1,0.125,1,0,0
3,75,8,1,0.125,1,0,0
3,76,8,1,0.125,1,0,0
3,77,8,1,0.125,1,0,0
3,78,8,3,0.375,1,0,0
3,79,8,1,0.125,1,0,0
3,80,8,2,0.25,1,0,0
3,81,8,0,0.0,1,0,0
3,82,8,2,0.25,1,0,0
3,83,8,0,0.0,1,0,0
3,84,8,1,0.125,1,0,0
3,85,8,3,0.375,1,0,0
3,86,8,2,0.25,1,0,0
3,87,8,1,0.125,1,0,0
3,88,8,1,0.125,1,0,0
3,89,8,3,0.375,1,0,0
3,90,8,2,0.25,1,0,0
3,91,8,2,0.25,1,0,0
3,92,8,1,0.125,1,0,0
3,93,8,3,0.375,1,0,0
3,94,8,4,0.5,1,0,0
3,95,8,2,0.25,1,0,0
3,96,8,3,0.375,1,0,0
3,97,8,0,0.0,1,0,0
3,98,8,3,0.375,1,0,0
3,99,8,1,0.125,1,0,0
4,0,8,1,0.125,1,0,0
4,1,8,3,0.375,1,0,0
4,2,8,0,0.0,1,0,0
4,3,8,2,0.25,1,0,0
4,4,8,1,0.125,1,0,0
4,5,8,0,0.0,1,0,0
4,6,8,2,0.25,1,0,0
4,7,8,1,0.125,1,0,0
4,8,8,0,0.0,1,0,0
4,9,8,3,0.375,1,0,0
4,10,8,1,0.125,1,0,0
4,11,8,4,0.5,1,0,0
4,12,8,2,0.25,1,0,0
4,13,8,2,0.25,1,0,0
4,14,8,1,0.125,1,0,0
4,15,8,1,0.125,1,0,0
4,16,8,2,0.25,1,0,0
4,17,8,3,0.375,1,0,0
4,18,8,3,0.375,1,0,0
4,19,8,2,0.25,1,0,0
4,20,8,2,0.25,1,0,0
4,21,8,2,0.25,1,0,0
4,22,8,6,0.75,1,0,0
4,23,8,2,0.25,1,0,0
4,24,8,3,0.375,1,0,0
4,25,8,5,0.625,1,0,0
4,26,8,3,0.375,1,0,0
4,27,8,1,0.125,1,0,0
4,28,8,1,0.125,1,0,0
4,29,8,2,0.25,1,0,0
4,30,8,1,0.125,1,0,0
4,31,8,4,0.5,1,0,0
4,32,8,3,0.375,1,0,0
4,33,8,1,0.125,1,0,0
4,34,8,1,0.125,1,0,0
4,35,8,1,0.125,1,0,0
4,36,8,4,0.5,1,0,0
4,37,8,3,0.375,1,0,0
4,38,8,3,0.375,1,0,0
4,39,8,4,0.5,1,0,0
4,40,8,1,0.125,1,0,0
4,41,8,2,0.25,1,0,0
4,42,8,2,0.25,1,0,0
4,43,8,4,0.5,1,0,0
4,44,8,3,0.375,1,0,0
4,45,8,2,0.25,1,0,0
4,46,8,2,0.25,1,0,0
4,47,8,5,0.625,1,0,0
4,48,8,3,0.375,1,0,0
4,49,8,2,0.25,1,0,0
4,50,8,0,0.0,1,0,0
4,51,8,2,0.25,1,0,0
4,52,8,1,0.125,1,0,0
4,53,8,3,0.375,1,0,0
4,54,8,3,0.375,1,0,0
4,55,8,3,0.375,1,0,0
4,56,8,1,0.125,1,0,0
4,57,8,1,0.125,1,0,0
4,58,8,3,0.375,1,0,0
4,59,8,2,0.25,1,0,0
4,60,8,1,0.125,1,0,0
4,61,8,5,0.625,1,0,0
4,62,8,1,0.125,1,0,0
4,63,8,0,0.0,1,0,0
4,64,8,1,0.125,1,0,0
4,65,8,1,0.125,1,0,0
4,66,8,1,0.125,1,0,0
4,67,8,2,0.25,1,0,0
4,68,8,2,0.25,1,0,0
4,69,8,2,0.25,1,0,0
4,70,8,2,0.25,1,0,0
4,71,8,2,0.25,1,0,0
4,72,8,2,0.25,1,0,0
4,73,8,3,0.375,1,0,0
4,74,8,0,0.0,1,0,0
4,75,8,4,0.5,1,0,0
4,76,8,3,0.375,1,0,0
4,77,8,1,0.125,1,0,0
4,78,8,3,0.375,1,0,0
4,79,8,2,0.25,1,0,0
4,80,8,1,0.125,1,0,0
4,81,8,2,0.25,1,0,0
4,82,8,2,0.25,1,0,0
4,83,8,3,0.375,1,0,0
4,84,8,2,0.25,1,0,0
4,85,8,1,0.125,1,0,0
4,86,8,0,0.0,1,0,0
4,87,8,2,0.25,1,0,0
4,88,8,3,0.375,1,0,0
4,89,8,2,0.25,1,0,0
4,90,8,1,0.125,1,0,0
4,91,8,3,0.375,1,0,0
4,92,8,4,0.5,1,0,0
4,93,8,0,0.0,1,0,0
4,94,8,0,0.0,1,0,0
4,95,8,2,0.25,1,0,0
4,96,8,1,0.125,1,0,0
4,97,8,2,0.25,1,0,0
4,98,8,4,0.5,1,0,0
4,99,8,2,0.25,1,0,0
5,0,8,2,0.25,1,0,0
5,1,8,2,0.25,1,0,0
5,2,8,2,0.25,1,0,0
5,3,8,3,0.375,1,0,0
5,4,8,4,0.5,1,0,0
5,5,8,2,0.25,1,0,0
5,6,8,2,0.25,1,0,0
5,7,8,3,0.375,1,0,0
5,8,8,1,0.125,1,0,0
5,9,8,0,0.0,1,0,0
5,10,8,1,0.125,1,0,0
5,11,8,3,0.375,1,0,0
5,12,8,2,0.25,1,0,0
5,13,8,1,0.125,1,0,0
5,14,8,3,0.375,1,0,0
5,15,8,0,0.0,1,0,0
5,16,8,0,0.0,1,0,0
5,17,8,2,0.25,1,0,0
5,18,8,4,0.5,1,0,0
5,19,8,1,0.125,1,0,0
5,20,8,2,0.25,1,0,0
5,21,8,3,0.375,1,0,0
5,22,8,3,0.375,1,0,0
5,23,8,3,0.375,1,0,0
5,24,8,2,0.25,1,0,0
5,25,8,2,0.25,1,0,0
5,26,8,2,0.25,1,0,0
5,27,8,2,0.25,1,0,0
5,28,8,3,0.375,1,0,0
5,29,8,3,0.375,1,0,0
5,30,8,1,0.125,1,0,0
5,31,8,2,0.25,1,0,0
5,32,8,3,0.375,1,0,0
5,33,8,1,0.125,1,0,0
5,34,8,1,0.125,1,0,0
5,35,8,0,0.0,1,0,0
5,36,8,1,0.125,1,0,0
5,37,8,1,0.125,1,0,0
5,38,8,2,0.25,1,0,0
5,39,8,3,0.375,1,0,0
5,40,8,2,0.25,1,0,0
5,41,8,5,0.625,1,0,0
5,42,8,2,0.25,1,0,0
5,43,8,2,0.25,1,0,0
5,44,8,3,0.375,1,0,0
5,45,8,1,0.125,1,0,0
5,46,8,2,0.25,1,0,0
5,47,8,1,0.125,1,0,0
5,48,8,2,0.25,1,0,0
5,49,8,4,0.5,1,0,0
5,50,8,1,0.125,1,0,0
5,51,8,3,0.375,1,0,0
5,52,8,1,0.125,1,0,0
5,53,8,1,0.125,1,0,0
5,54,8,2,0.25,1,0,0
5,55,8,2,0.25,1,0,0
5,56,8,1,0.125,1,0,0
5,57,8,0,0.0,1,0,0
5,58,8,1,0.125,1,0,0
5,59,8,3,0.375,1,0,0
5,60,8,2,0.25,1,0,0
5,61,8,0,0.0,1,0,0
5,62,8,2,0.25,1,0,0
5,63,8,1,0.125,1,0,0
5,64,8,4,0.5,1,0,0
5,65,8,3,0.375,1,0,0
5,66,8,3,0.375,1,0,0
5,67,8,2,0.25,1,0,0
5,68,8,0,0.0,1,0,0
5,69,8,1,0.125,1,0,0
5,70,8,1,0.125,1,0,0
5,71,8,3,0.375,1,0,0
5,72,8,0,0.0,1,0,0
5,73,8,1,0.125,1,0,0
5,74,8,2,0.25,1,0,0
5,75,8,1,0.125,1,0,0
5,76,8,2,0.25,1,0,0
5,77,8,2,0.25,1,0,0
5,78,8,3,0.375,1,0,0
5,79,8,3,0.375,1,0,0
5,80,8,2,0.25,1,0,0
5,81,8,4,0.5,1,0,0
5,82,8,3,0.375,1,0,0
5,83,8,2,0.25,1,0,0
5,84,8,0,0.0,1,0,0
5,85,8,0,0.0,1,0,0
5,86,8,3,0.375,1,0,0
5,87,8,2,0.25,1,0,0
5,88,8,1,0.125,1,0,0
5,89,8,1,0.125,1,0,0
5,90,8,2,0.25,1,0,0
5,91,8,1,0.125,1,0,0
5,92,8,0,0.0,1,0,0
5,93,8,1,0.125,1,0,0
5,94,8,3,0.375,1,0,0
5,95,8,1,0.125,1,0,0
5,96,8,2,0.25,1,0,0
5,97,8,3,0.375,1,0,0
5,98,8,0,0.0,1,0,0
5,99,8,3,0.375,1,0,0
6,0,8,2,0.25,1,0,0
6,1,8,3,0.375,1,0,0
6,2,8,0,0.0,1,0,0
6,3,8,2,0.25,1,0,0
6,4,8,3,0.375,1,0,0
6,5,8,2,0.25,1,0,0
6,6,8,2,0.25,1,0,0
6,7,8,1,0.125,1,0,0
6,8,8,0,0.0,1,0,0
6,9,8,2,0.25,1,0,0
6,10,8,2,0.25,1,0,0
6,11,8,1,0.125,1,0,0
6,12,8,2,0.25,1,0,0
6,13,8,3,0.375,1,0,0
6,14,8,1,0.125,1,0,0
6,15,8,3,0.375,1,0,0
6,16,8,5,0.625,1,0,0
6,17,8,2,0.25,1,0,0
6,18,8,1,0.125,1,0,0
6,19,8,1,0.125,1,0,0
6,20,8,1,0.125,1,0,0
6,21,8,1,0.125,1,0,0
6,22,8,3,0.375,1,0,0
6,23,8,3,0.375,1,0,0
6,24,8,1,0.125,1,0,0
6,25,8,1,0.125,1,0,0
6,26,8,5,0.625,1,0,0
6,27,8,1,0.125,1,0,0
6,28,8,2,0.25,1,0,0
6,29,8,3,0.375,1,0,0
6,30,8,1,0.125,1,0,0
6,31,8,3,0.375,1,0,0
6,32,8,1,0.125,1,0,0
6,33,8,2,0.25,1,0,0
6,34,8,4,0.5,1,0,0
6,35,8,1,0.125,1,0,0
6,36,8,1,0.125,1,0,0
6,37,8,2,0.25,1,0,0
6,38,8,4,0.5,1,0,0
6,39,8,0,0.0,1,0,0
6,40,8,1,0.125,1,0,0
6,41,8,1,0.125,1,0,0
6,42,8,0,0.0,1,0,0
6,43,8,4,0.5,1,0,0
6,44,8,2,0.25,1,0,0
6,45,8,1,0.125,1,0,0
6,46,8,3,0.375,1,0,0
6,47,8,3,0.375,1,0,0
6,48,8,3,0.375,1,0,0
6,49,8,1,0.125,1,0,0
6,50,8,4,0.5,1,0,0
6,51,8,1,0.125,1,0,0
6,52,8,2,0.25,1,0,0
6,53,8,0,0.0,1,0,0
6,54,8,2,0.25,1,0,0
6,55,8,4,0.5,1,0,0
6,56,8,1,0.125,1,0,0
6,57,8,3,0.375,1,0,0
6,58,8,2,0.25,1,0,0
6,59,8,2,0.25,1,0,0
6,60,8,4,0.5,1,0,0
6,61,8,2,0.25,1,0,0
6,62,8,2,0.25,1,0,0
6,63,8,2,0.25,1,0,0
6,64,8,2,0.25,1,0,0
6,65,8,4,0.5,1,0,0
6,66,8,2,0.25,1,0,0
6,67,8,2,0.25,1,0,0
6,68,8,1,0.125,1,0,0
6,69,8,1,0.125,1,0,0
6,70,8,0,0.0,1,0,0
6,71,8,2,0.25,1,0,0
6,72,8,3,0.375,1,0,0
6,73,8,1,0.125,1,0,0
6,74,8,2,0.25,1,0,0
6,75,8,1,0.125,1,0,0
6,76,8,1,0.125,1,0,0
6,77,8,4,0.5,1,0,0
6,78,8,0,0.0,1,0,0
6,79,8,2,0.25,1,0,0
6,80,8,3,0.375,1,0,0
6,81,8,5,0.625,1,0,0
6,82,8,2,0.25,1,0,0
6,83,8,3,0.375,1,0,0
6,84,8,2,0.25,1,0,0
6,85,8,3,0.375,1,0,0
6,86,8,1,0.125,1,0,0
6,87,8,1,0.125,1,0,0
6,88,8,3,0.375,1,0,0
6,89,8,3,0.375,1,0,0
6,90,8,1,0.125,1,0,0
6,91,8,3,0.375,1,0,0
6,92,8,1,0.125,1,0,0
6,93,8,3,0.375,1,0,0
6,94,8,1,0.125,1,0,0
6,95,8,2,0.25,1,0,0
6,96,8,2,0.25,1,0,0
6,97,8,2,0.25,1,0,0
6,98,8,3,0.375,1,0,0
6,99,8,2,0.25,1,0,0
7,0,8,4,0.5,1,0,0
7,1,8,2,0.25,1,0,0
7,2,8,2,0.25,1,0,0
7,3,8,1,0.125,1,0,0
7,4,8,3,0.375,1,0,0
7,5,8,3,0.375,1,0,0
7,6,8,1,0.125,1,0,0
7,7,8,3,0.375,1,0,0
7,8,8,4,0.5,1,0,0
7,9,8,3,0.375,1,0,0
7,10,8,2,0.25,1,0,0
7,11,8,3,0.375,1,0,0
7,12,8,1,0.125,1,0,0
7,13,8,1,0.125,1,0,0
7,14,8,1,0.125,1,0,0
7,15,8,1,0.125,1,0,0
7,16,8,1,0.125,1,0,0
7,17,8,4,0.5,1,0,0
7,18,8,1,0.125,1,0,0
7,19,8,1,0.125,1,0,0
7,20,8,3,0.375,1,0,0
7,21,8,1,0.125,1,0,0
7,22,8,3,0.375,1,0,0
7,23,8,1,0.125,1,0,0
7,24,8,5,0.625,1,0,0
7,25,8,1,0.125,1,0,0
7,26,8,2,0.25,1,0,0
7,27,8,1,0.125,1,0,0
7,28,8,1,0.125,1,0,0
7,29,8,1,0.125,1,0,0
7,30,8,2,0.25,1,0,0
7,31,8,2,0.25,1,0,0
7,32,8,4,0.5,1,0,0
7,33,8,0,0.0,1,0,0
7,34,8,2,0.25,1,0,0
7,35,8,1,0.125,1,0,0
7,36,8,3,0.375,1,0,0
7,37,8,0,0.0,1,0,0
7,38,8,1,0.125,1,0,0
7,39,8,1,0.125,1,0,0
7,40,8,0,0.0,1,0,0
7,41,8,2,0.25,1,0,0
7,42,8,2,0.25,1,0,0
7,43,8,3,0.375,1,0,0
7,44,8,2,0.25,1,0,0
7,45,8,1,0.125,1,0,0
7,46,8,2,0.25,1,0,0
7,47,8,0,0.0,1,0,0
7,48,8,2,0.25,1,0,0
7,49,8,2,0.25,1,0,0
7,50,8,2,0.25,1,0,0
7,51,8,1,0.125,1,0,0
7,52,8,3,0.375,1,0,0
7,53,8,1,0.125,1,0,0
7,54,8,0,0.0,1,0,0
7,55,8,2,0.25,1,0,0
7,56,8,2,0.25,1,0,0
7,57,8,3,0.375,1,0,0
7,58,8,0,0.0,1,0,0
7,59,8,3,0.375,1,0,0
7,60,8,1,0.125,1,0,0
7,61,8,2,0.25,1,0,0
7,62,8,2,0.25,1,0,0
7,63,8,2,0.25,1,0,0
7,64,8,1,0.125,1,0,0
7,65,8,4,0.5,1,0,0
7,66,8,4,0.5,1,0,0
7,67,8,2,0.25,1,0,0
7,68,8,2,0.25,1,0,0
7,69,8,2,0.25,1,0,0
7,70,8,3,0.375,1,0,0
7,71,8,3,0.375,1,0,0
7,72,8,2,0.25,1,0,0
7,73,8,3,0.375,1,0,0
7,74,8,1,0.125,1,0,0
7,75,8,1,0.125,1,0,0
7,76,8,2,0.25,1,0,0
7,77,8,2,0.25,1,0,0
7,78,8,2,0.25,1,0,0
7,79,8,1,0.125,1,0,0
7,80,8,1,0.125,1,0,0
7,81,8,0,0.0,1,0,0
7,82,8,0,0.0,1,0,0
7,83,8,1,0.125,1,0,0
7,84,8,3,0.375,1,0,0
7,85,8,2,0.25,1,0,0
7,86,8,3,0.375,1,0,0
7,87,8,1,0.125,1,0,0
7,88,8,3,0.375,1,0,0
7,89,8,2,0.25,1,0,0
7,90,8,4,0.5,1,0,0
7,91,8,3,0.375,1,0,0
7,92,8,1,0.125,1,0,0
7,93,8,1,0.125,1,0,0
7,94,8,3,0.375,1,0,0
7,95,8,1,0.125,1,0,0
7,96,8,2,0.25,1,0,0
7,97,8,2,0.25,1,0,0
7,98,8,2,0.25,1,0,0
7,99,8,1,0.125,1,0,0
8,0,8,2,0.25,1,0,0
8,1,8,2,0.25,1,0,0
8,2,8,1,0.125,1,0,0
8,3,8,3,0.375,1,0,0
8,4,8,3,0.375,1,0,0
8,5,8,4,0.5,1,0,0
8,6,8,5,0.625,1,0,0
8,7,8,1,0.125,1,0,0
8,8,8,2,0.25,1,0,0
8,9,8,1,0.125,1,0,0
8,10,8,1,0.125,1,0,0
8,11,8,4,0.5,1,0,0
8,12,8,4,0.5,1,0,0
8,13,8,0,0.0,1,0,0
8,14,8,3,0.375,1,0,0
8,15,8,2,0.25,1,0,0
8,16,8,2,0.25,1,0,0
8,17,8,2,0.25,1,0,0
8,18,8,1,0.125,1,0,0
8,19,8,2,0.25,1,0,0
8,20,8,3,0.375,1,0,0
8,21,8,3,0.375,1,0,0
8,22,8,3,0.375,1,0,0
8,23,8,3,0.375,1,0,0
8,24,8,1,0.125,1,0,0
8,25,8,1,0.125,1,0,0
8,26,8,2,0.25,1,0,0
8,27,8,3,0.375,1,0,0
8,28,8,2,0.25,1,0,0
8,29,8,1,0.125,1,0,0
8,30,8,6,0.75,1,0,0
8,31,8,3,0.375,1,0,0
8,32,8,3,0.375,1,0,0
8,33,8,2,0.25,1,0,0
8,34,8,2,0.25,1,0,0
8,35,8,1,0.125,1,0,0
8,36,8,3,0.375,1,0,0
8,37,8,2,0.25,1,0,0
8,38,8,4,0.5,1,0,0
8,39,8,1,0.125,1,0,0
8,40,8,3,0.375,1,0,0
8,41,8,3,0.375,1,0,0
8,42,8,1,0.125,1,0,0
8,43,8,2,0.25,1,0,0
8,44,8,3,0.375,1,0,0
8,45,8,1,0.125,1,0,0
8,46,8,2,0.25,1,0,0
8,47,8,4,0.5,1,0,0
8,48,8,4,0.5,1,0,0
8,49,8,3,0.375,1,0,0
8,50,8,3,0.375,1,0,0
8,51,8,1,0.125,1,0,0
8,52,8,2,0.25,1,0,0
8,53,8,3,0.375,1,0,0
8,54,8,2,0.25,1,0,0
8,55,8,0,0.0,1,0,0
8,56,8,3,0.375,1,0,0
8,57,8,2,0.25,1,0,0
8,58,8,2,0.25,1,0,0
8,59,8,3,0.375,1,0,0
8,60,8,2,0.25,1,0,0
8,61,8,1,0.125,1,0,0
8,62,8,1,0.125,1,0,0
8,63,8,1,0.125,1,0,0
8,64,8,1,0.125,1,0,0
8,65,8,3,0.375,1,0,0
8,66,8,0,0.0,1,0,0
8,67,8,2,0.25,1,0,0
8,68,8,2,0.25,1,0,0
8,69,8,3,0.375,1,0,0
8,70,8,2,0.25,1,0,0
8,71,8,2,0.25,1,0,0
8,72,8,0,0.0,1,0,0
8,73,8,2,0.25,1,0,0
8,74,8,3,0.375,1,0,0
8,75,8,2,0.25,1,0,0
8,76,8,4,0.5,1,0,0
8,77,8,1,0.125,1,0,0
8,78,8,2,0.25,1,0,0
8,79,8,3,0.375,1,0,0
8,80,8,2,0.25,1,0,0
8,81,8,0,0.0,1,0,0
8,82,8,3,0.375,1,0,0
8,83,8,5,0.625,1,0,0
8,84,8,1,0.125,1,0,0
8,85,8,2,0.25,1,0,0
8,86,8,5,0.625,1,0,0
8,87,8,1,0.125,1,0,0
8,88,8,2,0.25,1,0,0
8,89,8,2,0.25,1,0,0
8,90,8,1,0.125,1,0,0
8,91,8,1,0.125,1,0,0
8,92,8,5,0.625,1,0,0
8,93,8,2,0.25,1,0,0
8,94,8,2,0.25,1,0,0
8,95,8,1,0.125,1,0,0
8,96,8,1,0.125,1,0,0
8,97,8,4,0.5,1,0,0
8,98,8,1,0.125,1,0,0
8,99,8,1,0.125,1,0,0
9,0,8,5,0.625,1,0,0
9,1,8,1,0.125,1,0,0
9,2,8,3,0.375,1,0,0
9,3,8,1,0.125,1,0,0
9,4,8,2,0.25,1,0,0
9,5,8,3,0.375,1,0,0
9,6,8,3,0.375,1,0,0
9,7,8,1,0.125,1,0,0
9,8,8,5,0.625,1,0,0
9,9,8,2,0.25,1,0,0
9,10,8,1,0.125,1,0,0
9,11,8,1,0.125,1,0,0
9,12,8,5,0.625,1,0,0
9,13,8,1,0.125,1,0,0
9,14,8,1,0.125,1,0,0
9,15,8,4,0.5,1,0,0
9,16,8,3,0.375,1,0,0
9,17,8,1,0.125,1,0,0
9,18,8,0,0.0,1,0,0
9,19,8,2,0.25,1,0,0
9,20,8,2,0.25,1,0,0
9,21,8,2,0.25,1,0,0
9,22,8,1,0.125,1,0,0
9,23,8,1,0.125,1,0,0
9,24,8,1,0.125,1,0,0
9,25,8,1,0.125,1,0,0
9,26,8,0,0.0,1,0,0
9,27,8,3,0.375,1,0,0
9,28,8,1,0.125,1,0,0
9,29,8,0,0.0,1,0,0
9,30,8,3,0.375,1,0,0
9,31,8,2,0.25,1,0,0
9,32,8,2,0.25,1,0,0
9,33,8,1,0.125,1,0,0
9,34,8,3,0.375,1,0,0
9,35,8,2,0.25,1,0,0
9,36,8,1,0.125,1,0,0
9,37,8,3,0.375,1,0,0
9,38,8,2,0.25,1,0,0
9,39,8,4,0.5,1,0,0
9,40,8,4,0.5,1,0,0
9,41,8,0,0.0,1,0,0
9,42,8,2,0.25,1,0,0
9,43,8,2,0.25,1,0,0
9,44,8,3,0.375,1,0,0
9,45,8,0,0.0,1,0,0
9,46,8,2,0.25,1,0,0
9,47,8,2,0.25,1,0,0
9,48,8,3,0.375,1,0,0
9,49,8,2,0.25,1,0,0
9,50,8,3,0.375,1,0,0
9,51,8,3,0.375,1,0,0
9,52,8,2,0.25,1,0,0
9,53,8,2,0.25,1,0,0
9,54,8,3,0.375,1,0,0
9,55,8,4,0.5,1,0,0
9,56,8,3,0.375,1,0,0
9,57,8,1,0.125,1,0,0
9,58,8,1,0.125,1,0,0
9,59,8,0,0.0,1,0,0
9,60,8,3,0.375,1,0,0
9,61,8,1,0.125,1,0,0
9,62,8,2,0.25,1,0,0
9,63,8,2,0.25,1,0,0
9,64,8,3,0.375,1,0,0
9,65,8,3,0.375,1,0,0
9,66,8,4,0.5,1,0,0
9,67,8,3,0.375,1,0,0
9,68,8,2,0.25,1,0,0
9,69,8,4,0.5,1,0,0
9,70,8,2,0.25,1,0,0
9,71,8,5,0.625,1,0,0
9,72,8,1,0.125,1,0,0
9,73,8,2,0.25,1,0,0
9,74,8,3,0.375,1,0,0
9,75,8,3,0.375,1,0,0
9,76,8,0,0.0,1,0,0
9,77,8,3,0.375,1,0,0
9,78,8,4,0.5,1,0,0
9,79,8,1,0.125,1,0,0
9,80,8,2,0.25,1,0,0
9,81,8,1,0.125,1,0,0
9,82,8,0,0.0,1,0,0
9,83,8,3,0.375,1,0,0
9,84,8,2,0.25,1,0,0
9,85,8,2,0.25,1,0,0
9,86,8,0,0.0,1,0,0
9,87,8,5,0.625,1,0,0
9,88,8,3,0.375,1,0,0
9,89,8,0,0.0,1,0,0
9,90,8,1,0.125,1,0,0
9,91,8,4,0.5,1,0,0
9,92,8,0,0.0,1,0,0
9,93,8,3,0.375,1,0,0
9,94,8,2,0.25,1,0,0
9,95,8,2,0.25,1,0,0
9,96,8,2,0.25,1,0,0
9,97,8,1,0.125,1,0,0
9,98,8,3,0.375,1,0,0
9,99,8,3,0.375,1,0,0
10,0,8,1,0.125,1,0,0
10,1,8,2,0.25,1,0,0
10,2,8,2,0.25,1,0,0
10,3,8,2,0.25,1,0,0
10,4,8,2,0.25,1,0,0
10,5,8,3,0.375,1,0,0
10,6,8,3,0.375,1,0,0
10,7,8,1,0.125,1,0,0
10,8,8,2,0.25,1,0,0
10,9,8,3,0.375,1,0,0
10,10,8,1,0.125,1,0,0
10,11,8,2,0.25,1,0,0
10,12,8,2,0.25,1,0,0
10,13,8,2,0.25,1,0,0
10,14,8,3,0.375,1,0,0
10,15,8,2,0.25,1,0,0
10,16,8,0,0.0,1,0,0
10,17,8,2,0.25,1,0,0
10,18,8,4,0.5,1,0,0
10,19,8,1,0.125,1,0,0
10,20,8,2,0.25,1,0,0
10,21,8,3,0.375,1,0,0
10,22,8,4,0.5,1,0,0
10,23,8,2,0.25,1,0,0
10,24,8,0,0.0,1,0,0
10,25,8,4,0.5,1,0,0
10,26,8,0,0.0,1,0,0
10,27,8,3,0.375,1,0,0
10,28,8,3,0.375,1,0,0
10,29,8,2,0.25,1,0,0
10,30,8,3,0.375,1,0,0
10,31,8,1,0.125,1,0,0
10,32,8,4,0.5,1,0,0
10,33,8,3,0.375,1,0,0
10,34,8,3,0.375,1,0,0
10,35,8,0,0.0,1,0,0
10,36,8,2,0.25,1,0,0
10,37,8,3,0.375,1,0,0
10,38,8,2,0.25,1,0,0
10,39,8,2,0.25,1,0,0
10,40,8,1,0.125,1,0,0
10,41,8,3,0.375,1,0,0
10,42,8,1,0.125,1,0,0
10,43,8,0,0.0,1,0,0
10,44,8,3,0.375,1,0,0
10,45,8,1,0.125,1,0,0
10,46,8,2,0.25,1,0,0
10,47,8,3,0.375,1,0,0
10,48,8,4,0.5,1,0,0
10,49,8,1,0.125,1,0,0
10,50,8,2,0.25,1,0,0
10,51,8,2,0.25,1,0,0
10,52,8,1,0.125,1,0,0
10,53,8,2,0.25,1,0,0
10,54,8,2,0.25,1,0,0
10,55,8,1,0.125,1,0,0
10,56,8,2,0.25,1,0,0
10,57,8,1,0.125,1,0,0
10,58,8,1,0.125,1,0,0
10,59,8,3,0.375,1,0,0
10,60,8,4,0.5,1,0,0
10,61,8,2,0.25,1,0,0
10,62,8,1,0.125,1,0,0
10,63,8,3,0.375,1,0,0
10,64,8,4,0.5,1,0,0
10,65,8,3,0.375,1,0,0
10,66,8,1,0.125,1,0,0
10,67,8,3,0.375,1,0,0
10,68,8,4,0.5,1,0,0
10,69,8,3,0.375,1,0,0
10,70,8,1,0.125,1,0,0
10,71,8,2,0.25,1,0,0
10,72,8,1,0.125,1,0,0
10,73,8,2,0.25,1,0,0
10,74,8,1,0.125,1,0,0
10,75,8,5,0.625,1,0,0
10,76,8,3,0.375,1,0,0
10,77,8,1,0.125,1,0,0
10,78,8,3,0.375,1,0,0
10,79,8,3,0.375,1,0,0
10,80,8,2,0.25,1,0,0
10,81,8,0,0.0,1,0,0
10,82,8,0,0.0,1,0,0
10,83,8,4,0.5,1,0,0
10,84,8,4,0.5,1,0,0
10,85,8,3,0.375,1,0,0
10,86,8,3,0.375,1,0,0
10,87,8,1,0.125,1,0,0
10,88,8,3,0.375,1,0,0
10,89,8,4,0.5,1,0,0
10,90,8,3,0.375,1,0,0
10,91,8,3,0.375,1,0,0
10,92,8,2,0.25,1,0,0
10,93,8,1,0.125,1,0,0
10,94,8,2,0.25,1,0,0
10,95,8,2,0.25,1,0,0
10,96,8,1,0.125,1,0,0
10,97,8,3,0.375,1,0,0
10,98,8,0,0.0,1,0,0
10,99,8,0,0.0,1,0,0
11,0,8,1,0.125,1,0,0
11,1,8,2,0.25,1,0,0
11,2,8,4,0.5,1,0,0
11,3,8,5,0.625,1,0,0
11,4,8,2,0.25,1,0,0
11,5,8,2,0.25,1,0,0
11,6,8,4,0.5,1,0,0
11,7,8,2,0.25,1,0,0
11,8,8,1,0.125,1,0,0
11,9,8,2,0.25,1,0,0
11,10,8,1,0.125,1,0,0
11,11,8,3,0.375,1,0,0
11,12,8,2,0.25,1,0,0
11,13,8,3,0.375,1,0,0
11,14,8,3,0.375,1,0,0
11,15,8,2,0.25,1,0,0
11,16,8,0,0.0,1,0,0
11,17,8,2,0.25,1,0,0
11,18,8,0,0.0,1,0,0
11,19,8,5,0.625,1,0,0
11,20,8,3,0.375,1,0,0
11,21,8,2,0.25,1,0,0
11,22,8,1,0.125,1,0,0
11,23,8,2,0.25,1,0,0
11,24,8,3,0.375,1,0,0
11,25,8,1,0.125,1,0,0
11,26,8,3,0.375,1,0,0
11,27,8,4,0.5,1,0,0
11,28,8,0,0.0,1,0,0
11,29,8,2,0.25,1,0,0
11,30,8,2,0.25,1,0,0
11,31,8,4,0.5,1,0,0
11,32,8,1,0.125,1,0,0
11,33,8,2,0.25,1,0,0
11,34,8,0,0.0,1,0,0
11,35,8,4,0.5,1,0,0
11,36,8,1,0.125,1,0,0
11,37,8,4,0.5,1,0,0
11,38,8,3,0.375,1,0,0
11,39,8,3,0.375,1,0,0
11,40,8,1,0.125,1,0,0
11,41,8,1,0.125,1,0,0
11,42,8,1,0.125,1,0,0
11,43,8,3,0.375,1,0,0
11,44,8,3,0.375,1,0,0
11,45,8,2,0.25,1,0,0
11,46,8,1,0.125,1,0,0
11,47,8,0,0.0,1,0,0
11,48,8,1,0.125,1,0,0
11,49,8,5,0.625,1,0,0
11,50,8,2,0.25,1,0,0
11,51,8,3,0.375,1,0,0
11,52,8,0,0.0,1,0,0
11,53,8,2,0.25,1,0,0
11,54,8,1,0.125,1,0,0
11,55,8,1,0.125,1,0,0
11,56,8,1,0.125,1,0,0
11,57,8,2,0.25,1,0,0
11,58,8,1,0.125,1,0,0
11,59,8,2,0.25,1,0,0
11,60,8,2,0.25,1,0,0
11,61,8,3,0.375,1,0,0
11,62,8,1,0.125,1,0,0
11,63,8,2,0.25,1,0,0
11,64,8,2,0.25,1,0,0
11,65,8,1,0.125,1,0,0
11,66,8,2,0.25,1,0,0
11,67,8,2,0.25,1,0,0
11,68,8,3,0.375,1,0,0
11,69,8,2,0.25,1,0,0
11,70,8,1,0.125,1,0,0
11,71,8,1,0.125,1,0,0
11,72,8,3,0.375,1,0,0
11,73,8,1,0.125,1,0,0
11,74,8,4,0.5,1,0,0
11,75,8,1,0.125,1,0,0
11,76,8,1,0.125,1,0,0
11,77,8,2,0.25,1,0,0
11,78,8,1,0.125,1,0,0
11,79,8,2,0.25,1,0,0
11,80,8,3,0.375,1,0,0
11,81,8,1,0.125,1,0,0
11,82,8,2,0.25,1,0,0
11,83,8,4,0.5,1,0,0
11,84,8,1,0.125,1,0,0
11,85,8,3,0.375,1,0,0
11,86,8,0,0.0,1,0,0
11,87,8,0,0.0,1,0,0
11,88,8,1,0.125,1,0,0
11,89,8,2,0.25,1,0,0
11,90,8,2,0.25,1,0,0
11,91,8,4,0.5,1,0,0
11,92,8,1,0.125,1,0,0
11,93,8,1,0.125,1,0,0
11,94,8,2,0.25,1,0,0
11,95,8,1,0.125,1,0,0
11,96,8,2,0.25,1,0,0
11,97,8,2,0.25,1,0,0
11,98,8,3,0.375,1,0,0
11,99,8,1,0.125,1,0,0
12,0,8,2,0.25,1,0,0
12,1,8,2,0.25,1,0,0
12,2,8,3,0.375,1,0,0
12,3,8,2,0.25,1,0,0
12,4,8,1,0.125,1,0,0
12,5,8,4,0.5,1,0,0
12,6,8,0,0.0,1,0,0
12,7,8,2,0.25,1,0,0
12,8,8,4,0.5,1,0,0
12,9,8,2,0.25,1,0,0
12,10,8,0,0.0,1,0,0
12,11,8,3,0.375,1,0,0
12,12,8,3,0.375,1,0,0
12,13,8,3,0.375,1,0,0
12,14,8,3,0.375,1,0,0
12,15,8,2,0.25,1,0,0
12,16,8,0,0.0,1,0,0
12,17,8,3,0.375,1,0,0
12,18,8,2,0.25,1,0,0
12,19,8,2,0.25,1,0,0
12,20,8,2,0.25,1,0,0
12,21,8,2,0.25,1,0,0
12,22,8,2,0.25,1,0,0
12,23,8,2,0.25,1,0,0
12,24,8,3,0.375,1,0,0
12,25,8,2,0.25,1,0,0
12,26,8,3,0.375,1,0,0
12,27,8,2,0.25,1,0,0
12,28,8,3,0.375,1,0,0
12,29,8,1,0.125,1,0,0
12,30,8,2,0.25,1,0,0
12,31,8,3,0.375,1,0,0
12,32,8,2,0.25,1,0,0
12,33,8,1,0.125,1,0,0
12,34,8,2,0.25,1,0,0
12,35,8,2,0.25,1,0,0
12,36,8,3,0.375,1,0,0
12,37,8,2,0.25,1,0,0
12,38,8,3,0.375,1,0,0
12,39,8,2,0.25,1,0,0
12,40,8,1,0.125,1,0,0
12,41,8,5,0.625,1,0,0
12,42,8,0,0.0,1,0,0
12,43,8,2,0.25,1,0,0
12,44,8,0,0.0,1,0,0
12,45,8,2,0.25,1,0,0
12,46,8,3,0.375,1,0,0
12,47,8,1,0.125,1,0,0
12,48,8,2,0.25,1,0,0
12,49,8,1,0.125,1,0,0
12,50,8,2,0.25,1,0,0
12,51,8,3,0.375,1,0,0
12,52,8,1,0.125,1,0,0
12,53,8,2,0.25,1,0,0
12,54,8,5,0.625,1,0,0
12,55,8,2,0.25,1,0,0
12,56,8,0,0.0,1,0,0
12,57,8,1,0.125,1,0,0
12,58,8,2,0.25,1,0,0
12,59,8,2,0.25,1,0,0
12,60,8,2,0.25,1,0,0
12,61,8,5,0.625,1,0,0
12,62,8,1,0.125,1,0,0
12,63,8,3,0.375,1,0,0
12,64,8,0,0.0,1,0,0
12,65,8,4,0.5,1,0,0
12,66,8,1,0.125,1,0,0
12,67,8,2,0.25,1,0,0
12,68,8,2,0.25,1,0,0
12,69,8,0,0.0,1,0,0
12,70,8,0,0.0,1,0,0
12,71,8,2,0.25,1,0,0
12,72,8,2,0.25,1,0,0
12,73,8,1,0.125,1,0,0
12,74,8,2,0.25,1,0,0
12,75,8,4,0.5,1,0,0
12,76,8,3,0.375,1,0,0
12,77,8,2,0.25,1,0,0
12,78,8,2,0.25,1,0,0
12,79,8,4,0.5,1,0,0
12,80,8,3,0.375,1,0,0
12,81,8,3,0.375,1,0,0
12,82,8,3,0.375,1,0,0
12,83,8,0,0.0,1,0,0
12,84,8,3,0.375,1,0,0
12,85,8,2,0.25,1,0,0
12,86,8,3,0.375,1,0,0
12,87,8,1,0.125,1,0,0
12,88,8,3,0.375,1,0,0
12,89,8,1,0.125,1,0,0
12,90,8,3,0.375,1,0,0
12,91,8,4,0.5,1,0,0
12,92,8,2,0.25,1,0,0
12,93,8,2,0.25,1,0,0
12,94,8,4,0.5,1,0,0
12,95,8,2,0.25,1,0,0
12,96,8,3,0.375,1,0,0
12,97,8,0,0.0,1,0,0
12,98,8,2,0.25,1,0,0
12,99,8,3,0.375,1,0,0
13,0,8,2,0.25,1,0,0
13,1,8,2,0.25,1,0,0
13,2,8,2,0.25,1,0,0
13,3,8,2,0.25,1,0,0
13,4,8,4,0.5,1,0,0
13,5,8,4,0.5,1,0,0
13,6,8,2,0.25,1,0,0
13,7,8,3,0.375,1,0,0
13,8,8,1,0.125,1,0,0
13,9,8,0,0.0,1,0,0
13,10,8,4,0.5,1,0,0
13,11,8,3,0.375,1,0,0
13,12,8,1,0.125,1,0,0
13,13,8,3,0.375,1,0,0
13,14,8,1,0.125,1,0,0
13,15,8,3,0.375,1,0,0
13,16,8,4,0.5,1,0,0
13,17,8,3,0.375,1,0,0
13,18,8,2,0.25,1,0,0
13,19,8,2,0.25,1,0,0
13,20,8,2,0.25,1,0,0
13,21,8,1,0.125,1,0,0
13,22,8,0,0.0,1,0,0
13,23,8,2,0.25,1,0,0
13,24,8,1,0.125,1,0,0
13,25,8,1,0.125,1,0,0
13,26,8,1,0.125,1,0,0
13,27,8,1,0.125,1,0,0
13,28,8,3,0.375,1,0,0
13,29,8,2,0.25,1,0,0
13,30,8,2,0.25,1,0,0
13,31,8,1,0.125,1,0,0
13,32,8,2,0.25,1,0,0
13,33,8,2,0.25,1,0,0
13,34,8,4,0.5,1,0,0
13,35,8,1,0.125,1,0,0
13,36,8,3,0.375,1,0,0
13,37,8,3,0.375,1,0,0
13,38,8,1,0.125,1,0,0
13,39,8,1,0.125,1,0,0
13,40,8,2,0.25,1,0,0
13,41,8,1,0.125,1,0,0
13,42,8,1,0.125,1,0,0
13,43,8,2,0.25,1,0,0
13,44,8,1,0.125,1,0,0
13,45,8,1,0.125,1,0,0
13,46,8,3,0.375,1,0,0
13,47,8,6,0.75,1,0,0
13,48,8,2,0.25,1,0,0
13,49,8,2,0.25,1,0,0
13,50,8,2,0.25,1,0,0
13,51,8,2,0.25,1,0,0
13,52,8,2,0.25,1,0,0
13,53,8,1,0.125,1,0,0
13,54,8,2,0.25,1,0,0
13,55,8,1,0.125,1,0,0
13,56,8,1,0.125,1,0,0
13,57,8,1,0.125,1,0,0
13,58,8,2,0.25,1,0,0
13,59,8,0,0.0,1,0,0
13,60,8,0,0.0,1,0,0
13,61,8,0,0.0,1,0,0
13,62,8,4,0.5,1,0,0
13,63,8,0,0.0,1,0,0
13,64,8,4,0.5,1,0,0
13,65,8,1,0.125,1,0,0
13,66,8,2,0.25,1,0,0
13,67,8,2,0.25,1,0,0
13,68,8,2,0.25,1,0,0
13,69,8,3,0.375,1,0,0
13,70,8,0,0.0,1,0,0
13,71,8,2,0.25,1,0,0
13,72,8,1,0.125,1,0,0
13,73,8,3,0.375,1,0,0
13,74,8,1,0.125,1,0,0
13,75,8,2,0.25,1,0,0
13,76,8,2,0.25,1,0,0
13,77,8,0,0.0,1,0,0
13,78,8,1,0.125,1,0,0
13,79,8,1,0.125,1,0,0
13,80,8,1,0.125,1,0,0
13,81,8,3,0.375,1,0,0
13,82,8,3,0.375,1,0,0
13,83,8,2,0.25,1,0,0
13,84,8,1,0.125,1,0,0
13,85,8,3,0.375,1,0,0
13,86,8,2,0.25,1,0,0
13,87,8,5,0.625,1,0,0
13,88,8,2,0.25,1,0,0
13,89,8,1,0.125,1,0,0
13,90,8,2,0.25,1,0,0
13,91,8,3,0.375,1,0,0
13,92,8,1,0.125,1,0,0
13,93,8,3,0.375,1,0,0
13,94,8,3,0.375,1,0,0
13,95,8,1,0.125,1,0,0
13,96,8,3,0.375,1,0,0
13,97,8,4,0.5,1,0,0
13,98,8,1,0.125,1,0,0
13,99,8,0,0.0,1,0,0
14,0,8,6,0.75,1,0,0
14,1,8,2,0.25,1,0,0
14,2,8,1,0.125,1,0,0
14,3,8,3,0.375,1,0,0
14,4,8,3,0.375,1,0,0
14,5,8,2,0.25,1,0,0
14,6,8,1,0.125,1,0,0
14,7,8,2,0.25,1,0,0
14,8,8,1,0.125,1,0,0
14,9,8,3,0.375,1,0,0
14,10,8,4,0.5,1,0,0
14,11,8,0,0.0,1,0,0
14,12,8,2,0.25,1,0,0
14,13,8,2,0.25,1,0,0
14,14,8,4,0.5,1,0,0
14,15,8,0,0.0,1,0,0
14,16,8,2,0.25,1,0,0
14,17,8,1,0.125,1,0,0
14,18,8,1,0.125,1,0,0
14,19,8,2,0.25,1,0,0
14,20,8,1,0.125,1,0,0
14,21,8,1,0.125,1,0,0
14,22,8,0,0.0,1,0,0
14,23,8,1,0.125,1,0,0
14,24,8,4,0.5,1,0,0
14,25,8,2,0.25,1,0,0
14,26,8,3,0.375,1,0,0
14,27,8,1,0.125,1,0,0
14,28,8,0,0.0,1,0,0
14,29,8,1,0.125,1,0,0
14,30,8,2,0.25,1,0,0
14,31,8,2,0.25,1,0,0
14,32,8,0,0.0,1,0,0
14,33,8,1,0.125,1,0,0
14,34,8,3,0.375,1,0,0
14,35,8,4,0.5,1,0,0
14,36,8,1,0.125,1,0,0
14,37,8,3,0.375,1,0,0
14,38,8,1,0.125,1,0,0
14,39,8,2,0.25,1,0,0
14,40,8,1,0.125,1,0,0
14,41,8,2,0.25,1,0,0
14,42,8,5,0.625,1,0,0
14,43,8,4,0.5,1,0,0
14,44,8,1,0.125,1,0,0
14,45,8,4,0.5,1,0,0
14,46,8,2,0.25,1,0,0
14,47,8,1,0.125,1,0,0
14,48,8,2,0.25,1,0,0
14,49,8,2,0.25,1,0,0
14,50,8,1,0.125,1,0,0
14,51,8,2,0.25,1,0,0
14,52,8,0,0.0,1,0,0
14,53,8,1,0.125,1,0,0
14,54,8,1,0.125,1,0,0
14,55,8,2,0.25,1,0,0
14,56,8,4,0.5,1,0,0
14,57,8,3,0.375,1,0,0
14,58,8,0,0.0,1,0,0
14,59,8,1,0.125,1,0,0
14,60,8,3,0.375,1,0,0
14,61,8,1,0.125,1,0,0
14,62,8,2,0.25,1,0,0
14,63,8,3,0.375,1,0,0
14,64,8,2,0.25,1,0,0
14,65,8,0,0.0,1,0,0
14,66,8,3,0.375,1,0,0
14,67,8,2,0.25,1,0,0
14,68,8,1,0.125,1,0,0
14,69,8,1,0.125,1,0,0
14,70,8,3,0.375,1,0,0
14,71,8,5,0.625,1,0,0
14,72,8,5,0.625,1,0,0
14,73,8,3,0.375,1,0,0
14,74,8,2,0.25,1,0,0
14,75,8,5,0.625,1,0,0
14,76,8,1,0.125,1,0,0
14,77,8,2,0.25,1,0,0
14,78,8,5,0.625,1,0,0
14,79,8,3,0.375,1,0,0
14,80,8,0,0.0,1,0,0
14,81,8,2,0.25,1,0,0
14,82,8,2,0.25,1,0,0
14,83,8,1,0.125,1,0,0
14,84,8,3,0.375,1,0,0
14,85,8,1,0.125,1,0,0
14,86,8,3,0.375,1,0,0
14,87,8,3,0.375,1,0,0
14,88,8,3,0.375,1,0,0
14,89,8,2,0.25,1,0,0
14,90,8,2,0.25,1,0,0
14,91,8,4,0.5,1,0,0
14,92,8,1,0.125,1,0,0
14,93,8,0,0.0,1,0,0
14,94,8,4,0.5,1,0,0
14,95,8,2,0.25,1,0,0
14,96,8,1,0.125,1,0,0
14,97,8,2,0.25,1,0,0
14,98,8,3,0.375,1,0,0
14,99,8,3,0.375,1,0,0
15,0,8,2,0.25,1,0,0
15,1,8,1,0.125,1,0,0
15,2,8,0,0.0,1,0,0
15,3,8,1,0.125,1,0,0
15,4,8,3,0.375,1,0,0
15,5,8,3,0.375,1,0,0
15,6,8,2,0.25,1,0,0
15,7,8,1,0.125,1,0,0
15,8,8,4,0.5,1,0,0
15,9,8,4,0.5,1,0,0
15,10,8,3,0.375,1,0,0
15,11,8,1,0.125,1,0,0
15,12,8,2,0.25,1,0,0
15,13,8,1,0.125,1,0,0
15,14,8,2,0.25,1,0,0
15,15,8,2,0.25,1,0,0
15,16,8,2,0.25,1,0,0
15,17,8,3,0.375,1,0,0
15,18,8,3,0.375,1,0,0
15,19,8,3,0.375,1,0,0
15,20,8,1,0.125,1,0,0
15,21,8,2,0.25,1,0,0
15,22,8,1,0.125,1,0,0
15,23,8,3,0.375,1,0,0
15,24,8,3,0.375,1,0,0
15,25,8,3,0.375,1,0,0
15,26,8,1,0.125,1,0,0
15,27,8,3,0.375,1,0,0
15,28,8,2,0.25,1,0,0
15,29,8,5,0.625,1,0,0
15,30,8,3,0.375,1,0,0
15,31,8,0,0.0,1,0,0
15,32,8,2,0.25,1,0,0
15,33,8,0,0.0,1,0,0
15,34,8,2,0.25,1,0,0
15,35,8,3,0.375,1,0,0
15,36,8,2,0.25,1,0,0
15,37,8,2,0.25,1,0,0
15,38,8,2,0.25,1,0,0
15,39,8,2,0.25,1,0,0
15,40,8,2,0.25,1,0,0
15,41,8,2,0.25,1,0,0
15,42,8,2,0.25,1,0,0
15,43,8,1,0.125,1,0,0
15,44,8,2,0.25,1,0,0
15,45,8,1,0.125,1,0,0
15,46,8,1,0.125,1,0,0
15,47,8,2,0.25,1,0,0
15,48,8,5,0.625,1,0,0
15,49,8,4,0.5,1,0,0
15,50,8,2,0.25,1,0,0
15,51,8,2,0.25,1,0,0
15,52,8,2,0.25,1,0,0
15,53,8,0,0.0,1,0,0
15,54,8,2,0.25,1,0,0
15,55,8,2,0.25,1,0,0
15,56,8,3,0.375,1,0,0
15,57,8,0,0.0,1,0,0
15,58,8,3,0.375,1,0,0
15,59,8,2,0.25,1,0,0
15,60,8,0,0.0,1,0,0
15,61,8,2,0.25,1,0,0
15,62,8,2,0.25,1,0,0
15,63,8,4,0.5,1,0,0
15,64,8,0,0.0,1,0,0
15,65,8,2,0.25,1,0,0
15,66,8,5,0.625,1,0,0
15,67,8,1,0.125,1,0,0
15,68,8,2,0.25,1,0,0
15,69,8,0,0.0,1,0,0
15,70,8,2,0.25,1,0,0
15,71,8,2,0.25,1,0,0
15,72,8,1,0.125,1,0,0
15,73,8,2,0.25,1,0,0
15,74,8,2,0.25,1,0,0
15,75,8,2,0.25,1,0,0
15,76,8,4,0.5,1,0,0
15,77,8,2,0.25,1,0,0
15,78,8,1,0.125,1,0,0
15,79,8,3,0.375,1,0,0
15,80,8,3,0.375,1,0,0
15,81,8,2,0.25,1,0,0
15,82,8,1,0.125,1,0,0
15,83,8,1,0.125,1,0,0
15,84,8,3,0.375,1,0,0
15,85,8,2,0.25,1,0,0
15,86,8,2,0.25,1,0,0
15,87,8,3,0.375,1,0,0
15,88,8,3,0.375,1,0,0
15,89,8,2,0.25,1,0,0
15,90,8,2,0.25,1,0,0
15,91,8,2,0.25,1,0,0
15,92,8,1,0.125,1,0,0
15,93,8,3,0.375,1,0,0
15,94,8,3,0.375,1,0,0
15,95,8,0,0.0,1,0,0
15,96,8,4,0.5,1,0,0
15,97,8,2,0.25,1,0,0
15,98,8,2,0.25,1,0,0
15,99,8,2,0.25,1,0,0
16,0,8,1,0.125,1,0,0
16,1,8,0,0.0,1,0,0
16,2,8,3,0.375,1,0,0
16,3,8,0,0.0,1,0,0
16,4,8,1,0.125,1,0,0
16,5,8,2,0.25,1,0,0
16,6,8,3,0.375,1,0,0
16,7,8,5,0.625,1,0,0
16,8,8,1,0.125,1,0,0
16,9,8,2,0.25,1,0,0
16,10,8,1,0.125,1,0,0
16,11,8,2,0.25,1,0,0
16,12,8,1,0.125,1,0,0
16,13,8,1,0.125,1,0,0
16,14,8,2,0.25,1,0,0
16,15,8,2,0.25,1,0,0
16,16,8,2,0.25,1,0,0
16,17,8,3,0.375,1,0,0
16,18,8,3,0.375,1,0,0
16,19,8,3,0.375,1,0,0
16,20,8,1,0.125,1,0,0
16,21,8,2,0.25,1,0,0
16,22,8,3,0.375,1,0,0
16,23,8,3,0.375,1,0,0
16,24,8,3,0.375,1,0,0
16,25,8,1,0.125,1,0,0
16,26,8,0,0.0,1,0,0
16,27,8,1,0.125,1,0,0
16,28,8,2,0.25,1,0,0
16,29,8,1,0.125,1,0,0
16,30,8,2,0.25,1,0,0
16,31,8,2,0.25,1,0,0
16,32,8,2,0.25,1,0,0
16,33,8,0,0.0,1,0,0
16,34,8,1,0.125,1,0,0
16,35,8,0,0.0,1,0,0
16,36,8,0,0.0,1,0,0
16,37,8,3,0.375,1,0,0
16,38,8,3,0.375,1,0,0
16,39,8,0,0.0,1,0,0
16,40,8,1,0.125,1,0,0
16,41,8,1,0.125,1,0,0
16,42,8,2,0.25,1,0,0
16,43,8,1,0.125,1,0,0
16,44,8,1,0.125,1,0,0
16,45,8,0,0.0,1,0,0
16,46,8,1,0.125,1,0,0
16,47,8,3,0.375,1,0,0
16,48,8,2,0.25,1,0,0
16,49,8,1,0.125,1,0,0
16,50,8,2,0.25,1,0,0
16,51,8,2,0.25,1,0,0
16,52,8,2,0.25,1,0,0
16,53,8,1,0.125,1,0,0
16,54,8,1,0.125,1,0,0
16,55,8,2,0.25,1,0,0
16,56,8,4,0.5,1,0,0
16,57,8,4,0.5,1,0,0
16,58,8,1,0.125,1,0,0
16,59,8,2,0.25,1,0,0
16,60,8,2,0.25,1,0,0
16,61,8,2,0.25,1,0,0
16,62,8,1,0.125,1,0,0
16,63,8,4,0.5,1,0,0
16,64,8,1,0.125,1,0,0
16,65,8,1,0.125,1,0,0
16,66,8,2,0.25,1,0,0
16,67,8,1,0.125,1,0,0
16,68,8,0,0.0,1,0,0
16,69,8,1,0.125,1,0,0
16,70,8,4,0.5,1,0,0
16,71,8,2,0.25,1,0,0
16,72,8,1,0.125,1,0,0
16,73,8,3,0.375,1,0,0
16,74,8,1,0.125,1,0,0
16,75,8,2,0.25,1,0,0
16,76,8,0,0.0,1,0,0
16,77,8,0,0.0,1,0,0
16,78,8,5,0.625,1,0,0
16,79,8,1,0.125,1,0,0
16,80,8,1,0.125,1,0,0
16,81,8,1,0.125,1,0,0
16,82,8,0,0.0,1,0,0
16,83,8,0,0.0,1,0,0
16,84,8,3,0.375,1,0,0
16,85,8,1,0.125,1,0,0
16,86,8,1,0.125,1,0,0
16,87,8,3,0.375,1,0,0
16,88,8,2,0.25,1,0,0
16,89,8,3,0.375,1,0,0
16,90,8,0,0.0,1,0,0
16,91,8,1,0.125,1,0,0
16,92,8,5,0.625,1,0,0
16,93,8,0,0.0,1,0,0
16,94,8,4,0.5,1,0,0
16,95,8,1,0.125,1,0,0
16,96,8,2,0.25,1,0,0
16,97,8,1,0.125,1,0,0
16,98,8,2,0.25,1,0,0
16,99,8,3,0.375,1,0,0
17,0,8,1,0.125,1,0,0
17,1,8,1,0.125,1,0,0
17,2,8,2,0.25,1,0,0
17,3,8,2,0.25,1,0,0
17,4,8,2,0.25,1,0,0
17,5,8,3,0.375,1,0,0
17,6,8,3,0.375,1,0,0
17,7,8,3,0.375,1,0,0
17,8,8,6,0.75,1,0,0
17,9,8,1,0.125,1,0,0
17,10,8,0,0.0,1,0,0
17,11,8,0,0.0,1,0,0
17,12,8,2,0.25,1,0,0
17,13,8,2,0.25,1,0,0
17,14,8,2,0.25,1,0,0
17,15,8,4,0.5,1,0,0
17,16,8,2,0.25,1,0,0
17,17,8,2,0.25,1,0,0
17,18,8,1,0.125,1,0,0
17,19,8,2,0.25,1,0,0
17,20,8,2,0.25,1,0,0
17,21,8,4,0.5,1,0,0
17,22,8,2,0.25,1,0,0
17,23,8,2,0.25,1,0,0
17,24,8,2,0.25,1,0,0
17,25,8,3,0.375,1,0,0
17,26,8,2,0.25,1,0,0
17,27,8,2,0.25,1,0,0
17,28,8,2,0.25,1,0,0
17,29,8,2,0.25,1,0,0
17,30,8,0,0.0,1,0,0
17,31,8,1,0.125,1,0,0
17,32,8,0,0.0,1,0,0
17,33,8,1,0.125,1,0,0
17,34,8,3,0.375,1,0,0
17,35,8,2,0.25,1,0,0
17,36,8,1,0.125,1,0,0
17,37,8,2,0.25,1,0,0
17,38,8,1,0.125,1,0,0
17,39,8,1,0.125,1,0,0
17,40,8,4,0.5,1,0,0
17,41,8,1,0.125,1,0,0
17,42,8,2,0.25,1,0,0
17,43,8,1,0.125,1,0,0
17,44,8,0,0.0,1,0,0
17,45,8,1,0.125,1,0,0
17,46,8,2,0.25,1,0,0
17,47,8,2,0.25,1,0,0
17,48,8,0,0.0,1,0,0
17,49,8,3,0.375,1,0,0
17,50,8,4,0.5,1,0,0
17,51,8,2,0.25,1,0,0
17,52,8,2,0.25,1,0,0
17,53,8,2,0.25,1,0,0
17,54,8,2,0.25,1,0,0
17,55,8,3,0.375,1,0,0
17,56,8,2,0.25,1,0,0
17,57,8,1,0.125,1,0,0
17,58,8,2,0.25,1,0,0
17,59,8,2,0.25,1,0,0
17,60,8,3,0.375,1,0,0
17,61,8,3,0.375,1,0,0
17,62,8,1,0.125,1,0,0
17,63,8,3,0.375,1,0,0
17,64,8,3,0.375,1,0,0
17,65,8,1,0.125,1,0,0
17,66,8,3,0.375,1,0,0
17,67,8,3,0.375,1,0,0
17,68,8,3,0.375,1,0,0
17,69,8,1,0.125,1,0,0
17,70,8,1,0.125,1,0,0
17,71,8,3,0.375,1,0,0
17,72,8,4,0.5,1,0,0
17,73,8,1,0.125,1,0,0
17,74,8,2,0.25,1,0,0
17,75,8,2,0.25,1,0,0
17,76,8,4,0.5,1,0,0
17,77,8,0,0.0,1,0,0
17,78,8,2,0.25,1,0,0
17,79,8,3,0.375,1,0,0
17,80,8,0,0.0,1,0,0
17,81,8,2,0.25,1,0,0
17,82,8,1,0.125,1,0,0
17,83,8,3,0.375,1,0,0
17,84,8,3,0.375,1,0,0
17,85,8,1,0.125,1,0,0
17,86,8,3,0.375,1,0,0
17,87,8,1,0.125,1,0,0
17,88,8,1,0.125,1,0,0
17,89,8,0,0.0,1,0,0
17,90,8,3,0.375,1,0,0
17,91,8,1,0.125,1,0,0
17,92,8,4,0.5,1,0,0
17,93,8,2,0.25,1,0,0
17,94,8,4,0.5,1,0,0
17,95,8,0,0.0,1,0,0
17,96,8,2,0.25,1,0,0
17,97,8,1,0.125,1,0,0
17,98,8,2,0.25,1,0,0
17,99,8,2,0.25,1,0,0
18,0,8,1,0.125,1,0,0
18,1,8,0,0.0,1,0,0
18,2,8,2,0.25,1,0,0
18,3,8,1,0.125,1,0,0
18,4,8,2,0.25,1,0,0
18,5,8,0,0.0,1,0,0
18,6,8,0,0.0,1,0,0
18,7,8,1,0.125,1,0,0
18,8,8,4,0.5,1,0,0
18,9,8,3,0.375,1,0,0
18,10,8,5,0.625,1,0,0
18,11,8,1,0.125,1,0,0
18,12,8,2,0.25,1,0,0
18,13,8,1,0.125,1,0,0
18,14,8,3,0.375,1,0,0
18,15,8,0,0.0,1,0,0
18,16,8,1,0.125,1,0,0
18,17,8,4,0.5,1,0,0
18,18,8,0,0.0,1,0,0
18,19,8,2,0.25,1,0,0
18,20,8,4,0.5,1,0,0
18,21,8,2,0.25,1,0,0
18,22,8,2,0.25,1,0,0
18,23,8,3,0.375,1,0,0
18,24,8,2,0.25,1,0,0
18,25,8,0,0.0,1,0,0
18,26,8,2,0.25,1,0,0
18,27,8,2,0.25,1,0,0
18,28,8,0,0.0,1,0,0
18,29,8,3,0.375,1,0,0
18,30,8,1,0.125,1,0,0
18,31,8,1,0.125,1,0,0
18,32,8,2,0.25,1,0,0
18,33,8,3,0.375,1,0,0
18,34,8,3,0.375,1,0,0
18,35,8,1,0.125,1,0,0
18,36,8,4,0.5,1,0,0
18,37,8,4,0.5,1,0,0
18,38,8,5,0.625,1,0,0
18,39,8,1,0.125,1,0,0
18,40,8,4,0.5,1,0,0
18,41,8,1,0.125,1,0,0
18,42,8,2,0.25,1,0,0
18,43,8,1,0.125,1,0,0
18,44,8,0,0.0,1,0,0
18,45,8,4,0.5,1,0,0
18,46,8,1,0.125,1,0,0
18,47,8,2,0.25,1,0,0
18,48,8,3,0.375,1,0,0
18,49,8,3,0.375,1,0,0
18,50,8,2,0.25,1,0,0
18,51,8,2,0.25,1,0,0
18,52,8,1,0.125,1,0,0
18,53,8,2,0.25,1,0,0
18,54,8,3,0.375,1,0,0
18,55,8,2,0.25,1,0,0
18,56,8,2,0.25,1,0,0
18,57,8,2,0.25,1,0,0
18,58,8,3,0.375,1,0,0
18,59,8,2,0.25,1,0,0
18,60,8,1,0.125,1,0,0
18,61,8,1,0.125,1,0,0
18,62,8,1,0.125,1,0,0
18,63,8,2,0.25,1,0,0
18,64,8,4,0.5,1,0,0
18,65,8,0,0.0,1,0,0
18,66,8,2,0.25,1,0,0
18,67,8,2,0.25,1,0,0
18,68,8,0,0.0,1,0,0
18,69,8,2,0.25,1,0,0
18,70,8,4,0.5,1,0,0
18,71,8,3,0.375,1,0,0
18,72,8,0,0.0,1,0,0
18,73,8,1,0.125,1,0,0
18,74,8,2,0.25,1,0,0
18,75,8,3,0.375,1,0,0
18,76,8,3,0.375,1,0,0
18,77,8,4,0.5,1,0,0
18,78,8,4,0.5,1,0,0
18,79,8,4,0.5,1,0,0
18,80,8,1,0.125,1,0,0
18,81,8,1,0.125,1,0,0
18,82,8,0,0.0,1,0,0
18,83,8,2,0.25,1,0,0
18,84,8,0,0.0,1,0,0
18,85,8,2,0.25,1,0,0
18,86,8,1,0.125,1,0,0
18,87,8,1,0.125,1,0,0
18,88,8,1,0.125,1,0,0
18,89,8,1,0.125,1,0,0
18,90,8,2,0.25,1,0,0
18,91,8,2,0.25,1,0,0
18,92,8,1,0.125,1,0,0
18,93,8,3,0.375,1,0,0
18,94,8,1,0.125,1,0,0
18,95,8,2,0.25,1,0,0
18,96,8,3,0.375,1,0,0
18,97,8,2,0.25,1,0,0
18,98,8,2,0.25,1,0,0
18,99,8,2,0.25,1,0,0
19,0,8,1,0.125,1,0,0
19,1,8,1,0.125,1,0,0
19,2,8,2,0.25,1,0,0
19,3,8,2,0.25,1,0,0
19,4,8,2,0.25,1,0,0
19,5,8,2,0.25,1,0,0
19,6,8,0,0.0,1,0,0
19,7,8,2,0.25,1,0,0
19,8,8,4,0.5,1,0,0
19,9,8,2,0.25,1,0,0
19,10,8,3,0.375,1,0,0
19,11,8,4,0.5,1,0,0
19,12,8,2,0.25,1,0,0
19,13,8,2,0.25,1,0,0
19,14,8,1,0.125,1,0,0
19,15,8,3,0.375,1,0,0
19,16,8,1,0.125,1,0,0
19,17,8,2,0.25,1,0,0
19,18,8,3,0.375,1,0,0
19,19,8,0,0.0,1,0,0
19,20,8,3,0.375,1,0,0
19,21,8,0,0.0,1,0,0
19,22,8,0,0.0,1,0,0
19,23,8,2,0.25,1,0,0
19,24,8,3,0.375,1,0,0
19,25,8,0,0.0,1,0,0
19,26,8,3,0.375,1,0,0
19,27,8,3,0.375,1,0,0
19,28,8,3,0.375,1,0,0
19,29,8,3,0.375,1,0,0
19,30,8,2,0.25,1,0,0
19,31,8,3,0.375,1,0,0
19,32,8,2,0.25,1,0,0
19,33,8,3,0.375,1,0,0
19,34,8,2,0.25,1,0,0
19,35,8,2,0.25,1,0,0
19,36,8,4,0.5,1,0,0
19,37,8,1,0.125,1,0,0
19,38,8,1,0.125,1,0,0
19,39,8,2,0.25,1,0,0
19,40,8,0,0.0,1,0,0
19,41,8,1,0.125,1,0,0
19,42,8,1,0.125,1,0,0
19,43,8,2,0.25,1,0,0
19,44,8,2,0.25,1,0,0
19,45,8,1,0.125,1,0,0
19,46,8,3,0.375,1,0,0
19,47,8,5,0.625,1,0,0
19,48,8,2,0.25,1,0,0
19,49,8,4,0.5,1,0,0
19,50,8,2,0.25,1,0,0
19,51,8,0,0.0,1,0,0
19,52,8,2,0.25,1,0,0
19,53,8,2,0.25,1,0,0
19,54,8,3,0.375,1,0,0
19,55,8,4,0.5,1,0,0
19,56,8,4,0.5,1,0,0
19,57,8,0,0.0,1,0,0
19,58,8,3,0.375,1,0,0
19,59,8,2,0.25,1,0,0
19,60,8,2,0.25,1,0,0
19,61,8,2,0.25,1,0,0
19,62,8,4,0.5,1,0,0
19,63,8,3,0.375,1,0,0
19,64,8,2,0.25,1,0,0
19,65,8,1,0.125,1,0,0
19,66,8,4,0.5,1,0,0
19,67,8,2,0.25,1,0,0
19,68,8,2,0.25,1,0,0
19,69,8,3,0.375,1,0,0
19,70,8,1,0.125,1,0,0
19,71,8,3,0.375,1,0,0
19,72,8,4,0.5,1,0,0
19,73,8,1,0.125,1,0,0
19,74,8,6,0.75,1,0,0
19,75,8,2,0.25,1,0,0
19,76,8,2,0.25,1,0,0
19,77,8,2,0.25,1,0,0
19,78,8,3,0.375,1,0,0
19,79,8,0,0.0,1,0,0
19,80,8,2,0.25,1,0,0
19,81,8,2,0.25,1,0,0
19,82,8,2,0.25,1,0,0
19,83,8,3,0.375,1,0,0
19,84,8,0,0.0,1,0,0
19,85,8,3,0.375,1,0,0
19,86,8,2,0.25,1,0,0
19,87,8,4,0.5,1,0,0
19,88,8,1,0.125,1,0,0
19,89,8,1,0.125,1,0,0
19,90,8,1,0.125,1,0,0
19,91,8,3,0.375,1,0,0
19,92,8,1,0.125,1,0,0
19,93,8,2,0.25,1,0,0
19,94,8,2,0.25,1,0,0
19,95,8,3,0.375,1,0,0
19,96,8,3,0.375,1,0,0
19,97,8,0,0.0,1,0,0
19,98,8,3,0.375,1,0,0
19,99,8,4,0.5,1,0,0
20,0,8,1,0.125,1,0,0
20,1,8,1,0.125,1,0,0
20,2,8,4,0.5,1,0,0
20,3,8,1,0.125,1,0,0
20,4,8,1,0.125,1,0,0
20,5,8,3,0.375,1,0,0
20,6,8,3,0.375,1,0,0
20,7,8,1,0.125,1,0,0
20,8,8,2,0.25,1,0,0
20,9,8,1,0.125,1,0,0
20,10,8,2,0.25,1,0,0
20,11,8,1,0.125,1,0,0
20,12,8,1,0.125,1,0,0
20,13,8,5,0.625,1,0,0
20,14,8,2,0.25,1,0,0
20,15,8,1,0.125,1,0,0
20,16,8,3,0.375,1,0,0
20,17,8,2,0.25,1,0,0
20,18,8,4,0.5,1,0,0
20,19,8,0,0.0,1,0,0
20,20,8,2,0.25,1,0,0
20,21,8,1,0.125,1,0,0
20,22,8,0,0.0,1,0,0
20,23,8,1,0.125,1,0,0
20,24,8,2,0.25,1,0,0
20,25,8,1,0.125,1,0,0
20,26,8,0,0.0,1,0,0
20,27,8,2,0.25,1,0,0
20,28,8,2,0.25,1,0,0
20,29,8,3,0.375,1,0,0
20,30,8,0,0.0,1,0,0
20,31,8,2,0.25,1,0,0
20,32,8,5,0.625,1,0,0
20,33,8,2,0.25,1,0,0
20,34,8,4,0.5,1,0,0
20,35,8,1,0.125,1,0,0
20,36,8,2,0.25,1,0,0
20,37,8,2,0.25,1,0,0
20,38,8,1,0.125,1,0,0
20,39,8,2,0.25,1,0,0
20,40,8,3,0.375,1,0,0
20,41,8,3,0.375,1,0,0
20,42,8,2,0.25,1,0,0
20,43,8,1,0.125,1,0,0
20,44,8,1,0.125,1,0,0
20,45,8,4,0.5,1,0,0
20,46,8,1,0.125,1,0,0
20,47,8,0,0.0,1,0,0
20,48,8,0,0.0,1,0,0
20,49,8,1,0.125,1,0,0
20,50,8,1,0.125,1,0,0
20,51,8,3,0.375,1,0,0
20,52,8,3,0.375,1,0,0
20,53,8,1,0.125,1,0,0
20,54,8,4,0.5,1,0,0
20,55,8,0,0.0,1,0,0
20,56,8,1,0.125,1,0,0
20,57,8,3,0.375,1,0,0
20,58,8,2,0.25,1,0,0
20,59,8,1,0.125,1,0,0
20,60,8,1,0.125,1,0,0
20,61,8,5,0.625,1,0,0
20,62,8,1,0.125,1,0,0
20,63,8,1,0.125,1,0,0
20,64,8,2,0.25,1,0,0
20,65,8,2,0.25,1,0,0
20,66,8,2,0.25,1,0,0
20,67,8,2,0.25,1,0,0
20,68,8,3,0.375,1,0,0
20,69,8,4,0.5,1,0,0
20,70,8,1,0.125,1,0,0
20,71,8,1,0.125,1,0,0
20,72,8,2,0.25,1,0,0
20,73,8,4,0.5,1,0,0
20,74,8,3,0.375,1,0,0
20,75,8,2,0.25,1,0,0
20,76,8,2,0.25,1,0,0
20,77,8,5,0.625,1,0,0
20,78,8,1,0.125,1,0,0
20,79,8,4,0.5,1,0,0
20,80,8,3,0.375,1,0,0
20,81,8,1,0.125,1,0,0
20,82,8,1,0.125,1,0,0
20,83,8,3,0.375,1,0,0
20,84,8,2,0.25,1,0,0
20,85,8,2,0.25,1,0,0
20,86,8,1,0.125,1,0,0
20,87,8,0,0.0,1,0,0
20,88,8,3,0.375,1,0,0
20,89,8,1,0.125,1,0,0
20,90,8,2,0.25,1,0,0
20,91,8,4,0.5,1,0,0
20,92,8,3,0.375,1,0,0
20,93,8,5,0.625,1,0,0
20,94,8,1,0.125,1,0,0
20,95,8,1,0.125,1,0,0
20,96,8,1,0.125,1,0,0
20,97,8,2,0.25,1,0,0
20,98,8,1,0.125,1,0,0
20,99,8,1,0.125,1,0,0
21,0,8,2,0.25,1,0,0
21,1,8,3,0.375,1,0,0
21,2,8,1,0.125,1,0,0
21,3,8,2,0.25,1,0,0
21,4,8,5,0.625,1,0,0
21,5,8,2,0.25,1,0,0
21,6,8,3,0.375,1,0,0
21,7,8,4,0.5,1,0,0
21,8,8,5,0.625,1,0,0
21,9,8,1,0.125,1,0,0
21,10,8,1,0.125,1,0,0
21,11,8,3,0.375,1,0,0
21,12,8,2,0.25,1,0,0
21,13,8,1,0.125,1,0,0
21,14,8,1,0.125,1,0,0
21,15,8,1,0.125,1,0,0
21,16,8,1,0.125,1,0,0
21,17,8,3,0.375,1,0,0
21,18,8,3,0.375,1,0,0
21,19,8,4,0.5,1,0,0
21,20,8,1,0.125,1,0,0
21,21,8,5,0.625,1,0,0
21,22,8,2,0.25,1,0,0
21,23,8,3,0.375,1,0,0
21,24,8,1,0.125,1,0,0
21,25,8,2,0.25,1,0,0
21,26,8,0,0.0,1,0,0
21,27,8,3,0.375,1,0,0
21,28,8,2,0.25,1,0,0
21,29,8,1,0.125,1,0,0
21,30,8,3,0.375,1,0,0
21,31,8,2,0.25,1,0,0
21,32,8,1,0.125,1,0,0
21,33,8,3,0.375,1,0,0
21,34,8,2,0.25,1,0,0
21,35,8,1,0.125,1,0,0
21,36,8,1,0.125,1,0,0
21,37,8,3,0.375,1,0,0
21,38,8,3,0.375,1,0,0
21,39,8,4,0.5,1,0,0
21,40,8,1,0.125,1,0,0
21,41,8,1,0.125,1,0,0
21,42,8,2,0.25,1,0,0
21,43,8,1,0.125,1,0,0
21,44,8,3,0.375,1,0,0
21,45,8,1,0.125,1,0,0
21,46,8,1,0.125,1,0,0
21,47,8,1,0.125,1,0,0
21,48,8,2,0.25,1,0,0
21,49,8,2,0.25,1,0,0
21,50,8,0,0.0,1,0,0
21,51,8,1,0.125,1,0,0
21,52,8,3,0.375,1,0,0
21,53,8,2,0.25,1,0,0
21,54,8,2,0.25,1,0,0
21,55,8,1,0.125,1,0,0
21,56,8,3,0.375,1,0,0
21,57,8,3,0.375,1,0,0
21,58,8,2,0.25,1,0,0
21,59,8,1,0.125,1,0,0
21,60,8,3,0.375,1,0,0
21,61,8,2,0.25,1,0,0
21,62,8,2,0.25,1,0,0
21,63,8,6,0.75,1,0,0
21,64,8,2,0.25,1,0,0
21,65,8,1,0.125,1,0,0
21,66,8,1,0.125,1,0,0
21,67,8,2,0.25,1,0,0
21,68,8,1,0.125,1,0,0
21,69,8,2,0.25,1,0,0
21,70,8,5,0.625,1,0,0
21,71,8,2,0.25,1,0,0
21,72,8,1,0.125,1,0,0
21,73,8,0,0.0,1,0,0
21,74,8,1,0.125,1,0,0
21,75,8,3,0.375,1,0,0
21,76,8,2,0.25,1,0,0
21,77,8,1,0.125,1,0,0
21,78,8,4,0.5,1,0,0
21,79,8,3,0.375,1,0,0
21,80,8,1,0.125,1,0,0
21,81,8,1,0.125,1,0,0
21,82,8,4,0.5,1,0,0
21,83,8,1,0.125,1,0,0
21,84,8,1,0.125,1,0,0
21,85,8,2,0.25,1,0,0
21,86,8,1,0.125,1,0,0
21,87,8,1,0.125,1,0,0
21,88,8,3,0.375,1,0,0
21,89,8,3,0.375,1,0,0
21,90,8,1,0.125,1,0,0
21,91,8,0,0.0,1,0,0
21,92,8,3,0.375,1,0,0
21,93,8,4,0.5,1,0,0
21,94,8,0,0.0,1,0,0
21,95,8,1,0.125,1,0,0
21,96,8,3,0.375,1,0,0
21,97,8,0,0.0,1,0,0
21,98,8,3,0.375,1,0,0
21,99,8,1,0.125,1,0,0
22,0,8,2,0.25,1,0,0
22,1,8,2,0.25,1,0,0
22,2,8,3,0.375,1,0,0
22,3,8,2,0.25,1,0,0
22,4,8,3,0.375,1,0,0
22,5,8,2,0.25,1,0,0
22,6,8,3,0.375,1,0,0
22,7,8,3,0.375,1,0,0
22,8,8,1,0.125,1,0,0
22,9,8,2,0.25,1,0,0
22,10,8,0,0.0,1,0,0
22,11,8,0,0.0,1,0,0
22,12,8,2,0.25,1,0,0
22,13,8,2,0.25,1,0,0
22,14,8,2,0.25,1,0,0
22,15,8,3,0.375,1,0,0
22,16,8,6,0.75,1,0,0
22,17,8,1,0.125,1,0,0
22,18,8,1,0.125,1,0,0
22,19,8,4,0.5,1,0,0
22,20,8,1,0.125,1,0,0
22,21,8,1,0.125,1,0,0
22,22,8,2,0.25,1,0,0
22,23,8,2,0.25,1,0,0
22,24,8,2,0.25,1,0,0
22,25,8,0,0.0,1,0,0
22,26,8,2,0.25,1,0,0
22,27,8,3,0.375,1,0,0
22,28,8,1,0.125,1,0,0
22,29,8,4,0.5,1,0,0
22,30,8,3,0.375,1,0,0
22,31,8,2,0.25,1,0,0
22,32,8,1,0.125,1,0,0
22,33,8,1,0.125,1,0,0
22,34,8,2,0.25,1,0,0
22,35,8,1,0.125,1,0,0
22,36,8,2,0.25,1,0,0
22,37,8,1,0.125,1,0,0
22,38,8,2,0.25,1,0,0
22,39,8,2,0.25,1,0,0
22,40,8,2,0.25,1,0,0
22,41,8,1,0.125,1,0,0
22,42,8,3,0.375,1,0,0
22,43,8,1,0.125,1,0,0
22,44,8,3,0.375,1,0,0
22,45,8,3,0.375,1,0,0
22,46,8,2,0.25,1,0,0
22,47,8,2,0.25,1,0,0
22,48,8,3,0.375,1,0,0
22,49,8,3,0.375,1,0,0
22,50,8,3,0.375,1,0,0
22,51,8,3,0.375,1,0,0
22,52,8,3,0.375,1,0,0
22,53,8,0,0.0,1,0,0
22,54,8,4,0.5,1,0,0
22,55,8,1,0.125,1,0,0
22,56,8,3,0.375,1,0,0
22,57,8,4,0.5,1,0,0
22,58,8,0,0.0,1,0,0
22,59,8,1,0.125,1,0,0
22,60,8,0,0.0,1,0,0
22,61,8,2,0.25,1,0,0
22,62,8,3,0.375,1,0,0
22,63,8,2,0.25,1,0,0
22,64,8,0,0.0,1,0,0
22,65,8,2,0.25,1,0,0
22,66,8,0,0.0,1,0,0
22,67,8,1,0.125,1,0,0
22,68,8,0,0.0,1,0,0
22,69,8,2,0.25,1,0,0
22,70,8,3,0.375,1,0,0
22,71,8,2,0.25,1,0,0
22,72,8,5,0.625,1,0,0
22,73,8,2,0.25,1,0,0
22,74,8,4,0.5,1,0,0
22,75,8,3,0.375,1,0,0
22,76,8,3,0.375,1,0,0
22,77,8,2,0.25,1,0,0
22,78,8,1,0.125,1,0,0
22,79,8,2,0.25,1,0,0
22,80,8,4,0.5,1,0,0
22,81,8,1,0.125,1,0,0
22,82,8,0,0.0,1,0,0
22,83,8,2,0.25,1,0,0
22,84,8,1,0.125,1,0,0
22,85,8,1,0.125,1,0,0
22,86,8,2,0.25,1,0,0
22,87,8,4,0.5,1,0,0
22,88,8,2,0.25,1,0,0
22,89,8,2,0.25,1,0,0
22,90,8,2,0.25,1,0,0
22,91,8,3,0.375,1,0,0
22,92,8,1,0.125,1,0,0
22,93,8,2,0.25,1,0,0
22,94,8,3,0.375,1,0,0
22,95,8,0,0.0,1,0,0
22,96,8,1,0.125,1,0,0
22,97,8,0,0.0,1,0,0
22,98,8,2,0.25,1,0,0
22,99,8,2,0.25,1,0,0
23,0,8,2,0.25,1,0,0
23,1,8,3,0.375,1,0,0
23,2,8,4,0.5,1,0,0
23,3,8,3,0.375,1,0,0
23,4,8,3,0.375,1,0,0
23,5,8,3,0.375,1,0,0
23,6,8,1,0.125,1,0,0
23,7,8,3,0.375,1,0,0
23,8,8,0,0.0,1,0,0
23,9,8,3,0.375,1,0,0
23,10,8,2,0.25,1,0,0
23,11,8,2,0.25,1,0,0
23,12,8,0,0.0,1,0,0
23,13,8,2,0.25,1,0,0
23,14,8,3,0.375,1,0,0
23,15,8,3,0.375,1,0,0
23,16,8,0,0.0,1,0,0
23,17,8,2,0.25,1,0,0
23,18,8,2,0.25,1,0,0
23,19,8,2,0.25,1,0,0
23,20,8,3,0.375,1,0,0
23,21,8,1,0.125,1,0,0
23,22,8,3,0.375,1,0,0
23,23,8,2,0.25,1,0,0
23,24,8,3,0.375,1,0,0
23,25,8,3,0.375,1,0,0
23,26,8,1,0.125,1,0,0
23,27,8,4,0.5,1,0,0
23,28,8,5,0.625,1,0,0
23,29,8,1,0.125,1,0,0
23,30,8,2,0.25,1,0,0
23,31,8,0,0.0,1,0,0
23,32,8,5,0.625,1,0,0
23,33,8,1,0.125,1,0,0
23,34,8,2,0.25,1,0,0
23,35,8,1,0.125,1,0,0
23,36,8,2,0.25,1,0,0
23,37,8,2,0.25,1,0,0
23,38,8,2,0.25,1,0,0
23,39,8,5,0.625,1,0,0
23,40,8,3,0.375,1,0,0
23,41,8,2,0.25,1,0,0
23,42,8,1,0.125,1,0,0
23,43,8,2,0.25,1,0,0
23,44,8,1,0.125,1,0,0
23,45,8,2,0.25,1,0,0
23,46,8,1,0.125,1,0,0
23,47,8,0,0.0,1,0,0
23,48,8,1,0.125,1,0,0
23,49,8,1,0.125,1,0,0
23,50,8,2,0.25,1,0,0
23,51,8,1,0.125,1,0,0
23,52,8,2,0.25,1,0,0
23,53,8,0,0.0,1,0,0
23,54,8,2,0.25,1,0,0
23,55,8,1,0.125,1,0,0
23,56,8,0,0.0,1,0,0
23,57,8,2,0.25,1,0,0
23,58,8,5,0.625,1,0,0
23,59,8,2,0.25,1,0,0
23,60,8,3,0.375,1,0,0
23,61,8,1,0.125,1,0,0
23,62,8,0,0.0,1,0,0
23,63,8,0,0.0,1,0,0
23,64,8,2,0.25,1,0,0
23,65,8,3,0.375,1,0,0
23,66,8,3,0.375,1,0,0
23,67,8,4,0.5,1,0,0
23,68,8,3,0.375,1,0,0
23,69,8,0,0.0,1,0,0
23,70,8,2,0.25,1,0,0
23,71,8,3,0.375,1,0,0
23,72,8,2,0.25,1,0,0
23,73,8,2,0.25,1,0,0
23,74,8,2,0.25,1,0,0
23,75,8,2,0.25,1,0,0
23,76,8,3,0.375,1,0,0
23,77,8,2,0.25,1,0,0
23,78,8,1,0.125,1,0,0
23,79,8,2,0.25,1,0,0
23,80,8,4,0.5,1,0,0
23,81,8,4,0.5,1,0,0
23,82,8,2,0.25,1,0,0
23,83,8,1,0.125,1,0,0
23,84,8,4,0.5,1,0,0
23,85,8,2,0.25,1,0,0
23,86,8,2,0.25,1,0,0
23,87,8,2,0.25,1,0,0
23,88,8,1,0.125,1,0,0
23,89,8,1,0.125,1,0,0
23,90,8,3,0.375,1,0,0
23,91,8,3,0.375,1,0,0
23,92,8,0,0.0,1,0,0
23,93,8,2,0.25,1,0,0
23,94,8,1,0.125,1,0,0
23,95,8,2,0.25,1,0,0
23,96,8,1,0.125,1,0,0
23,97,8,2,0.25,1,0,0
23,98,8,2,0.25,1,0,0
23,99,8,2,0.25,1,0,0
24,0,8,3,0.375,1,0,0
24,1,8,2,0.25,1,0,0
24,2,8,2,0.25,1,0,0
24,3,8,2,0.25,1,0,0
24,4,8,2,0.25,1,0,0
24,5,8,0,0.0,1,0,0
24,6,8,1,0.125,1,0,0
24,7,8,1,0.125,1,0,0
24,8,8,3,0.375,1,0,0
24,9,8,1,0.125,1,0,0
24,10,8,3,0.375,1,0,0
24,11,8,1,0.125,1,0,0
24,12,8,1,0.125,1,0,0
24,13,8,2,0.25,1,0,0
24,14,8,4,0.5,1,0,0
24,15,8,1,0.125,1,0,0
24,16,8,4,0.5,1,0,0
24,17,8,1,0.125,1,0,0
24,18,8,6,0.75,1,0,0
24,19,8,1,0.125,1,0,0
24,20,8,3,0.375,1,0,0
24,21,8,0,0.0,1,0,0
24,22,8,3,0.375,1,0,0
24,23,8,1,0.125,1,0,0
24,24,8,1,0.125,1,0,0
24,25,8,3,0.375,1,0,0
24,26,8,1,0.125,1,0,0
24,27,8,2,0.25,1,0,0
24,28,8,2,0.25,1,0,0
24,29,8,2,0.25,1,0,0
24,30,8,0,0.0,1,0,0
24,31,8,0,0.0,1,0,0
24,32,8,0,0.0,1,0,0
24,33,8,3,0.375,1,0,0
24,34,8,1,0.125,1,0,0
24,35,8,1,0.125,1,0,0
24,36,8,3,0.375,1,0,0
24,37,8,0,0.0,1,0,0
24,38,8,3,0.375,1,0,0
24,39,8,0,0.0,1,0,0
24,40,8,2,0.25,1,0,0
24,41,8,1,0.125,1,0,0
24,42,8,2,0.25,1,0,0
24,43,8,1,0.125,1,0,0
24,44,8,2,0.25,1,0,0
24,45,8,1,0.125,1,0,0
24,46,8,3,0.375,1,0,0
24,47,8,1,0.125,1,0,0
24,48,8,2,0.25,1,0,0
24,49,8,3,0.375,1,0,0
24,50,8,2,0.25,1,0,0
24,51,8,2,0.25,1,0,0
24,52,8,2,0.25,1,0,0
24,53,8,2,0.25,1,0,0
24,54,8,3,0.375,1,0,0
24,55,8,3,0.375,1,0,0
24,56,8,3,0.375,1,0,0
24,57,8,3,0.375,1,0,0
24,58,8,1,0.125,1,0,0
24,59,8,1,0.125,1,0,0
24,60,8,2,0.25,1,0,0
24,61,8,1,0.125,1,0,0
24,62,8,1,0.125,1,0,0
24,63,8,2,0.25,1,0,0
24,64,8,0,0.0,1,0,0
24,65,8,1,0.125,1,0,0
24,66,8,1,0.125,1,0,0
24,67,8,2,0.25,1,0,0
24,68,8,2,0.25,1,0,0
24,69,8,1,0.125,1,0,0
24,70,8,4,0.5,1,0,0
24,71,8,2,0.25,1,0,0
24,72,8,3,0.375,1,0,0
24,73,8,2,0.25,1,0,0
24,74,8,1,0.125,1,0,0
24,75,8,3,0.375,1,0,0
24,76,8,3,0.375,1,0,0
24,77,8,0,0.0,1,0,0
24,78,8,1,0.125,1,0,0
24,79,8,1,0.125,1,0,0
24,80,8,3,0.375,1,0,0
24,81,8,1,0.125,1,0,0
24,82,8,3,0.375,1,0,0
24,83,8,4,0.5,1,0,0
24,84,8,1,0.125,1,0,0
24,85,8,2,0.25,1,0,0
24,86,8,3,0.375,1,0,0
24,87,8,1,0.125,1,0,0
24,88,8,4,0.5,1,0,0
24,89,8,3,0.375,1,0,0
24,90,8,3,0.375,1,0,0
24,91,8,1,0.125,1,0,0
24,92,8,3,0.375,1,0,0
24,93,8,4,0.5,1,0,0
24,94,8,1,0.125,1,0,0
24,95,8,1,0.125,1,0,0
24,96,8,2,0.25,1,0,0
24,97,8,3,0.375,1,0,0
24,98,8,3,0.375,1,0,0
24,99,8,1,0.125,1,0,0
25,0,8,1,0.125,1,0,0
25,1,8,3,0.375,1,0,0
25,2,8,2,0.25,1,0,0
25,3,8,0,0.0,1,0,0
25,4,8,1,0.125,1,0,0
25,5,8,2,0.25,1,0,0
25,6,8,2,0.25,1,0,0
25,7,8,2,0.25,1,0,0
25,8,8,2,0.25,1,0,0
25,9,8,1,0.125,1,0,0
25,10,8,2,0.25,1,0,0
25,11,8,3,0.375,1,0,0
25,12,8,1,0.125,1,0,0
25,13,8,2,0.25,1,0,0
25,14,8,0,0.0,1,0,0
25,15,8,5,0.625,1,0,0
25,16,8,0,0.0,1,0,0
25,17,8,1,0.125,1,0,0
25,18,8,4,0.5,1,0,0
25,19,8,1,0.125,1,0,0
25,20,8,2,0.25,1,0,0
25,21,8,3,0.375,1,0,0
25,22,8,0,0.0,1,0,0
25,23,8,0,0.0,1,0,0
25,24,8,3,0.375,1,0,0
25,25,8,1,0.125,1,0,0
25,26,8,3,0.375,1,0,0
25,27,8,1,0.125,1,0,0
25,28,8,2,0.25,1,0,0
25,29,8,3,0.375,1,0,0
25,30,8,1,0.125,1,0,0
25,31,8,2,0.25,1,0,0
25,32,8,2,0.25,1,0,0
25,33,8,2,0.25,1,0,0
25,34,8,2,0.25,1,0,0
25,35,8,1,0.125,1,0,0
25,36,8,0,0.0,1,0,0
25,37,8,3,0.375,1,0,0
25,38,8,3,0.375,1,0,0
25,39,8,1,0.125,1,0,0
25,40,8,1,0.125,1,0,0
25,41,8,3,0.375,1,0,0
25,42,8,2,0.25,1,0,0
25,43,8,3,0.375,1,0,0
25,44,8,3,0.375,1,0,0
25,45,8,1,0.125,1,0,0
25,46,8,3,0.375,1,0,0
25,47,8,2,0.25,1,0,0
25,48,8,2,0.25,1,0,0
25,49,8,3,0.375,1,0,0
25,50,8,3,0.375,1,0,0
25,51,8,0,0.0,1,0,0
25,52,8,1,0.125,1,0,0
25,53,8,1,0.125,1,0,0
25,54,8,4,0.5,1,0,0
25,55,8,2,0.25,1,0,0
25,56,8,3,0.375,1,0,0
25,57,8,0,0.0,1,0,0
25,58,8,1,0.125,1,0,0
25,59,8,1,0.125,1,0,0
25,60,8,3,0.375,1,0,0
25,61,8,3,0.375,1,0,0
25,62,8,0,0.0,1,0,0
25,63,8,1,0.125,1,0,0
25,64,8,2,0.25,1,0,0
25,65,8,5,0.625,1,0,0
25,66,8,3,0.375,1,0,0
25,67,8,4,0.5,1,0,0
25,68,8,2,0.25,1,0,0
25,69,8,1,0.125,1,0,0
25,70,8,2,0.25,1,0,0
25,71,8,1,0.125,1,0,0
25,72,8,1,0.125,1,0,0
25,73,8,0,0.0,1,0,0
25,74,8,3,0.375,1,0,0
25,75,8,2,0.25,1,0,0
25,76,8,1,0.125,1,0,0
25,77,8,1,0.125,1,0,0
25,78,8,0,0.0,1,0,0
25,79,8,1,0.125,1,0,0
25,80,8,2,0.25,1,0,0
25,81,8,1,0.125,1,0,0
25,82,8,1,0.125,1,0,0
25,83,8,3,0.375,1,0,0
25,84,8,3,0.375,1,0,0
25,85,8,3,0.375,1,0,0
25,86,8,2,0.25,1,0,0
25,87,8,3,0.375,1,0,0
25,88,8,0,0.0,1,0,0
25,89,8,1,0.125,1,0,0
25,90,8,2,0.25,1,0,0
25,91,8,4,0.5,1,0,0
25,92,8,1,0.125,1,0,0
25,93,8,2,0.25,1,0,0
25,94,8,3,0.375,1,0,0
25,95,8,4,0.5,1,0,0
25,96,8,2,0.25,1,0,0
25,97,8,2,0.25,1,0,0
25,98,8,4,0.5,1,0,0
25,99,8,1,0.125,1,0,0
26,0,8,3,0.375,1,0,0
26,1,8,2,0.25,1,0,0
26,2,8,1,0.125,1,0,0
26,3,8,4,0.5,1,0,0
26,4,8,2,0.25,1,0,0
26,5,8,4,0.5,1,0,0
26,6,8,3,0.375,1,0,0
26,7,8,3,0.375,1,0,0
26,8,8,3,0.375,1,0,0
26,9,8,2,0.25,1,0,0
26,10,8,4,0.5,1,0,0
26,11,8,2,0.25,1,0,0
26,12,8,3,0.375,1,0,0
26,13,8,1,0.125,1,0,0
26,14,8,2,0.25,1,0,0
26,15,8,2,0.25,1,0,0
26,16,8,0,0.0,1,0,0
26,17,8,1,0.125,1,0,0
26,18,8,2,0.25,1,0,0
26,19,8,2,0.25,1,0,0
26,20,8,3,0.375,1,0,0
26,21,8,3,0.375,1,0,0
26,22,8,0,0.0,1,0,0
26,23,8,1,0.125,1,0,0
26,24,8,0,0.0,1,0,0
26,25,8,3,0.375,1,0,0
26,26,8,1,0.125,1,0,0
26,27,8,3,0.375,1,0,0
26,28,8,5,0.625,1,0,0
26,29,8,1,0.125,1,0,0
26,30,8,2,0.25,1,0,0
26,31,8,1,0.125,1,0,0
26,32,8,2,0.25,1,0,0
26,33,8,1,0.125,1,0,0
26,34,8,3,0.375,1,0,0
26,35,8,1,0.125,1,0,0
26,36,8,4,0.5,1,0,0
26,37,8,1,0.125,1,0,0
26,38,8,3,0.375,1,0,0
26,39,8,2,0.25,1,0,0
26,40,8,3,0.375,1,0,0
26,41,8,1,0.125,1,0,0
26,42,8,4,0.5,1,0,0
26,43,8,2,0.25,1,0,0
26,44,8,2,0.25,1,0,0
26,45,8,1,0.125,1,0,0
26,46,8,1,0.125,1,0,0
26,47,8,3,0.375,1,0,0
26,48,8,0,0.0,1,0,0
26,49,8,2,0.25,1,0,0
26,50,8,3,0.375,1,0,0
26,51,8,3,0.375,1,0,0
26,52,8,1,0.125,1,0,0
26,53,8,1,0.125,1,0,0
26,54,8,1,0.125,1,0,0
26,55,8,1,0.125,1,0,0
26,56,8,1,0.125,1,0,0
26,57,8,3,0.375,1,0,0
26,58,8,1,0.125,1,0,0
26,59,8,0,0.0,1,0,0
26,60,8,1,0.125,1,0,0
26,61,8,2,0.25,1,0,0
26,62,8,3,0.375,1,0,0
26,63,8,2,0.25,1,0,0
26,64,8,2,0.25,1,0,0
26,65,8,1,0.125,1,0,0
26,66,8,4,0.5,1,0,0
26,67,8,2,0.25,1,0,0
26,68,8,3,0.375,1,0,0
26,69,8,2,0.25,1,0,0
26,70,8,3,0.375,1,0,0
26,71,8,3,0.375,1,0,0
26,72,8,2,0.25,1,0,0
26,73,8,2,0.25,1,0,0
26,74,8,5,0.625,1,0,0
26,75,8,1,0.125,1,0,0
26,76,8,3,0.375,1,0,0
26,77,8,2,0.25,1,0,0
26,78,8,4,0.5,1,0,0
26,79,8,1,0.125,1,0,0
26,80,8,1,0.125,1,0,0
26,81,8,1,0.125,1,0,0
26,82,8,3,0.375,1,0,0
26,83,8,4,0.5,1,0,0
26,84,8,4,0.5,1,0,0
26,85,8,1,0.125,1,0,0
26,86,8,2,0.25,1,0,0
26,87,8,2,0.25,1,0,0
26,88,8,1,0.125,1,0,0
26,89,8,0,0.0,1,0,0
26,90,8,2,0.25,1,0,0
26,91,8,1,0.125,1,0,0
26,92,8,3,0.375,1,0,0
26,93,8,3,0.375,1,0,0
26,94,8,3,0.375,1,0,0
26,95,8,3,0.375,1,0,0
26,96,8,2,0.25,1,0,0
26,97,8,1,0.125,1,0,0
26,98,8,2,0.25,1,0,0
26,99,8,1,0.125,1,0,0
27,0,8,2,0.25,1,0,0
27,1,8,3,0.375,1,0,0
27,2,8,1,0.125,1,0,0
27,3,8,2,0.25,1,0,0
27,4,8,2,0.25,1,0,0
27,5,8,2,0.25,1,0,0
27,6,8,1,0.125,1,0,0
27,7,8,1,0.125,1,0,0
27,8,8,1,0.125,1,0,0
27,9,8,4,0.5,1,0,0
27,10,8,4,0.5,1,0,0
27,11,8,5,0.625,1,0,0
27,12,8,2,0.25,1,0,0
27,13,8,3,0.375,1,0,0
27,14,8,4,0.5,1,0,0
27,15,8,3,0.375,1,0,0
27,16,8,2,0.25,1,0,0
27,17,8,2,0.25,1,0,0
27,18,8,3,0.375,1,0,0
27,19,8,3,0.375,1,0,0
27,20,8,1,0.125,1,0,0
27,21,8,1,0.125,1,0,0
27,22,8,1,0.125,1,0,0
27,23,8,0,0.0,1,0,0
27,24,8,6,0.75,1,0,0
27,25,8,1,0.125,1,0,0
27,26,8,2,0.25,1,0,0
27,27,8,0,0.0,1,0,0
27,28,8,1,0.125,1,0,0
27,29,8,1,0.125,1,0,0
27,30,8,1,0.125,1,0,0
27,31,8,1,0.125,1,0,0
27,32,8,3,0.375,1,0,0
27,33,8,5,0.625,1,0,0
27,34,8,2,0.25,1,0,0
27,35,8,2,0.25,1,0,0
27,36,8,2,0.25,1,0,0
27,37,8,3,0.375,1,0,0
27,38,8,0,0.0,1,0,0
27,39,8,2,0.25,1,0,0
27,40,8,3,0.375,1,0,0
27,41,8,1,0.125,1,0,0
27,42,8,3,0.375,1,0,0
27,43,8,2,0.25,1,0,0
27,44,8,2,0.25,1,0,0
27,45,8,1,0.125,1,0,0
27,46,8,1,0.125,1,0,0
27,47,8,3,0.375,1,0,0
27,48,8,2,0.25,1,0,0
27,49,8,3,0.375,1,0,0
27,50,8,1,0.125,1,0,0
27,51,8,4,0.5,1,0,0
27,52,8,0,0.0,1,0,0
27,53,8,1,0.125,1,0,0
27,54,8,4,0.5,1,0,0
27,55,8,0,0.0,1,0,0
27,56,8,0,0.0,1,0,0
27,57,8,1,0.125,1,0,0
27,58,8,0,0.0,1,0,0
27,59,8,2,0.25,1,0,0
27,60,8,4,0.5,1,0,0
27,61,8,3,0.375,1,0,0
27,62,8,4,0.5,1,0,0
27,63,8,3,0.375,1,0,0
27,64,8,0,0.0,1,0,0
27,65,8,4,0.5,1,0,0
27,66,8,2,0.25,1,0,0
27,67,8,2,0.25,1,0,0
27,68,8,2,0.25,1,0,0
27,69,8,1,0.125,1,0,0
27,70,8,1,0.125,1,0,0
27,71,8,4,0.5,1,0,0
27,72,8,2,0.25,1,0,0
27,73,8,1,0.125,1,0,0
27,74,8,3,0.375,1,0,0
27,75,8,4,0.5,1,0,0
27,76,8,3,0.375,1,0,0
27,77,8,4,0.5,1,0,0
27,78,8,4,0.5,1,0,0
27,79,8,3,0.375,1,0,0
27,80,8,1,0.125,1,0,0
27,81,8,1,0.125,1,0,0
27,82,8,2,0.25,1,0,0
27,83,8,3,0.375,1,0,0
27,84,8,4,0.5,1,0,0
27,85,8,2,0.25,1,0,0
27,86,8,2,0.25,1,0,0
27,87,8,1,0.125,1,0,0
27,88,8,2,0.25,1,0,0
27,89,8,4,0.5,1,0,0
27,90,8,5,0.625,1,0,0
27,91,8,1,0.125,1,0,0
27,92,8,3,0.375,1,0,0
27,93,8,0,0.0,1,0,0
27,94,8,2,0.25,1,0,0
27,95,8,1,0.125,1,0,0
27,96,8,0,0.0,1,0,0
27,97,8,2,0.25,1,0,0
27,98,8,1,0.125,1,0,0
27,99,8,3,0.375,1,0,0
28,0,8,2,0.25,1,0,0
28,1,8,2,0.25,1,0,0
28,2,8,2,0.25,1,0,0
28,3,8,1,0.125,1,0,0
28,4,8,2,0.25,1,0,0
28,5,8,2,0.25,1,0,0
28,6,8,2,0.25,1,0,0
28,7,8,3,0.375,1,0,0
28,8,8,5,0.625,1,0,0
28,9,8,2,0.25,1,0,0
28,10,8,4,0.5,1,0,0
28,11,8,2,0.25,1,0,0
28,12,8,2,0.25,1,0,0
28,13,8,2,0.25,1,0,0
28,14,8,1,0.125,1,0,0
28,15,8,1,0.125,1,0,0
28,16,8,3,0.375,1,0,0
28,17,8,3,0.375,1,0,0
28,18,8,2,0.25,1,0,0
28,19,8,3,0.375,1,0,0
28,20,8,3,0.375,1,0,0
28,21,8,1,0.125,1,0,0
28,22,8,2,0.25,1,0,0
28,23,8,4,0.5,1,0,0
28,24,8,1,0.125,1,0,0
28,25,8,1,0.125,1,0,0
28,26,8,4,0.5,1,0,0
28,27,8,2,0.25,1,0,0
28,28,8,2,0.25,1,0,0
28,29,8,2,0.25,1,0,0
28,30,8,0,0.0,1,0,0
28,31,8,2,0.25,1,0,0
28,32,8,2,0.25,1,0,0
28,33,8,0,0.0,1,0,0
28,34,8,1,0.125,1,0,0
28,35,8,1,0.125,1,0,0
28,36,8,1,0.125,1,0,0
28,37,8,2,0.25,1,0,0
28,38,8,1,0.125,1,0,0
28,39,8,1,0.125,1,0,0
28,40,8,1,0.125,1,0,0
28,41,8,0,0.0,1,0,0
28,42,8,4,0.5,1,0,0
28,43,8,2,0.25,1,0,0
28,44,8,2,0.25,1,0,0
28,45,8,2,0.25,1,0,0
28,46,8,1,0.125,1,0,0
28,47,8,0,0.0,1,0,0
28,48,8,2,0.25,1,0,0
28,49,8,3,0.375,1,0,0
28,50,8,1,0.125,1,0,0
28,51,8,2,0.25,1,0,0
28,52,8,2,0.25,1,0,0
28,53,8,1,0.125,1,0,0
28,54,8,2,0.25,1,0,0
28,55,8,1,0.125,1,0,0
28,56,8,0,0.0,1,0,0
28,57,8,2,0.25,1,0,0
28,58,8,4,0.5,1,0,0
28,59,8,1,0.125,1,0,0
28,60,8,1,0.125,1,0,0
28,61,8,1,0.125,1,0,0
28,62,8,2,0.25,1,0,0
28,63,8,1,0.125,1,0,0
28,64,8,4,0.5,1,0,0
28,65,8,2,0.25,1,0,0
28,66,8,4,0.5,1,0,0
28,67,8,1,0.125,1,0,0
28,68,8,2,0.25,1,0,0
28,69,8,3,0.375,1,0,0
28,70,8,2,0.25,1,0,0
28,71,8,5,0.625,1,0,0
28,72,8,0,0.0,1,0,0
28,73,8,0,0.0,1,0,0
28,74,8,3,0.375,1,0,0
28,75,8,2,0.25,1,0,0
28,76,8,1,0.125,1,0,0
28,77,8,1,0.125,1,0,0
28,78,8,1,0.125,1,0,0
28,79,8,2,0.25,1,0,0
28,80,8,3,0.375,1,0,0
28,81,8,2,0.25,1,0,0
28,82,8,1,0.125,1,0,0
28,83,8,2,0.25,1,0,0
28,84,8,3,0.375,1,0,0
28,85,8,2,0.25,1,0,0
28,86,8,1,0.125,1,0,0
28,87,8,6,0.75,1,0,0
28,88,8,3,0.375,1,0,0
28,89,8,3,0.375,1,0,0
28,90,8,1,0.125,1,0,0
28,91,8,2,0.25,1,0,0
28,92,8,2,0.25,1,0,0
28,93,8,1,0.125,1,0,0
28,94,8,2,0.25,1,0,0
28,95,8,1,0.125,1,0,0
28,96,8,4,0.5,1,0,0
28,97,8,3,0.375,1,0,0
28,98,8,1,0.125,1,0,0
28,99,8,1,0.125,1,0,0
29,0,8,3,0.375,1,0,0
29,1,8,2,0.25,1,0,0
29,2,8,2,0.25,1,0,0
29,3,8,2,0.25,1,0,0
29,4,8,3,0.375,1,0,0
29,5,8,2,0.25,1,0,0
29,6,8,1,0.125,1,0,0
29,7,8,2,0.25,1,0,0
29,8,8,1,0.125,1,0,0
29,9,8,2,0.25,1,0,0
29,10,8,1,0.125,1,0,0
29,11,8,4,0.5,1,0,0
29,12,8,2,0.25,1,0,0
29,13,8,1,0.125,1,0,0
29,14,8,2,0.25,1,0,0
29,15,8,2,0.25,1,0,0
29,16,8,0,0.0,1,0,0
29,17,8,1,0.125,1,0,0
29,18,8,4,0.5,1,0,0
29,19,8,1,0.125,1,0,0
29,20,8,3,0.375,1,0,0
29,21,8,5,0.625,1,0,0
29,22,8,3,0.375,1,0,0
29,23,8,2,0.25,1,0,0
29,24,8,1,0.125,1,0,0
29,25,8,2,0.25,1,0,0
29,26,8,1,0.125,1,0,0
29,27,8,2,0.25,1,0,0
29,28,8,2,0.25,1,0,0
29,29,8,2,0.25,1,0,0
29,30,8,4,0.5,1,0,0
29,31,8,2,0.25,1,0,0
29,32,8,3,0.375,1,0,0
29,33,8,1,0.125,1,0,0
29,34,8,0,0.0,1,0,0
29,35,8,0,0.0,1,0,0
29,36,8,1,0.125,1,0,0
29,37,8,1,0.125,1,0,0
29,38,8,4,0.5,1,0,0
29,39,8,1,0.125,1,0,0
29,40,8,1,0.125,1,0,0
29,41,8,2,0.25,1,0,0
29,42,8,1,0.125,1,0,0
29,43,8,1,0.125,1,0,0
29,44,8,2,0.25,1,0,0
29,45,8,1,0.125,1,0,0
29,46,8,3,0.375,1,0,0
29,47,8,1,0.125,1,0,0
29,48,8,1,0.125,1,0,0
29,49,8,2,0.25,1,0,0
29,50,8,2,0.25,1,0,0
29,51,8,3,0.375,1,0,0
29,52,8,3,0.375,1,0,0
29,53,8,0,0.0,1,0,0
29,54,8,1,0.125,1,0,0
29,55,8,1,0.125,1,0,0
29,56,8,1,0.125,1,0,0
29,57,8,1,0.125,1,0,0
29,58,8,1,0.125,1,0,0
29,59,8,1,0.125,1,0,0
29,60,8,1,0.125,1,0,0
29,61,8,0,0.0,1,0,0
29,62,8,3,0.375,1,0,0
29,63,8,0,0.0,1,0,0
29,64,8,4,0.5,1,0,0
29,65,8,2,0.25,1,0,0
29,66,8,3,0.375,1,0,0
29,67,8,3,0.375,1,0,0
29,68,8,1,0.125,1,0,0
29,69,8,4,0.5,1,0,0
29,70,8,0,0.0,1,0,0
29,71,8,1,0.125,1,0,0
29,72,8,2,0.25,1,0,0
29,73,8,2,0.25,1,0,0
29,74,8,2,0.25,1,0,0
29,75,8,1,0.125,1,0,0
29,76,8,0,0.0,1,0,0
29,77,8,1,0.125,1,0,0
29,78,8,1,0.125,1,0,0
29,79,8,3,0.375,1,0,0
29,80,8,1,0.125,1,0,0
29,81,8,2,0.25,1,0,0
29,82,8,3,0.375,1,0,0
29,83,8,0,0.0,1,0,0
29,84,8,1,0.125,1,0,0
29,85,8,1,0.125,1,0,0
29,86,8,1,0.125,1,0,0
29,87,8,4,0.5,1,0,0
29,88,8,5,0.625,1,0,0
29,89,8,3,0.375,1,0,0
29,90,8,1,0.125,1,0,0
29,91,8,2,0.25,1,0,0
29,92,8,1,0.125,1,0,0
29,93,8,3,0.375,1,0,0
29,94,8,1,0.125,1,0,0
29,95,8,1,0.125,1,0,0
29,96,8,0,0.0,1,0,0
29,97,8,2,0.25,1,0,0
29,98,8,2,0.25,1,0,0
29,99,8,2,0.25,1,0,0
30,0,8,1,0.125,1,0,0
30,1,8,1,0.125,1,0,0
30,2,8,0,0.0,1,0,0
30,3,8,2,0.25,1,0,0
30,4,8,1,0.125,1,0,0
30,5,8,0,0.0,1,0,0
30,6,8,0,0.0,1,0,0
30,7,8,1,0.125,1,0,0
30,8,8,3,0.375,1,0,0
30,9,8,2,0.25,1,0,0
30,10,8,4,0.5,1,0,0
30,11,8,3,0.375,1,0,0
30,12,8,3,0.375,1,0,0
30,13,8,4,0.5,1,0,0
30,14,8,1,0.125,1,0,0
30,15,8,3,0.375,1,0,0
30,16,8,1,0.125,1,0,0
30,17,8,1,0.125,1,0,0
30,18,8,2,0.25,1,0,0
30,19,8,3,0.375,1,0,0
30,20,8,3,0.375,1,0,0
30,21,8,1,0.125,1,0,0
30,22,8,1,0.125,1,0,0
30,23,8,1,0.125,1,0,0
30,24,8,1,0.125,1,0,0
30,25,8,2,0.25,1,0,0
30,26,8,2,0.25,1,0,0
30,27,8,1,0.125,1,0,0
30,28,8,2,0.25,1,0,0
30,29,8,3,0.375,1,0,0
30,30,8,1,0.125,1,0,0
30,31,8,3,0.375,1,0,0
30,32,8,2,0.25,1,0,0
30,33,8,0,0.0,1,0,0
30,34,8,2,0.25,1,0,0
30,35,8,1,0.125,1,0,0
30,36,8,2,0.25,1,0,0
30,37,8,0,0.0,1,0,0
30,38,8,3,0.375,1,0,0
30,39,8,2,0.25,1,0,0
30,40,8,2,0.25,1,0,0
30,41,8,4,0.5,1,0,0
30,42,8,2,0.25,1,0,0
30,43,8,2,0.25,1,0,0
30,44,8,3,0.375,1,0,0
30,45,8,0,0.0,1,0,0
30,46,8,2,0.25,1,0,0
30,47,8,2,0.25,1,0,0
30,48,8,3,0.375,1,0,0
30,49,8,1,0.125,1,0,0
30,50,8,1,0.125,1,0,0
30,51,8,3,0.375,1,0,0
30,52,8,2,0.25,1,0,0
30,53,8,3,0.375,1,0,0
30,54,8,1,0.125,1,0,0
30,55,8,2,0.25,1,0,0
30,56,8,6,0.75,1,0,0
30,57,8,2,0.25,1,0,0
30,58,8,2,0.25,1,0,0
30,59,8,4,0.5,1,0,0
30,60,8,1,0.125,1,0,0
30,61,8,4,0.5,1,0,0
30,62,8,4,0.5,1,0,0
30,63,8,1,0.125,1,0,0
30,64,8,0,0.0,1,0,0
30,65,8,2,0.25,1,0,0
30,66,8,2,0.25,1,0,0
30,67,8,2,0.25,1,0,0
30,68,8,1,0.125,1,0,0
30,69,8,4,0.5,1,0,0
30,70,8,1,0.125,1,0,0
30,71,8,1,0.125,1,0,0
30,72,8,2,0.25,1,0,0
30,73,8,4,0.5,1,0,0
30,74,8,1,0.125,1,0,0
30,75,8,1,0.125,1,0,0
30,76,8,0,0.0,1,0,0
30,77,8,3,0.375,1,0,0
30,78,8,0,0.0,1,0,0
30,79,8,2,0.25,1,0,0
30,80,8,2,0.25,1,0,0
30,81,8,2,0.25,1,0,0
30,82,8,1,0.125,1,0,0
30,83,8,5,0.625,1,0,0
30,84,8,4,0.5,1,0,0
30,85,8,2,0.25,1,0,0
30,86,8,5,0.625,1,0,0
30,87,8,1,0.125,1,0,0
30,88,8,2,0.25,1,0,0
30,89,8,1,0.125,1,0,0
30,90,8,3,0.375,1,0,0
30,91,8,3,0.375,1,0,0
30,92,8,0,0.0,1,0,0
30,93,8,3,0.375,1,0,0
30,94,8,3,0.375,1,0,0
30,95,8,1,0.125,1,0,0
30,96,8,2,0.25,1,0,0
30,97,8,3,0.375,1,0,0
30,98,8,2,0.25,1,0,0
30,99,8,2,0.25,1,0,0
31,0,8,2,0.25,1,0,0
31,1,8,1,0.125,1,0,0
31,2,8,1,0.125,1,0,0
31,3,8,3,0.375,1,0,0
31,4,8,1,0.125,1,0,0
31,5,8,3,0.375,1,0,0
31,6,8,3,0.375,1,0,0
31,7,8,2,0.25,1,0,0
31,8,8,3,0.375,1,0,0
31,9,8,3,0.375,1,0,0
31,10,8,2,0.25,1,0,0
31,11,8,1,0.125,1,0,0
31,12,8,1,0.125,1,0,0
31,13,8,1,0.125,1,0,0
31,14,8,2,0.25,1,0,0
31,15,8,2,0.25,1,0,0
31,16,8,0,0.0,1,0,0
31,17,8,3,0.375,1,0,0
31,18,8,1,0.125,1,0,0
31,19,8,3,0.375,1,0,0
31,20,8,1,0.125,1,0,0
31,21,8,3,0.375,1,0,0
31,22,8,0,0.0,1,0,0
31,23,8,2,0.25,1,0,0
31,24,8,2,0.25,1,0,0
31,25,8,3,0.375,1,0,0
31,26,8,0,0.0,1,0,0
31,27,8,2,0.25,1,0,0
31,28,8,4,0.5,1,0,0
31,29,8,1,0.125,1,0,0
31,30,8,1,0.125,1,0,0
31,31,8,3,0.375,1,0,0
31,32,8,0,0.0,1,0,0
31,33,8,2,0.25,1,0,0
31,34,8,2,0.25,1,0,0
31,35,8,2,0.25,1,0,0
31,36,8,0,0.0,1,0,0
31,37,8,1,0.125,1,0,0
31,38,8,4,0.5,1,0,0
31,39,8,1,0.125,1,0,0
31,40,8,3,0.375,1,0,0
31,41,8,1,0.125,1,0,0
31,42,8,1,0.125,1,0,0
31,43,8,0,0.0,1,0,0
31,44,8,2,0.25,1,0,0
31,45,8,1,0.125,1,0,0
31,46,8,0,0.0,1,0,0
31,47,8,2,0.25,1,0,0
31,48,8,3,0.375,1,0,0
31,49,8,3,0.375,1,0,0
31,50,8,2,0.25,1,0,0
31,51,8,3,0.375,1,0,0
31,52,8,4,0.5,1,0,0
31,53,8,5,0.625,1,0,0
31,54,8,3,0.375,1,0,0
31,55,8,4,0.5,1,0,0
31,56,8,0,0.0,1,0,0
31,57,8,0,0.0,1,0,0
31,58,8,3,0.375,1,0,0
31,59,8,2,0.25,1,0,0
31,60,8,3,0.375,1,0,0
31,61,8,0,0.0,1,0,0
31,62,8,3,0.375,1,0,0
31,63,8,4,0.5,1,0,0
31,64,8,1,0.125,1,0,0
31,65,8,0,0.0,1,0,0
31,66,8,1,0.125,1,0,0
31,67,8,3,0.375,1,0,0
31,68,8,4,0.5,1,0,0
31,69,8,3,0.375,1,0,0
31,70,8,1,0.125,1,0,0
31,71,8,1,0.125,1,0,0
31,72,8,2,0.25,1,0,0
31,73,8,0,0.0,1,0,0
31,74,8,1,0.125,1,0,0
31,75,8,3,0.375,1,0,0
31,76,8,2,0.25,1,0,0
31,77,8,2,0.25,1,0,0
31,78,8,4,0.5,1,0,0
31,79,8,3,0.375,1,0,0
31,80,8,4,0.5,1,0,0
31,81,8,2,0.25,1,0,0
31,82,8,3,0.375,1,0,0
31,83,8,4,0.5,1,0,0
31,84,8,2,0.25,1,0,0
31,85,8,2,0.25,1,0,0
31,86,8,4,0.5,1,0,0
31,87,8,0,0.0,1,0,0
31,88,8,2,0.25,1,0,0
31,89,8,0,0.0,1,0,0
31,90,8,2,0.25,1,0,0
31,91,8,0,0.0,1,0,0
31,92,8,3,0.375,1,0,0
31,93,8,2,0.25,1,0,0
31,94,8,2,0.25,1,0,0
31,95,8,1,0.125,1,0,0
31,96,8,3,0.375,1,0,0
31,97,8,1,0.125,1,0,0
31,98,8,3,0.375,1,0,0
31,99,8,1,0.125,1,0,0
32,0,8,1,0.125,1,0,0
32,1,8,1,0.125,1,0,0
32,2,8,4,0.5,1,0,0
32,3,8,1,0.125,1,0,0
32,4,8,4,0.5,1,0,0
32,5,8,0,0.0,1,0,0
32,6,8,5,0.625,1,0,0
32,7,8,2,0.25,1,0,0
32,8,8,1,0.125,1,0,0
32,9,8,4,0.5,1,0,0
32,10,8,0,0.0,1,0,0
32,11,8,1,0.125,1,0,0
32,12,8,4,0.5,1,0,0
32,13,8,3,0.375,1,0,0
32,14,8,0,0.0,1,0,0
32,15,8,2,0.25,1,0,0
32,16,8,1,0.125,1,0,0
32,17,8,3,0.375,1,0,0
32,18,8,1,0.125,1,0,0
32,19,8,0,0.0,1,0,0
32,20,8,1,0.125,1,0,0
32,21,8,1,0.125,1,0,0
32,22,8,1,0.125,1,0,0
32,23,8,4,0.5,1,0,0
32,24,8,4,0.5,1,0,0
32,25,8,1,0.125,1,0,0
32,26,8,2,0.25,1,0,0
32,27,8,2,0.25,1,0,0
32,28,8,4,0.5,1,0,0
32,29,8,2,0.25,1,0,0
32,30,8,3,0.375,1,0,0
32,31,8,1,0.125,1,0,0
32,32,8,1,0.125,1,0,0
32,33,8,2,0.25,1,0,0
32,34,8,2,0.25,1,0,0
32,35,8,1,0.125,1,0,0
32,36,8,3,0.375,1,0,0
32,37,8,2,0.25,1,0,0
32,38,8,2,0.25,1,0,0
32,39,8,0,0.0,1,0,0
32,40,8,2,0.25,1,0,0
32,41,8,4,0.5,1,0,0
32,42,8,3,0.375,1,0,0
32,43,8,2,0.25,1,0,0
32,44,8,2,0.25,1,0,0
32,45,8,2,0.25,1,0,0
32,46,8,2,0.25,1,0,0
32,47,8,0,0.0,1,0,0
32,48,8,1,0.125,1,0,0
32,49,8,4,0.5,1,0,0
32,50,8,1,0.125,1,0,0
32,51,8,3,0.375,1,0,0
32,52,8,0,0.0,1,0,0
32,53,8,1,0.125,1,0,0
32,54,8,4,0.5,1,0,0
32,55,8,2,0.25,1,0,0
32,56,8,2,0.25,1,0,0
32,57,8,0,0.0,1,0,0
32,58,8,0,0.0,1,0,0
32,59,8,1,0.125,1,0,0
32,60,8,2,0.25,1,0,0
32,61,8,1,0.125,1,0,0
32,62,8,3,0.375,1,0,0
32,63,8,3,0.375,1,0,0
32,64,8,0,0.0,1,0,0
32,65,8,3,0.375,1,0,0
32,66,8,4,0.5,1,0,0
32,67,8,2,0.25,1,0,0
32,68,8,4,0.5,1,0,0
32,69,8,0,0.0,1,0,0
32,70,8,3,0.375,1,0,0
32,71,8,1,0.125,1,0,0
32,72,8,2,0.25,1,0,0
32,73,8,1,0.125,1,0,0
32,74,8,2,0.25,1,0,0
32,75,8,3,0.375,1,0,0
32,76,8,1,0.125,1,0,0
32,77,8,1,0.125,1,0,0
32,78,8,2,0.25,1,0,0
32,79,8,2,0.25,1,0,0
32,80,8,2,0.25,1,0,0
32,81,8,2,0.25,1,0,0
32,82,8,5,0.625,1,0,0
32,83,8,2,0.25,1,0,0
32,84,8,2,0.25,1,0,0
32,85,8,2,0.25,1,0,0
32,86,8,1,0.125,1,0,0
32,87,8,3,0.375,1,0,0
32,88,8,2,0.25,1,0,0
32,89,8,2,0.25,1,0,0
32,90,8,1,0.125,1,0,0
32,91,8,0,0.0,1,0,0
32,92,8,2,0.25,1,0,0
32,93,8,2,0.25,1,0,0
32,94,8,0,0.0,1,0,0
32,95,8,4,0.5,1,0,0
32,96,8,3,0.375,1,0,0
32,97,8,1,0.125,1,0,0
32,98,8,2,0.25,1,0,0
32,99,8,2,0.25,1,0,0
33,0,8,2,0.25,1,0,0
33,1,8,3,0.375,1,0,0
33,2,8,4,0.5,1,0,0
33,3,8,2,0.25,1,0,0
33,4,8,3,0.375,1,0,0
33,5,8,3,0.375,1,0,0
33,6,8,4,0.5,1,0,0
33,7,8,1,0.125,1,0,0
33,8,8,1,0.125,1,0,0
33,9,8,1,0.125,1,0,0
33,10,8,2,0.25,1,0,0
33,11,8,3,0.375,1,0,0
33,12,8,6,0.75,1,0,0
33,13,8,1,0.125,1,0,0
33,14,8,3,0.375,1,0,0
33,15,8,2,0.25,1,0,0
33,16,8,4,0.5,1,0,0
33,17,8,2,0.25,1,0,0
33,18,8,2,0.25,1,0,0
33,19,8,2,0.25,1,0,0
33,20,8,1,0.125,1,0,0
33,21,8,2,0.25,1,0,0
33,22,8,2,0.25,1,0,0
33,23,8,2,0.25,1,0,0
33,24,8,0,0.0,1,0,0
33,25,8,2,0.25,1,0,0
33,26,8,0,0.0,1,0,0
33,27,8,2,0.25,1,0,0
33,28,8,2,0.25,1,0,0
33,29,8,3,0.375,1,0,0
33,30,8,1,0.125,1,0,0
33,31,8,4,0.5,1,0,0
33,32,8,4,0.5,1,0,0
33,33,8,2,0.25,1,0,0
33,34,8,2,0.25,1,0,0
33,35,8,2,0.25,1,0,0
33,36,8,3,0.375,1,0,0
33,37,8,3,0.375,1,0,0
33,38,8,1,0.125,1,0,0
33,39,8,0,0.0,1,0,0
33,40,8,0,0.0,1,0,0
33,41,8,1,0.125,1,0,0
33,42,8,2,0.25,1,0,0
33,43,8,1,0.125,1,0,0
33,44,8,2,0.25,1,0,0
33,45,8,2,0.25,1,0,0
33,46,8,3,0.375,1,0,0
33,47,8,2,0.25,1,0,0
33,48,8,2,0.25,1,0,0
33,49,8,3,0.375,1,0,0
33,50,8,1,0.125,1,0,0
33,51,8,0,0.0,1,0,0
33,52,8,3,0.375,1,0,0
33,53,8,1,0.125,1,0,0
33,54,8,1,0.125,1,0,0
33,55,8,1,0.125,1,0,0
33,56,8,3,0.375,1,0,0
33,57,8,3,0.375,1,0,0
33,58,8,1,0.125,1,0,0
33,59,8,2,0.25,1,0,0
33,60,8,3,0.375,1,0,0
33,61,8,1,0.125,1,0,0
33,62,8,5,0.625,1,0,0
33,63,8,2,0.25,1,0,0
33,64,8,2,0.25,1,0,0
33,65,8,3,0.375,1,0,0
33,66,8,3,0.375,1,0,0
33,67,8,0,0.0,1,0,0
33,68,8,3,0.375,1,0,0
33,69,8,5,0.625,1,0,0
33,70,8,3,0.375,1,0,0
33,71,8,3,0.375,1,0,0
33,72,8,3,0.375,1,0,0
33,73,8,4,0.5,1,0,0
33,74,8,2,0.25,1,0,0
33,75,8,0,0.0,1,0,0
33,76,8,3,0.375,1,0,0
33,77,8,4,0.5,1,0,0
33,78,8,2,0.25,1,0,0
33,79,8,2,0.25,1,0,0
33,80,8,1,0.125,1,0,0
33,81,8,2,0.25,1,0,0
33,82,8,3,0.375,1,0,0
33,83,8,2,0.25,1,0,0
33,84,8,3,0.375,1,0,0
33,85,8,2,0.25,1,0,0
33,86,8,3,0.375,1,0,0
33,87,8,0,0.0,1,0,0
33,88,8,2,0.25,1,0,0
33,89,8,1,0.125,1,0,0
33,90,8,4,0.5,1,0,0
33,91,8,5,0.625,1,0,0
33,92,8,2,0.25,1,0,0
33,93,8,0,0.0,1,0,0
33,94,8,1,0.125,1,0,0
33,95,8,1,0.125,1,0,0
33,96,8,2,0.25,1,0,0
33,97,8,1,0.125,1,0,0
33,98,8,1,0.125,1,0,0
33,99,8,2,0.25,1,0,0
34,0,8,1,0.125,1,0,0
34,1,8,1,0.125,1,0,0
34,2,8,2,0.25,1,0,0
34,3,8,0,0.0,1,0,0
34,4,8,1,0.125,1,0,0
34,5,8,2,0.25,1,0,0
34,6,8,2,0.25,1,0,0
34,7,8,1,0.125,1,0,0
34,8,8,2,0.25,1,0,0
34,9,8,1,0.125,1,0,0
34,10,8,1,0.125,1,0,0
34,11,8,3,0.375,1,0,0
34,12,8,1,0.125,1,0,0
34,13,8,1,0.125,1,0,0
34,14,8,2,0.25,1,0,0
34,15,8,2,0.25,1,0,0
34,16,8,4,0.5,1,0,0
34,17,8,1,0.125,1,0,0
34,18,8,2,0.25,1,0,0
34,19,8,2,0.25,1,0,0
34,20,8,2,0.25,1,0,0
34,21,8,1,0.125,1,0,0
34,22,8,1,0.125,1,0,0
34,23,8,1,0.125,1,0,0
34,24,8,3,0.375,1,0,0
34,25,8,0,0.0,1,0,0
34,26,8,2,0.25,1,0,0
34,27,8,1,0.125,1,0,0
34,28,8,1,0.125,1,0,0
34,29,8,3,0.375,1,0,0
34,30,8,5,0.625,1,0,0
34,31,8,0,0.0,1,0,0
34,32,8,1,0.125,1,0,0
34,33,8,0,0.0,1,0,0
34,34,8,4,0.5,1,0,0
34,35,8,3,0.375,1,0,0
34,36,8,6,0.75,1,0,0
34,37,8,4,0.5,1,0,0
34,38,8,3,0.375,1,0,0
34,39,8,2,0.25,1,0,0
34,40,8,1,0.125,1,0,0
34,41,8,0,0.0,1,0,0
34,42,8,3,0.375,1,0,0
34,43,8,0,0.0,1,0,0
34,44,8,2,0.25,1,0,0
34,45,8,1,0.125,1,0,0
34,46,8,1,0.125,1,0,0
34,47,8,1,0.125,1,0,0
34,48,8,5,0.625,1,0,0
34,49,8,1,0.125,1,0,0
34,50,8,2,0.25,1,0,0
34,51,8,2,0.25,1,0,0
34,52,8,2,0.25,1,0,0
34,53,8,1,0.125,1,0,0
34,54,8,2,0.25,1,0,0
34,55,8,2,0.25,1,0,0
34,56,8,0,0.0,1,0,0
34,57,8,3,0.375,1,0,0
34,58,8,2,0.25,1,0,0
34,59,8,4,0.5,1,0,0
34,60,8,1,0.125,1,0,0
34,61,8,3,0.375,1,0,0
34,62,8,1,0.125,1,0,0
34,63,8,1,0.125,1,0,0
34,64,8,1,0.125,1,0,0
34,65,8,1,0.125,1,0,0
34,66,8,1,0.125,1,0,0
34,67,8,3,0.375,1,0,0
34,68,8,2,0.25,1,0,0
34,69,8,2,0.25,1,0,0
34,70,8,1,0.125,1,0,0
34,71,8,2,0.25,1,0,0
34,72,8,2,0.25,1,0,0
34,73,8,3,0.375,1,0,0
34,74,8,3,0.375,1,0,0
34,75,8,3,0.375,1,0,0
34,76,8,2,0.25,1,0,0
34,77,8,3,0.375,1,0,0
34,78,8,2,0.25,1,0,0
34,79,8,2,0.25,1,0,0
34,80,8,2,0.25,1,0,0
34,81,8,4,0.5,1,0,0
34,82,8,1,0.125,1,0,0
34,83,8,1,0.125,1,0,0
34,84,8,2,0.25,1,0,0
34,85,8,1,0.125,1,0,0
34,86,8,2,0.25,1,0,0
34,87,8,1,0.125,1,0,0
34,88,8,1,0.125,1,0,0
34,89,8,4,0.5,1,0,0
34,90,8,0,0.0,1,0,0
34,91,8,2,0.25,1,0,0
34,92,8,1,0.125,1,0,0
34,93,8,2,0.25,1,0,0
34,94,8,1,0.125,1,0,0
34,95,8,2,0.25,1,0,0
34,96,8,3,0.375,1,0,0
34,97,8,2,0.25,1,0,0
34,98,8,1,0.125,1,0,0
34,99,8,3,0.375,1,0,0
35,0,8,4,0.5,1,0,0
35,1,8,2,0.25,1,0,0
35,2,8,3,0.375,1,0,0
35,3,8,2,0.25,1,0,0
35,4,8,1,0.125,1,0,0
35,5,8,2,0.25,1,0,0
35,6,8,1,0.125,1,0,0
35,7,8,0,0.0,1,0,0
35,8,8,2,0.25,1,0,0
35,9,8,1,0.125,1,0,0
35,10,8,2,0.25,1,0,0
35,11,8,3,0.375,1,0,0
35,12,8,2,0.25,1,0,0
35,13,8,5,0.625,1,0,0
35,14,8,4,0.5,1,0,0
35,15,8,1,0.125,1,0,0
35,16,8,1,0.125,1,0,0
35,17,8,1,0.125,1,0,0
35,18,8,3,0.375,1,0,0
35,19,8,1,0.125,1,0,0
35,20,8,0,0.0,1,0,0
35,21,8,4,0.5,1,0,0
35,22,8,0,0.0,1,0,0
35,23,8,5,0.625,1,0,0
35,24,8,3,0.375,1,0,0
35,25,8,4,0.5,1,0,0
35,26,8,1,0.125,1,0,0
35,27,8,4,0.5,1,0,0
35,28,8,0,0.0,1,0,0
35,29,8,1,0.125,1,0,0
35,30,8,2,0.25,1,0,0
35,31,8,2,0.25,1,0,0
35,32,8,3,0.375,1,0,0
35,33,8,1,0.125,1,0,0
35,34,8,0,0.0,1,0,0
35,35,8,3,0.375,1,0,0
35,36,8,1,0.125,1,0,0
35,37,8,3,0.375,1,0,0
35,38,8,2,0.25,1,0,0
35,39,8,3,0.375,1,0,0
35,40,8,3,0.375,1,0,0
35,41,8,1,0.125,1,0,0
35,42,8,1,0.125,1,0,0
35,43,8,1,0.125,1,0,0
35,44,8,3,0.375,1,0,0
35,45,8,3,0.375,1,0,0
35,46,8,4,0.5,1,0,0
35,47,8,1,0.125,1,0,0
35,48,8,2,0.25,1,0,0
35,49,8,2,0.25,1,0,0
35,50,8,2,0.25,1,0,0
35,51,8,3,0.375,1,0,0
35,52,8,2,0.25,1,0,0
35,53,8,3,0.375,1,0,0
35,54,8,2,0.25,1,0,0
35,55,8,0,0.0,1,0,0
35,56,8,3,0.375,1,0,0
35,57,8,1,0.125,1,0,0
35,58,8,3,0.375,1,0,0
35,59,8,1,0.125,1,0,0
35,60,8,3,0.375,1,0,0
35,61,8,1,0.125,1,0,0
35,62,8,1,0.125,1,0,0
35,63,8,4,0.5,1,0,0
35,64,8,3,0.375,1,0,0
35,65,8,2,0.25,1,0,0
35,66,8,1,0.125,1,0,0
35,67,8,1,0.125,1,0,0
35,68,8,2,0.25,1,0,0
35,69,8,0,0.0,1,0,0
35,70,8,1,0.125,1,0,0
35,71,8,3,0.375,1,0,0
35,72,8,1,0.125,1,0,0
35,73,8,2,0.25,1,0,0
35,74,8,3,0.375,1,0,0
35,75,8,2,0.25,1,0,0
35,76,8,3,0.375,1,0,0
35,77,8,1,0.125,1,0,0
35,78,8,1,0.125,1,0,0
35,79,8,0,0.0,1,0,0
35,80,8,0,0.0,1,0,0
35,81,8,1,0.125,1,0,0
35,82,8,2,0.25,1,0,0
35,83,8,2,0.25,1,0,0
35,84,8,4,0.5,1,0,0
35,85,8,1,0.125,1,0,0
35,86,8,3,0.375,1,0,0
35,87,8,2,0.25,1,0,0
35,88,8,1,0.125,1,0,0
35,89,8,2,0.25,1,0,0
35,90,8,1,0.125,1,0,0
35,91,8,1,0.125,1,0,0
35,92,8,3,0.375,1,0,0
35,93,8,1,0.125,1,0,0
35,94,8,2,0.25,1,0,0
35,95,8,6,0.75,1,0,0
35,96,8,2,0.25,1,0,0
35,97,8,0,0.0,1,0,0
35,98,8,1,0.125,1,0,0
35,99,8,2,0.25,1,0,0
36,0,8,1,0.125,1,0,0
36,1,8,0,0.0,1,0,0
36,2,8,1,0.125,1,0,0
36,3,8,6,0.75,1,0,0
36,4,8,2,0.25,1,0,0
36,5,8,1,0.125,1,0,0
36,6,8,2,0.25,1,0,0
36,7,8,4,0.5,1,0,0
36,8,8,1,0.125,1,0,0
36,9,8,3,0.375,1,0,0
36,10,8,2,0.25,1,0,0
36,11,8,1,0.125,1,0,0
36,12,8,0,0.0,1,0,0
36,13,8,4,0.5,1,0,0
36,14,8,1,0.125,1,0,0
36,15,8,0,0.0,1,0,0
36,16,8,2,0.25,1,0,0
36,17,8,1,0.125,1,0,0
36,18,8,1,0.125,1,0,0
36,19,8,1,0.125,1,0,0
36,20,8,1,0.125,1,0,0
36,21,8,1,0.125,1,0,0
36,22,8,2,0.25,1,0,0
36,23,8,1,0.125,1,0,0
36,24,8,3,0.375,1,0,0
36,25,8,1,0.125,1,0,0
36,26,8,2,0.25,1,0,0
36,27,8,3,0.375,1,0,0
36,28,8,2,0.25,1,0,0
36,29,8,3,0.375,1,0,0
36,30,8,5,0.625,1,0,0
36,31,8,2,0.25,1,0,0
36,32,8,2,0.25,1,0,0
36,33,8,2,0.25,1,0,0
36,34,8,3,0.375,1,0,0
36,35,8,0,0.0,1,0,0
36,36,8,1,0.125,1,0,0
36,37,8,3,0.375,1,0,0
36,38,8,0,0.0,1,0,0
36,39,8,1,0.125,1,0,0
36,40,8,2,0.25,1,0,0
36,41,8,3,0.375,1,0,0
36,42,8,2,0.25,1,0,0
36,43,8,1,0.125,1,0,0
36,44,8,3,0.375,1,0,0
36,45,8,2,0.25,1,0,0
36,46,8,2,0.25,1,0,0
36,47,8,4,0.5,1,0,0
36,48,8,2,0.25,1,0,0
36,49,8,1,0.125,1,0,0
36,50,8,1,0.125,1,0,0
36,51,8,3,0.375,1,0,0
36,52,8,0,0.0,1,0,0
36,53,8,1,0.125,1,0,0
36,54,8,0,0.0,1,0,0
36,55,8,4,0.5,1,0,0
36,56,8,1,0.125,1,0,0
36,57,8,2,0.25,1,0,0
36,58,8,1,0.125,1,0,0
36,59,8,3,0.375,1,0,0
36,60,8,2,0.25,1,0,0
36,61,8,1,0.125,1,0,0
36,62,8,2,0.25,1,0,0
36,63,8,3,0.375,1,0,0
36,64,8,3,0.375,1,0,0
36,65,8,3,0.375,1,0,0
36,66,8,4,0.5,1,0,0
36,67,8,3,0.375,1,0,0
36,68,8,2,0.25,1,0,0
36,69,8,1,0.125,1,0,0
36,70,8,1,0.125,1,0,0
36,71,8,2,0.25,1,0,0
36,72,8,0,0.0,1,0,0
36,73,8,5,0.625,1,0,0
36,74,8,1,0.125,1,0,0
36,75,8,0,0.0,1,0,0
36,76,8,0,0.0,1,0,0
36,77,8,3,0.375,1,0,0
36,78,8,3,0.375,1,0,0
36,79,8,2,0.25,1,0,0
36,80,8,3,0.375,1,0,0
36,81,8,3,0.375,1,0,0
36,82,8,2,0.25,1,0,0
36,83,8,1,0.125,1,0,0
36,84,8,1,0.125,1,0,0
36,85,8,0,0.0,1,0,0
36,86,8,2,0.25,1,0,0
36,87,8,1,0.125,1,0,0
36,88,8,1,0.125,1,0,0
36,89,8,3,0.375,1,0,0
36,90,8,2,0.25,1,0,0
36,91,8,4,0.5,1,0,0
36,92,8,5,0.625,1,0,0
36,93,8,2,0.25,1,0,0
36,94,8,1,0.125,1,0,0
36,95,8,2,0.25,1,0,0
36,96,8,3,0.375,1,0,0
36,97,8,3,0.375,1,0,0
36,98,8,4,0.5,1,0,0
36,99,8,3,0.375,1,0,0
37,0,8,1,0.125,1,0,0
37,1,8,1,0.125,1,0,0
37,2,8,1,0.125,1,0,0
37,3,8,2,0.25,1,0,0
37,4,8,2,0.25,1,0,0
37,5,8,2,0.25,1,0,0
37,6,8,3,0.375,1,0,0
37,7,8,3,0.375,1,0,0
37,8,8,2,0.25,1,0,0
37,9,8,3,0.375,1,0,0
37,10,8,0,0.0,1,0,0
37,11,8,2,0.25,1,0,0
37,12,8,1,0.125,1,0,0
37,13,8,3,0.375,1,0,0
37,14,8,0,0.0,1,0,0
37,15,8,3,0.375,1,0,0
37,16,8,4,0.5,1,0,0
37,17,8,1,0.125,1,0,0
37,18,8,1,0.125,1,0,0
37,19,8,2,0.25,1,0,0
37,20,8,2,0.25,1,0,0
37,21,8,2,0.25,1,0,0
37,22,8,3,0.375,1,0,0
37,23,8,4,0.5,1,0,0
37,24,8,2,0.25,1,0,0
37,25,8,0,0.0,1,0,0
37,26,8,0,0.0,1,0,0
37,27,8,3,0.375,1,0,0
37,28,8,2,0.25,1,0,0
37,29,8,0,0.0,1,0,0
37,30,8,3,0.375,1,0,0
37,31,8,1,0.125,1,0,0
37,32,8,2,0.25,1,0,0
37,33,8,2,0.25,1,0,0
37,34,8,0,0.0,1,0,0
37,35,8,3,0.375,1,0,0
37,36,8,3,0.375,1,0,0
37,37,8,1,0.125,1,0,0
37,38,8,3,0.375,1,0,0
37,39,8,0,0.0,1,0,0
37,40,8,3,0.375,1,0,0
37,41,8,2,0.25,1,0,0
37,42,8,2,0.25,1,0,0
37,43,8,2,0.25,1,0,0
37,44,8,2,0.25,1,0,0
37,45,8,2,0.25,1,0,0
37,46,8,3,0.375,1,0,0
37,47,8,0,0.0,1,0,0
37,48,8,1,0.125,1,0,0
37,49,8,1,0.125,1,0,0
37,50,8,3,0.375,1,0,0
37,51,8,3,0.375,1,0,0
37,52,8,1,0.125,1,0,0
37,53,8,1,0.125,1,0,0
37,54,8,2,0.25,1,0,0
37,55,8,2,0.25,1,0,0
37,56,8,1,0.125,1,0,0
37,57,8,2,0.25,1,0,0
37,58,8,0,0.0,1,0,0
37,59,8,2,0.25,1,0,0
37,60,8,1,0.125,1,0,0
37,61,8,3,0.375,1,0,0
37,62,8,3,0.375,1,0,0
37,63,8,3,0.375,1,0,0
37,64,8,1,0.125,1,0,0
37,65,8,3,0.375,1,0,0
37,66,8,2,0.25,1,0,0
37,67,8,3,0.375,1,0,0
37,68,8,1,0.125,1,0,0
37,69,8,0,0.0,1,0,0
37,70,8,1,0.125,1,0,0
37,71,8,4,0.5,1,0,0
37,72,8,1,0.125,1,0,0
37,73,8,3,0.375,1,0,0
37,74,8,2,0.25,1,0,0
37,75,8,0,0.0,1,0,0
37,76,8,2,0.25,1,0,0
37,77,8,0,0.0,1,0,0
37,78,8,1,0.125,1,0,0
37,79,8,0,0.0,1,0,0
37,80,8,2,0.25,1,0,0
37,81,8,2,0.25,1,0,0
37,82,8,0,0.0,1,0,0
37,83,8,0,0.0,1,0,0
37,84,8,0,0.0,1,0,0
37,85,8,0,0.0,1,0,0
37,86,8,1,0.125,1,0,0
37,87,8,2,0.25,1,0,0
37,88,8,2,0.25,1,0,0
37,89,8,3,0.375,1,0,0
37,90,8,1,0.125,1,0,0
37,91,8,1,0.125,1,0,0
37,92,8,3,0.375,1,0,0
37,93,8,4,0.5,1,0,0
37,94,8,4,0.5,1,0,0
37,95,8,2,0.25,1,0,0
37,96,8,1,0.125,1,0,0
37,97,8,1,0.125,1,0,0
37,98,8,3,0.375,1,0,0
37,99,8,1,0.125,1,0,0
38,0,8,2,0.25,1,0,0
38,1,8,3,0.375,1,0,0
38,2,8,4,0.5,1,0,0
38,3,8,1,0.125,1,0,0
38,4,8,2,0.25,1,0,0
38,5,8,5,0.625,1,0,0
38,6,8,2,0.25,1,0,0
38,7,8,1,0.125,1,0,0
38,8,8,2,0.25,1,0,0
38,9,8,2,0.25,1,0,0
38,10,8,1,0.125,1,0,0
38,11,8,2,0.25,1,0,0
38,12,8,2,0.25,1,0,0
38,13,8,0,0.0,1,0,0
38,14,8,3,0.375,1,0,0
38,15,8,2,0.25,1,0,0
38,16,8,0,0.0,1,0,0
38,17,8,2,0.25,1,0,0
38,18,8,1,0.125,1,0,0
38,19,8,4,0.5,1,0,0
38,20,8,2,0.25,1,0,0
38,21,8,4,0.5,1,0,0
38,22,8,2,0.25,1,0,0
38,23,8,2,0.25,1,0,0
38,24,8,2,0.25,1,0,0
38,25,8,2,0.25,1,0,0
38,26,8,3,0.375,1,0,0
38,27,8,2,0.25,1,0,0
38,28,8,1,0.125,1,0,0
38,29,8,1,0.125,1,0,0
38,30,8,2,0.25,1,0,0
38,31,8,2,0.25,1,0,0
38,32,8,1,0.125,1,0,0
38,33,8,1,0.125,1,0,0
38,34,8,5,0.625,1,0,0
38,35,8,1,0.125,1,0,0
38,36,8,1,0.125,1,0,0
38,37,8,3,0.375,1,0,0
38,38,8,2,0.25,1,0,0
38,39,8,3,0.375,1,0,0
38,40,8,3,0.375,1,0,0
38,41,8,3,0.375,1,0,0
38,42,8,2,0.25,1,0,0
38,43,8,3,0.375,1,0,0
38,44,8,2,0.25,1,0,0
38,45,8,1,0.125,1,0,0
38,46,8,1,0.125,1,0,0
38,47,8,3,0.375,1,0,0
38,48,8,2,0.25,1,0,0
38,49,8,0,0.0,1,0,0
38,50,8,1,0.125,1,0,0
38,51,8,2,0.25,1,0,0
38,52,8,1,0.125,1,0,0
38,53,8,2,0.25,1,0,0
38,54,8,4,0.5,1,0,0
38,55,8,0,0.0,1,0,0
38,56,8,1,0.125,1,0,0
38,57,8,1,0.125,1,0,0
38,58,8,0,0.0,1,0,0
38,59,8,1,0.125,1,0,0
38,60,8,2,0.25,1,0,0
38,61,8,2,0.25,1,0,0
38,62,8,3,0.375,1,0,0
38,63,8,2,0.25,1,0,0
38,64,8,4,0.5,1,0,0
38,65,8,3,0.375,1,0,0
38,66,8,2,0.25,1,0,0
38,67,8,2,0.25,1,0,0
38,68,8,1,0.125,1,0,0
38,69,8,1,0.125,1,0,0
38,70,8,3,0.375,1,0,0
38,71,8,1,0.125,1,0,0
38,72,8,2,0.25,1,0,0
38,73,8,2,0.25,1,0,0
38,74,8,3,0.375,1,0,0
38,75,8,3,0.375,1,0,0
38,76,8,1,0.125,1,0,0
38,77,8,4,0.5,1,0,0
38,78,8,1,0.125,1,0,0
38,79,8,3,0.375,1,0,0
38,80,8,5,0.625,1,0,0
38,81,8,1,0.125,1,0,0
38,82,8,1,0.125,1,0,0
38,83,8,4,0.5,1,0,0
38,84,8,1,0.125,1,0,0
38,85,8,2,0.25,1,0,0
38,86,8,2,0.25,1,0,0
38,87,8,0,0.0,1,0,0
38,88,8,4,0.5,1,0,0
38,89,8,0,0.0,1,0,0
38,90,8,4,0.5,1,0,0
38,91,8,2,0.25,1,0,0
38,92,8,2,0.25,1,0,0
38,93,8,0,0.0,1,0,0
38,94,8,0,0.0,1,0,0
38,95,8,3,0.375,1,0,0
38,96,8,1,0.125,1,0,0
38,97,8,3,0.375,1,0,0
38,98,8,2,0.25,1,0,0
38,99,8,2,0.25,1,0,0
39,0,8,2,0.25,1,0,0
39,1,8,1,0.125,1,0,0
39,2,8,2,0.25,1,0,0
39,3,8,1,0.125,1,0,0
39,4,8,1,0.125,1,0,0
39,5,8,2,0.25,1,0,0
39,6,8,3,0.375,1,0,0
39,7,8,2,0.25,1,0,0
39,8,8,2,0.25,1,0,0
39,9,8,1,0.125,1,0,0
39,10,8,4,0.5,1,0,0
39,11,8,3,0.375,1,0,0
39,12,8,3,0.375,1,0,0
39,13,8,2,0.25,1,0,0
39,14,8,1,0.125,1,0,0
39,15,8,1,0.125,1,0,0
39,16,8,4,0.5,1,0,0
39,17,8,2,0.25,1,0,0
39,18,8,3,0.375,1,0,0
39,19,8,2,0.25,1,0,0
39,20,8,1,0.125,1,0,0
39,21,8,3,0.375,1,0,0
39,22,8,4,0.5,1,0,0
39,23,8,4,0.5,1,0,0
39,24,8,2,0.25,1,0,0
39,25,8,1,0.125,1,0,0
39,26,8,1,0.125,1,0,0
39,27,8,2,0.25,1,0,0
39,28,8,1,0.125,1,0,0
39,29,8,4,0.5,1,0,0
39,30,8,6,0.75,1,0,0
39,31,8,2,0.25,1,0,0
39,32,8,1,0.125,1,0,0
39,33,8,2,0.25,1,0,0
39,34,8,3,0.375,1,0,0
39,35,8,2,0.25,1,0,0
39,36,8,1,0.125,1,0,0
39,37,8,2,0.25,1,0,0
39,38,8,2,0.25,1,0,0
39,39,8,3,0.375,1,0,0
39,40,8,3,0.375,1,0,0
39,41,8,2,0.25,1,0,0
39,42,8,3,0.375,1,0,0
39,43,8,2,0.25,1,0,0
39,44,8,1,0.125,1,0,0
39,45,8,0,0.0,1,0,0
39,46,8,4,0.5,1,0,0
39,47,8,4,0.5,1,0,0
39,48,8,4,0.5,1,0,0
39,49,8,5,0.625,1,0,0
39,50,8,3,0.375,1,0,0
39,51,8,2,0.25,1,0,0
39,52,8,3,0.375,1,0,0
39,53,8,1,0.125,1,0,0
39,54,8,1,0.125,1,0,0
39,55,8,0,0.0,1,0,0
39,56,8,3,0.375,1,0,0
39,57,8,4,0.5,1,0,0
39,58,8,0,0.0,1,0,0
39,59,8,2,0.25,1,0,0
39,60,8,2,0.25,1,0,0
39,61,8,2,0.25,1,0,0
39,62,8,1,0.125,1,0,0
39,63,8,1,0.125,1,0,0
39,64,8,2,0.25,1,0,0
39,65,8,2,0.25,1,0,0
39,66,8,1,0.125,1,0,0
39,67,8,2,0.25,1,0,0
39,68,8,2,0.25,1,0,0
39,69,8,1,0.125,1,0,0
39,70,8,2,0.25,1,0,0
39,71,8,1,0.125,1,0,0
39,72,8,2,0.25,1,0,0
39,73,8,2,0.25,1,0,0
39,74,8,2,0.25,1,0,0
39,75,8,2,0.25,1,0,0
39,76,8,0,0.0,1,0,0
39,77,8,4,0.5,1,0,0
39,78,8,1,0.125,1,0,0
39,79,8,3,0.375,1,0,0
39,80,8,1,0.125,1,0,0
39,81,8,0,0.0,1,0,0
39,82,8,3,0.375,1,0,0
39,83,8,0,0.0,1,0,0
39,84,8,1,0.125,1,0,0
39,85,8,1,0.125,1,0,0
39,86,8,3,0.375,1,0,0
39,87,8,2,0.25,1,0,0
39,88,8,2,0.25,1,0,0
39,89,8,0,0.0,1,0,0
39,90,8,2,0.25,1,0,0
39,91,8,3,0.375,1,0,0
39,92,8,1,0.125,1,0,0
39,93,8,2,0.25,1,0,0
39,94,8,3,0.375,1,0,0
39,95,8,4,0.5,1,0,0
39,96,8,1,0.125,1,0,0
39,97,8,2,0.25,1,0,0
39,98,8,2,0.25,1,0,0
39,99,8,2,0.25,1,0,0
40,0,8,1,0.125,1,0,0
40,1,8,3,0.375,1,0,0
40,2,8,3,0.375,1,0,0
40,3,8,1,0.125,1,0,0
40,4,8,4,0.5,1,0,0
40,5,8,1,0.125,1,0,0
40,6,8,0,0.0,1,0,0
40,7,8,4,0.5,1,0,0
40,8,8,1,0.125,1,0,0
40,9,8,1,0.125,1,0,0
40,10,8,1,0.125,1,0,0
40,11,8,2,0.25,1,0,0
40,12,8,2,0.25,1,0,0
40,13,8,2,0.25,1,0,0
40,14,8,4,0.5,1,0,0
40,15,8,2,0.25,1,0,0
40,16,8,4,0.5,1,0,0
40,17,8,1,0.125,1,0,0
40,18,8,1,0.125,1,0,0
40,19,8,4,0.5,1,0,0
40,20,8,1,0.125,1,0,0
40,21,8,2,0.25,1,0,0
40,22,8,0,0.0,1,0,0
40,23,8,3,0.375,1,0,0
40,24,8,3,0.375,1,0,0
40,25,8,3,0.375,1,0,0
40,26,8,3,0.375,1,0,0
40,27,8,2,0.25,1,0,0
40,28,8,1,0.125,1,0,0
40,29,8,2,0.25,1,0,0
40,30,8,2,0.25,1,0,0
40,31,8,3,0.375,1,0,0
40,32,8,4,0.5,1,0,0
40,33,8,1,0.125,1,0,0
40,34,8,0,0.0,1,0,0
40,35,8,3,0.375,1,0,0
40,36,8,1,0.125,1,0,0
40,37,8,4,0.5,1,0,0
40,38,8,4,0.5,1,0,0
40,39,8,2,0.25,1,0,0
40,40,8,3,0.375,1,0,0
40,41,8,3,0.375,1,0,0
40,42,8,1,0.125,1,0,0
40,43,8,1,0.125,1,0,0
40,44,8,4,0.5,1,0,0
40,45,8,2,0.25,1,0,0
40,46,8,1,0.125,1,0,0
40,47,8,1,0.125,1,0,0
40,48,8,0,0.0,1,0,0
40,49,8,3,0.375,1,0,0
40,50,8,1,0.125,1,0,0
40,51,8,3,0.375,1,0,0
40,52,8,3,0.375,1,0,0
40,53,8,3,0.375,1,0,0
40,54,8,4,0.5,1,0,0
40,55,8,1,0.125,1,0,0
40,56,8,4,0.5,1,0,0
40,57,8,2,0.25,1,0,0
40,58,8,1,0.125,1,0,0
40,59,8,1,0.125,1,0,0
40,60,8,2,0.25,1,0,0
40,61,8,1,0.125,1,0,0
40,62,8,1,0.125,1,0,0
40,63,8,1,0.125,1,0,0
40,64,8,2,0.25,1,0,0
40,65,8,2,0.25,1,0,0
40,66,8,1,0.125,1,0,0
40,67,8,4,0.5,1,0,0
40,68,8,3,0.375,1,0,0
40,69,8,3,0.375,1,0,0
40,70,8,1,0.125,1,0,0
40,71,8,2,0.25,1,0,0
40,72,8,2,0.25,1,0,0
40,73,8,0,0.0,1,0,0
40,74,8,1,0.125,1,0,0
40,75,8,1,0.125,1,0,0
40,76,8,4,0.5,1,0,0
40,77,8,2,0.25,1,0,0
40,78,8,2,0.25,1,0,0
40,79,8,1,0.125,1,0,0
40,80,8,2,0.25,1,0,0
40,81,8,2,0.25,1,0,0
40,82,8,2,0.25,1,0,0
40,83,8,5,0.625,1,0,0
40,84,8,3,0.375,1,0,0
40,85,8,2,0.25,1,0,0
40,86,8,4,0.5,1,0,0
40,87,8,3,0.375,1,0,0
40,88,8,1,0.125,1,0,0
40,89,8,0,0.0,1,0,0
40,90,8,2,0.25,1,0,0
40,91,8,5,0.625,1,0,0
40,92,8,2,0.25,1,0,0
40,93,8,2,0.25,1,0,0
40,94,8,0,0.0,1,0,0
40,95,8,3,0.375,1,0,0
40,96,8,0,0.0,1,0,0
40,97,8,1,0.125,1,0,0
40,98,8,1,0.125,1,0,0
40,99,8,2,0.25,1,0,0
41,0,8,2,0.25,1,0,0
41,1,8,1,0.125,1,0,0
41,2,8,3,0.375,1,0,0
41,3,8,0,0.0,1,0,0
41,4,8,3,0.375,1,0,0
41,5,8,2,0.25,1,0,0
41,6,8,4,0.5,1,0,0
41,7,8,6,0.75,1,0,0
41,8,8,1,0.125,1,0,0
41,9,8,5,0.625,1,0,0
41,10,8,0,0.0,1,0,0
41,11,8,2,0.25,1,0,0
41,12,8,1,0.125,1,0,0
41,13,8,1,0.125,1,0,0
41,14,8,4,0.5,1,0,0
41,15,8,2,0.25,1,0,0
41,16,8,4,0.5,1,0,0
41,17,8,4,0.5,1,0,0
41,18,8,4,0.5,1,0,0
41,19,8,1,0.125,1,0,0
41,20,8,0,0.0,1,0,0
41,21,8,2,0.25,1,0,0
41,22,8,1,0.125,1,0,0
41,23,8,2,0.25,1,0,0
41,24,8,0,0.0,1,0,0
41,25,8,1,0.125,1,0,0
41,26,8,5,0.625,1,0,0
41,27,8,1,0.125,1,0,0
41,28,8,2,0.25,1,0,0
41,29,8,1,0.125,1,0,0
41,30,8,2,0.25,1,0,0
41,31,8,0,0.0,1,0,0
41,32,8,0,0.0,1,0,0
41,33,8,0,0.0,1,0,0
41,34,8,1,0.125,1,0,0
41,35,8,3,0.375,1,0,0
41,36,8,4,0.5,1,0,0
41,37,8,1,0.125,1,0,0
41,38,8,2,0.25,1,0,0
41,39,8,3,0.375,1,0,0
41,40,8,1,0.125,1,0,0
41,41,8,4,0.5,1,0,0
41,42,8,2,0.25,1,0,0
41,43,8,1,0.125,1,0,0
41,44,8,2,0.25,1,0,0
41,45,8,0,0.0,1,0,0
41,46,8,2,0.25,1,0,0
41,47,8,2,0.25,1,0,0
41,48,8,2,0.25,1,0,0
41,49,8,2,0.25,1,0,0
41,50,8,5,0.625,1,0,0
41,51,8,4,0.5,1,0,0
41,52,8,1,0.125,1,0,0
41,53,8,2,0.25,1,0,0
41,54,8,2,0.25,1,0,0
41,55,8,3,0.375,1,0,0
41,56,8,3,0.375,1,0,0
41,57,8,4,0.5,1,0,0
41,58,8,1,0.125,1,0,0
41,59,8,3,0.375,1,0,0
41,60,8,2,0.25,1,0,0
41,61,8,1,0.125,1,0,0
41,62,8,6,0.75,1,0,0
41,63,8,1,0.125,1,0,0
41,64,8,2,0.25,1,0,0
41,65,8,2,0.25,1,0,0
41,66,8,2,0.25,1,0,0
41,67,8,3,0.375,1,0,0
41,68,8,2,0.25,1,0,0
41,69,8,2,0.25,1,0,0
41,70,8,5,0.625,1,0,0
41,71,8,1,0.125,1,0,0
41,72,8,0,0.0,1,0,0
41,73,8,0,0.0,1,0,0
41,74,8,0,0.0,1,0,0
41,75,8,3,0.375,1,0,0
41,76,8,3,0.375,1,0,0
41,77,8,1,0.125,1,0,0
41,78,8,2,0.25,1,0,0
41,79,8,0,0.0,1,0,0
41,80,8,0,0.0,1,0,0
41,81,8,1,0.125,1,0,0
41,82,8,3,0.375,1,0,0
41,83,8,0,0.0,1,0,0
41,84,8,2,0.25,1,0,0
41,85,8,0,0.0,1,0,0
41,86,8,2,0.25,1,0,0
41,87,8,1,0.125,1,0,0
41,88,8,3,0.375,1,0,0
41,89,8,2,0.25,1,0,0
41,90,8,1,0.125,1,0,0
41,91,8,1,0.125,1,0,0
41,92,8,3,0.375,1,0,0
41,93,8,0,0.0,1,0,0
41,94,8,3,0.375,1,0,0
41,95,8,2,0.25,1,0,0
41,96,8,4,0.5,1,0,0
41,97,8,2,0.25,1,0,0
41,98,8,2,0.25,1,0,0
41,99,8,3,0.375,1,0,0
42,0,8,2,0.25,1,0,0
42,1,8,3,0.375,1,0,0
42,2,8,4,0.5,1,0,0
42,3,8,2,0.25,1,0,0
42,4,8,1,0.125,1,0,0
42,5,8,3,0.375,1,0,0
42,6,8,3,0.375,1,0,0
42,7,8,0,0.0,1,0,0
42,8,8,1,0.125,1,0,0
42,9,8,3,0.375,1,0,0
42,10,8,2,0.25,1,0,0
42,11,8,0,0.0,1,0,0
42,12,8,1,0.125,1,0,0
42,13,8,0,0.0,1,0,0
42,14,8,4,0.5,1,0,0
42,15,8,2,0.25,1,0,0
42,16,8,2,0.25,1,0,0
42,17,8,3,0.375,1,0,0
42,18,8,3,0.375,1,0,0
42,19,8,2,0.25,1,0,0
42,20,8,2,0.25,1,0,0
42,21,8,2,0.25,1,0,0
42,22,8,4,0.5,1,0,0
42,23,8,2,0.25,1,0,0
42,24,8,4,0.5,1,0,0
42,25,8,2,0.25,1,0,0
42,26,8,4,0.5,1,0,0
42,27,8,1,0.125,1,0,0
42,28,8,1,0.125,1,0,0
42,29,8,3,0.375,1,0,0
42,30,8,2,0.25,1,0,0
42,31,8,2,0.25,1,0,0
42,32,8,0,0.0,1,0,0
42,33,8,3,0.375,1,0,0
42,34,8,0,0.0,1,0,0
42,35,8,0,0.0,1,0,0
42,36,8,3,0.375,1,0,0
42,37,8,1,0.125,1,0,0
42,38,8,2,0.25,1,0,0
42,39,8,1,0.125,1,0,0
42,40,8,4,0.5,1,0,0
42,41,8,3,0.375,1,0,0
42,42,8,1,0.125,1,0,0
42,43,8,0,0.0,1,0,0
42,44,8,2,0.25,1,0,0
42,45,8,4,0.5,1,0,0
42,46,8,3,0.375,1,0,0
42,47,8,1,0.125,1,0,0
42,48,8,1,0.125,1,0,0
42,49,8,1,0.125,1,0,0
42,50,8,1,0.125,1,0,0
42,51,8,1,0.125,1,0,0
42,52,8,2,0.25,1,0,0
42,53,8,1,0.125,1,0,0
42,54,8,1,0.125,1,0,0
42,55,8,0,0.0,1,0,0
42,56,8,2,0.25,1,0,0
42,57,8,4,0.5,1,0,0
42,58,8,3,0.375,1,0,0
42,59,8,3,0.375,1,0,0
42,60,8,1,0.125,1,0,0
42,61,8,3,0.375,1,0,0
42,62,8,1,0.125,1,0,0
42,63,8,1,0.125,1,0,0
42,64,8,2,0.25,1,0,0
42,65,8,5,0.625,1,0,0
42,66,8,1,0.125,1,0,0
42,67,8,2,0.25,1,0,0
42,68,8,2,0.25,1,0,0
42,69,8,2,0.25,1,0,0
42,70,8,2,0.25,1,0,0
42,71,8,1,0.125,1,0,0
42,72,8,2,0.25,1,0,0
42,73,8,4,0.5,1,0,0
42,74,8,1,0.125,1,0,0
42,75,8,0,0.0,1,0,0
42,76,8,1,0.125,1,0,0
42,77,8,1,0.125,1,0,0
42,78,8,1,0.125,1,0,0
42,79,8,1,0.125,1,0,0
42,80,8,4,0.5,1,0,0
42,81,8,3,0.375,1,0,0
42,82,8,2,0.25,1,0,0
42,83,8,1,0.125,1,0,0
42,84,8,1,0.125,1,0,0
42,85,8,2,0.25,1,0,0
42,86,8,2,0.25,1,0,0
42,87,8,2,0.25,1,0,0
42,88,8,2,0.25,1,0,0
42,89,8,1,0.125,1,0,0
42,90,8,1,0.125,1,0,0
42,91,8,1,0.125,1,0,0
42,92,8,3,0.375,1,0,0
42,93,8,3,0.375,1,0,0
42,94,8,3,0.375,1,0,0
42,95,8,3,0.375,1,0,0
42,96,8,3,0.375,1,0,0
42,97,8,1,0.125,1,0,0
42,98,8,3,0.375,1,0,0
42,99,8,2,0.25,1,0,0
43,0,8,0,0.0,1,0,0
43,1,8,2,0.25,1,0,0
43,2,8,1,0.125,1,0,0
43,3,8,1,0.125,1,0,0
43,4,8,1,0.125,1,0,0
43,5,8,4,0.5,1,0,0
43,6,8,0,0.0,1,0,0
43,7,8,2,0.25,1,0,0
43,8,8,3,0.375,1,0,0
43,9,8,2,0.25,1,0,0
43,10,8,4,0.5,1,0,0
43,11,8,2,0.25,1,0,0
43,12,8,4,0.5,1,0,0
43,13,8,2,0.25,1,0,0
43,14,8,2,0.25,1,0,0
43,15,8,3,0.375,1,0,0
43,16,8,2,0.25,1,0,0
43,17,8,2,0.25,1,0,0
43,18,8,1,0.125,1,0,0
43,19,8,3,0.375,1,0,0
43,20,8,2,0.25,1,0,0
43,21,8,3,0.375,1,0,0
43,22,8,3,0.375,1,0,0
43,23,8,0,0.0,1,0,0
43,24,8,1,0.125,1,0,0
43,25,8,2,0.25,1,0,0
43,26,8,2,0.25,1,0,0
43,27,8,3,0.375,1,0,0
43,28,8,3,0.375,1,0,0
43,29,8,3,0.375,1,0,0
43,30,8,2,0.25,1,0,0
43,31,8,2,0.25,1,0,0
43,32,8,1,0.125,1,0,0
43,33,8,1,0.125,1,0,0
43,34,8,1,0.125,1,0,0
43,35,8,3,0.375,1,0,0
43,36,8,0,0.0,1,0,0
43,37,8,1,0.125,1,0,0
43,38,8,3,0.375,1,0,0
43,39,8,3,0.375,1,0,0
43,40,8,1,0.125,1,0,0
43,41,8,2,0.25,1,0,0
43,42,8,3,0.375,1,0,0
43,43,8,2,0.25,1,0,0
43,44,8,0,0.0,1,0,0
43,45,8,3,0.375,1,0,0
43,46,8,3,0.375,1,0,0
43,47,8,1,0.125,1,0,0
43,48,8,3,0.375,1,0,0
43,49,8,2,0.25,1,0,0
43,50,8,1,0.125,1,0,0
43,51,8,2,0.25,1,0,0
43,52,8,4,0.5,1,0,0
43,53,8,1,0.125,1,0,0
43,54,8,4,0.5,1,0,0
43,55,8,2,0.25,1,0,0
43,56,8,1,0.125,1,0,0
43,57,8,2,0.25,1,0,0
43,58,8,4,0.5,1,0,0
43,59,8,0,0.0,1,0,0
43,60,8,3,0.375,1,0,0
43,61,8,1,0.125,1,0,0
43,62,8,2,0.25,1,0,0
43,63,8,2,0.25,1,0,0
43,64,8,0,0.0,1,0,0
43,65,8,2,0.25,1,0,0
43,66,8,2,0.25,1,0,0
43,67,8,1,0.125,1,0,0
43,68,8,2,0.25,1,0,0
43,69,8,1,0.125,1,0,0
43,70,8,2,0.25,1,0,0
43,71,8,5,0.625,1,0,0
43,72,8,1,0.125,1,0,0
43,73,8,1,0.125,1,0,0
43,74,8,0,0.0,1,0,0
43,75,8,1,0.125,1,0,0
43,76,8,3,0.375,1,0,0
43,77,8,2,0.25,1,0,0
43,78,8,4,0.5,1,0,0
43,79,8,3,0.375,1,0,0
43,80,8,2,0.25,1,0,0
43,81,8,2,0.25,1,0,0
43,82,8,2,0.25,1,0,0
43,83,8,2,0.25,1,0,0
43,84,8,2,0.25,1,0,0
43,85,8,2,0.25,1,0,0
43,86,8,0,0.0,1,0,0
43,87,8,1,0.125,1,0,0
43,88,8,2,0.25,1,0,0
43,89,8,1,0.125,1,0,0
43,90,8,2,0.25,1,0,0
43,91,8,1,0.125,1,0,0
43,92,8,3,0.375,1,0,0
43,93,8,3,0.375,1,0,0
43,94,8,1,0.125,1,0,0
43,95,8,2,0.25,1,0,0
43,96,8,0,0.0,1,0,0
43,97,8,2,0.25,1,0,0
43,98,8,1,0.125,1,0,0
43,99,8,3,0.375,1,0,0
44,0,8,2,0.25,1,0,0
44,1,8,3,0.375,1,0,0
44,2,8,1,0.125,1,0,0
44,3,8,2,0.25,1,0,0
44,4,8,2,0.25,1,0,0
44,5,8,0,0.0,1,0,0
44,6,8,3,0.375,1,0,0
44,7,8,0,0.0,1,0,0
44,8,8,2,0.25,1,0,0
44,9,8,1,0.125,1,0,0
44,10,8,2,0.25,1,0,0
44,11,8,2,0.25,1,0,0
44,12,8,3,0.375,1,0,0
44,13,8,3,0.375,1,0,0
44,14,8,1,0.125,1,0,0
44,15,8,3,0.375,1,0,0
44,16,8,3,0.375,1,0,0
44,17,8,2,0.25,1,0,0
44,18,8,1,0.125,1,0,0
44,19,8,1,0.125,1,0,0
44,20,8,2,0.25,1,0,0
44,21,8,1,0.125,1,0,0
44,22,8,3,0.375,1,0,0
44,23,8,1,0.125,1,0,0
44,24,8,3,0.375,1,0,0
44,25,8,4,0.5,1,0,0
44,26,8,2,0.25,1,0,0
44,27,8,3,0.375,1,0,0
44,28,8,0,0.0,1,0,0
44,29,8,1,0.125,1,0,0
44,30,8,2,0.25,1,0,0
44,31,8,3,0.375,1,0,0
44,32,8,3,0.375,1,0,0
44,33,8,1,0.125,1,0,0
44,34,8,1,0.125,1,0,0
44,35,8,4,0.5,1,0,0
44,36,8,2,0.25,1,0,0
44,37,8,2,0.25,1,0,0
44,38,8,2,0.25,1,0,0
44,39,8,3,0.375,1,0,0
44,40,8,2,0.25,1,0,0
44,41,8,2,0.25,1,0,0
44,42,8,5,0.625,1,0,0
44,43,8,5,0.625,1,0,0
44,44,8,0,0.0,1,0,0
44,45,8,2,0.25,1,0,0
44,46,8,2,0.25,1,0,0
44,47,8,0,0.0,1,0,0
44,48,8,5,0.625,1,0,0
44,49,8,2,0.25,1,0,0
44,50,8,2,0.25,1,0,0
44,51,8,3,0.375,1,0,0
44,52,8,2,0.25,1,0,0
44,53,8,3,0.375,1,0,0
44,54,8,3,0.375,1,0,0
44,55,8,4,0.5,1,0,0
44,56,8,3,0.375,1,0,0
44,57,8,2,0.25,1,0,0
44,58,8,1,0.125,1,0,0
44,59,8,1,0.125,1,0,0
44,60,8,1,0.125,1,0,0
44,61,8,2,0.25,1,0,0
44,62,8,3,0.375,1,0,0
44,63,8,3,0.375,1,0,0
44,64,8,1,0.125,1,0,0
44,65,8,1,0.125,1,0,0
44,66,8,1,0.125,1,0,0
44,67,8,2,0.25,1,0,0
44,68,8,3,0.375,1,0,0
44,69,8,0,0.0,1,0,0
44,70,8,2,0.25,1,0,0
44,71,8,4,0.5,1,0,0
44,72,8,0,0.0,1,0,0
44,73,8,2,0.25,1,0,0
44,74,8,4,0.5,1,0,0
44,75,8,2,0.25,1,0,0
44,76,8,4,0.5,1,0,0
44,77,8,1,0.125,1,0,0
44,78,8,2,0.25,1,0,0
44,79,8,2,0.25,1,0,0
44,80,8,3,0.375,1,0,0
44,81,8,1,0.125,1,0,0
44,82,8,0,0.0,1,0,0
44,83,8,2,0.25,1,0,0
44,84,8,2,0.25,1,0,0
44,85,8,1,0.125,1,0,0
44,86,8,1,0.125,1,0,0
44,87,8,2,0.25,1,0,0
44,88,8,2,0.25,1,0,0
44,89,8,1,0.125,1,0,0
44,90,8,2,0.25,1,0,0
44,91,8,2,0.25,1,0,0
44,92,8,5,0.625,1,0,0
44,93,8,1,0.125,1,0,0
44,94,8,0,0.0,1,0,0
44,95,8,2,0.25,1,0,0
44,96,8,1,0.125,1,0,0
44,97,8,2,0.25,1,0,0
44,98,8,1,0.125,1,0,0
44,99,8,2,0.25,1,0,0
45,0,8,2,0.25,1,0,0
45,1,8,2,0.25,1,0,0
45,2,8,4,0.5,1,0,0
45,3,8,1,0.125,1,0,0
45,4,8,2,0.25,1,0,0
45,5,8,3,0.375,1,0,0
45,6,8,1,0.125,1,0,0
45,7,8,3,0.375,1,0,0
45,8,8,1,0.125,1,0,0
45,9,8,1,0.125,1,0,0
45,10,8,5,0.625,1,0,0
45,11,8,0,0.0,1,0,0
45,12,8,2,0.25,1,0,0
45,13,8,1,0.125,1,0,0
45,14,8,2,0.25,1,0,0
45,15,8,2,0.25,1,0,0
45,16,8,2,0.25,1,0,0
45,17,8,3,0.375,1,0,0
45,18,8,1,0.125,1,0,0
45,19,8,3,0.375,1,0,0
45,20,8,2,0.25,1,0,0
45,21,8,3,0.375,1,0,0
45,22,8,2,0.25,1,0,0
45,23,8,1,0.125,1,0,0
45,24,8,4,0.5,1,0,0
45,25,8,0,0.0,1,0,0
45,26,8,2,0.25,1,0,0
45,27,8,4,0.5,1,0,0
45,28,8,4,0.5,1,0,0
45,29,8,3,0.375,1,0,0
45,30,8,1,0.125,1,0,0
45,31,8,2,0.25,1,0,0
45,32,8,1,0.125,1,0,0
45,33,8,1,0.125,1,0,0
45,34,8,4,0.5,1,0,0
45,35,8,2,0.25,1,0,0
45,36,8,1,0.125,1,0,0
45,37,8,1,0.125,1,0,0
45,38,8,0,0.0,1,0,0
45,39,8,2,0.25,1,0,0
45,40,8,1,0.125,1,0,0
45,41,8,2,0.25,1,0,0
45,42,8,1,0.125,1,0,0
45,43,8,2,0.25,1,0,0
45,44,8,2,0.25,1,0,0
45,45,8,1,0.125,1,0,0
45,46,8,1,0.125,1,0,0
45,47,8,2,0.25,1,0,0
45,48,8,5,0.625,1,0,0
45,49,8,4,0.5,1,0,0
45,50,8,4,0.5,1,0,0
45,51,8,2,0.25,1,0,0
45,52,8,2,0.25,1,0,0
45,53,8,3,0.375,1,0,0
45,54,8,0,0.0,1,0,0
45,55,8,4,0.5,1,0,0
45,56,8,1,0.125,1,0,0
45,57,8,0,0.0,1,0,0
45,58,8,3,0.375,1,0,0
45,59,8,2,0.25,1,0,0
45,60,8,3,0.375,1,0,0
45,61,8,3,0.375,1,0,0
45,62,8,0,0.0,1,0,0
45,63,8,3,0.375,1,0,0
45,64,8,4,0.5,1,0,0
45,65,8,0,0.0,1,0,0
45,66,8,4,0.5,1,0,0
45,67,8,1,0.125,1,0,0
45,68,8,3,0.375,1,0,0
45,69,8,4,0.5,1,0,0
45,70,8,1,0.125,1,0,0
45,71,8,1,0.125,1,0,0
45,72,8,0,0.0,1,0,0
45,73,8,1,0.125,1,0,0
45,74,8,3,0.375,1,0,0
45,75,8,1,0.125,1,0,0
45,76,8,3,0.375,1,0,0
45,77,8,3,0.375,1,0,0
45,78,8,1,0.125,1,0,0
45,79,8,0,0.0,1,0,0
45,80,8,2,0.25,1,0,0
45,81,8,1,0.125,1,0,0
45,82,8,2,0.25,1,0,0
45,83,8,4,0.5,1,0,0
45,84,8,2,0.25,1,0,0
45,85,8,3,0.375,1,0,0
45,86,8,1,0.125,1,0,0
45,87,8,2,0.25,1,0,0
45,88,8,4,0.5,1,0,0
45,89,8,0,0.0,1,0,0
45,90,8,1,0.125,1,0,0
45,91,8,4,0.5,1,0,0
45,92,8,2,0.25,1,0,0
45,93,8,3,0.375,1,0,0
45,94,8,0,0.0,1,0,0
45,95,8,2,0.25,1,0,0
45,96,8,3,0.375,1,0,0
45,97,8,2,0.25,1,0,0
45,98,8,0,0.0,1,0,0
45,99,8,3,0.375,1,0,0
46,0,8,1,0.125,1,0,0
46,1,8,1,0.125,1,0,0
46,2,8,2,0.25,1,0,0
46,3,8,1,0.125,1,0,0
46,4,8,3,0.375,1,0,0
46,5,8,2,0.25,1,0,0
46,6,8,2,0.25,1,0,0
46,7,8,1,0.125,1,0,0
46,8,8,0,0.0,1,0,0
46,9,8,2,0.25,1,0,0
46,10,8,2,0.25,1,0,0
46,11,8,2,0.25,1,0,0
46,12,8,2,0.25,1,0,0
46,13,8,5,0.625,1,0,0
46,14,8,1,0.125,1,0,0
46,15,8,1,0.125,1,0,0
46,16,8,2,0.25,1,0,0
46,17,8,1,0.125,1,0,0
46,18,8,0,0.0,1,0,0
46,19,8,3,0.375,1,0,0
46,20,8,1,0.125,1,0,0
46,21,8,3,0.375,1,0,0
46,22,8,1,0.125,1,0,0
46,23,8,0,0.0,1,0,0
46,24,8,0,0.0,1,0,0
46,25,8,2,0.25,1,0,0
46,26,8,2,0.25,1,0,0
46,27,8,4,0.5,1,0,0
46,28,8,1,0.125,1,0,0
46,29,8,2,0.25,1,0,0
46,30,8,2,0.25,1,0,0
46,31,8,1,0.125,1,0,0
46,32,8,0,0.0,1,0,0
46,33,8,2,0.25,1,0,0
46,34,8,2,0.25,1,0,0
46,35,8,4,0.5,1,0,0
46,36,8,1,0.125,1,0,0
46,37,8,4,0.5,1,0,0
46,38,8,3,0.375,1,0,0
46,39,8,4,0.5,1,0,0
46,40,8,3,0.375,1,0,0
46,41,8,4,0.5,1,0,0
46,42,8,1,0.125,1,0,0
46,43,8,0,0.0,1,0,0
46,44,8,3,0.375,1,0,0
46,45,8,2,0.25,1,0,0
46,46,8,1,0.125,1,0,0
46,47,8,1,0.125,1,0,0
46,48,8,1,0.125,1,0,0
46,49,8,2,0.25,1,0,0
46,50,8,2,0.25,1,0,0
46,51,8,7,0.875,1,0,0
46,52,8,4,0.5,1,0,0
46,53,8,2,0.25,1,0,0
46,54,8,0,0.0,1,0,0
46,55,8,3,0.375,1,0,0
46,56,8,3,0.375,1,0,0
46,57,8,6,0.75,1,0,0
46,58,8,1,0.125,1,0,0
46,59,8,2,0.25,1,0,0
46,60,8,1,0.125,1,0,0
46,61,8,1,0.125,1,0,0
46,62,8,3,0.375,1,0,0
46,63,8,3,0.375,1,0,0
46,64,8,1,0.125,1,0,0
46,65,8,1,0.125,1,0,0
46,66,8,2,0.25,1,0,0
46,67,8,2,0.25,1,0,0
46,68,8,0,0.0,1,0,0
46,69,8,1,0.125,1,0,0
46,70,8,3,0.375,1,0,0
46,71,8,2,0.25,1,0,0
46,72,8,2,0.25,1,0,0
46,73,8,0,0.0,1,0,0
46,74,8,1,0.125,1,0,0
46,75,8,2,0.25,1,0,0
46,76,8,4,0.5,1,0,0
46,77,8,3,0.375,1,0,0
46,78,8,1,0.125,1,0,0
46,79,8,3,0.375,1,0,0
46,80,8,2,0.25,1,0,0
46,81,8,3,0.375,1,0,0
46,82,8,3,0.375,1,0,0
46,83,8,3,0.375,1,0,0
46,84,8,1,0.125,1,0,0
46,85,8,2,0.25,1,0,0
46,86,8,4,0.5,1,0,0
46,87,8,2,0.25,1,0,0
46,88,8,2,0.25,1,0,0
46,89,8,2,0.25,1,0,0
46,90,8,2,0.25,1,0,0
46,91,8,1,0.125,1,0,0
46,92,8,0,0.0,1,0,0
46,93,8,2,0.25,1,0,0
46,94,8,2,0.25,1,0,0
46,95,8,3,0.375,1,0,0
46,96,8,2,0.25,1,0,0
46,97,8,2,0.25,1,0,0
46,98,8,1,0.125,1,0,0
46,99,8,2,0.25,1,0,0
47,0,8,5,0.625,1,0,0
47,1,8,1,0.125,1,0,0
47,2,8,3,0.375,1,0,0
47,3,8,2,0.25,1,0,0
47,4,8,0,0.0,1,0,0
47,5,8,2,0.25,1,0,0
47,6,8,0,0.0,1,0,0
47,7,8,5,0.625,1,0,0
47,8,8,2,0.25,1,0,0
47,9,8,5,0.625,1,0,0
47,10,8,4,0.5,1,0,0
47,11,8,1,0.125,1,0,0
47,12,8,1,0.125,1,0,0
47,13,8,3,0.375,1,0,0
47,14,8,0,0.0,1,0,0
47,15,8,1,0.125,1,0,0
47,16,8,3,0.375,1,0,0
47,17,8,3,0.375,1,0,0
47,18,8,2,0.25,1,0,0
47,19,8,3,0.375,1,0,0
47,20,8,1,0.125,1,0,0
47,21,8,3,0.375,1,0,0
47,22,8,1,0.125,1,0,0
47,23,8,3,0.375,1,0,0
47,24,8,2,0.25,1,0,0
47,25,8,1,0.125,1,0,0
47,26,8,2,0.25,1,0,0
47,27,8,4,0.5,1,0,0
47,28,8,1,0.125,1,0,0
47,29,8,1,0.125,1,0,0
47,30,8,3,0.375,1,0,0
47,31,8,4,0.5,1,0,0
47,32,8,2,0.25,1,0,0
47,33,8,3,0.375,1,0,0
47,34,8,3,0.375,1,0,0
47,35,8,3,0.375,1,0,0
47,36,8,2,0.25,1,0,0
47,37,8,2,0.25,1,0,0
47,38,8,2,0.25,1,0,0
47,39,8,1,0.125,1,0,0
47,40,8,1,0.125,1,0,0
47,41,8,2,0.25,1,0,0
47,42,8,1,0.125,1,0,0
47,43,8,2,0.25,1,0,0
47,44,8,3,0.375,1,0,0
47,45,8,1,0.125,1,0,0
47,46,8,3,0.375,1,0,0
47,47,8,4,0.5,1,0,0
47,48,8,1,0.125,1,0,0
47,49,8,3,0.375,1,0,0
47,50,8,1,0.125,1,0,0
47,51,8,3,0.375,1,0,0
47,52,8,3,0.375,1,0,0
47,53,8,0,0.0,1,0,0
47,54,8,2,0.25,1,0,0
47,55,8,0,0.0,1,0,0
47,56,8,2,0.25,1,0,0
47,57,8,4,0.5,1,0,0
47,58,8,2,0.25,1,0,0
47,59,8,1,0.125,1,0,0
47,60,8,2,0.25,1,0,0
47,61,8,3,0.375,1,0,0
47,62,8,2,0.25,1,0,0
47,63,8,3,0.375,1,0,0
47,64,8,0,0.0,1,0,0
47,65,8,1,0.125,1,0,0
47,66,8,2,0.25,1,0,0
47,67,8,2,0.25,1,0,0
47,68,8,2,0.25,1,0,0
47,69,8,1,0.125,1,0,0
47,70,8,1,0.125,1,0,0
47,71,8,3,0.375,1,0,0
47,72,8,3,0.375,1,0,0
47,73,8,3,0.375,1,0,0
47,74,8,2,0.25,1,0,0
47,75,8,1,0.125,1,0,0
47,76,8,4,0.5,1,0,0
47,77,8,2,0.25,1,0,0
47,78,8,4,0.5,1,0,0
47,79,8,2,0.25,1,0,0
47,80,8,2,0.25,1,0,0
47,81,8,2,0.25,1,0,0
47,82,8,3,0.375,1,0,0
47,83,8,3,0.375,1,0,0
47,84,8,2,0.25,1,0,0
47,85,8,2,0.25,1,0,0
47,86,8,2,0.25,1,0,0
47,87,8,2,0.25,1,0,0
47,88,8,2,0.25,1,0,0
47,89,8,3,0.375,1,0,0
47,90,8,3,0.375,1,0,0
47,91,8,4,0.5,1,0,0
47,92,8,3,0.375,1,0,0
47,93,8,3,0.375,1,0,0
47,94,8,4,0.5,1,0,0
47,95,8,4,0.5,1,0,0
47,96,8,1,0.125,1,0,0
47,97,8,3,0.375,1,0,0
47,98,8,1,0.125,1,0,0
47,99,8,2,0.25,1,0,0
48,0,8,2,0.25,1,0,0
48,1,8,1,0.125,1,0,0
48,2,8,1,0.125,1,0,0
48,3,8,3,0.375,1,0,0
48,4,8,2,0.25,1,0,0
48,5,8,1,0.125,1,0,0
48,6,8,1,0.125,1,0,0
48,7,8,2,0.25,1,0,0
48,8,8,5,0.625,1,0,0
48,9,8,2,0.25,1,0,0
48,10,8,2,0.25,1,0,0
48,11,8,4,0.5,1,0,0
48,12,8,2,0.25,1,0,0
48,13,8,3,0.375,1,0,0
48,14,8,2,0.25,1,0,0
48,15,8,5,0.625,1,0,0
48,16,8,2,0.25,1,0,0
48,17,8,1,0.125,1,0,0
48,18,8,0,0.0,1,0,0
48,19,8,1,0.125,1,0,0
48,20,8,1,0.125,1,0,0
48,21,8,0,0.0,1,0,0
48,22,8,1,0.125,1,0,0
48,23,8,1,0.125,1,0,0
48,24,8,0,0.0,1,0,0
48,25,8,0,0.0,1,0,0
48,26,8,0,0.0,1,0,0
48,27,8,2,0.25,1,0,0
48,28,8,4,0.5,1,0,0
48,29,8,2,0.25,1,0,0
48,30,8,1,0.125,1,0,0
48,31,8,3,0.375,1,0,0
48,32,8,2,0.25,1,0,0
48,33,8,4,0.5,1,0,0
48,34,8,0,0.0,1,0,0
48,35,8,2,0.25,1,0,0
48,36,8,1,0.125,1,0,0
48,37,8,0,0.0,1,0,0
48,38,8,2,0.25,1,0,0
48,39,8,1,0.125,1,0,0
48,40,8,0,0.0,1,0,0
48,41,8,3,0.375,1,0,0
48,42,8,2,0.25,1,0,0
48,43,8,3,0.375,1,0,0
48,44,8,1,0.125,1,0,0
48,45,8,3,0.375,1,0,0
48,46,8,1,0.125,1,0,0
48,47,8,2,0.25,1,0,0
48,48,8,2,0.25,1,0,0
48,49,8,4,0.5,1,0,0
48,50,8,2,0.25,1,0,0
48,51,8,1,0.125,1,0,0
48,52,8,2,0.25,1,0,0
48,53,8,1,0.125,1,0,0
48,54,8,1,0.125,1,0,0
48,55,8,4,0.5,1,0,0
48,56,8,3,0.375,1,0,0
48,57,8,1,0.125,1,0,0
48,58,8,3,0.375,1,0,0
48,59,8,3,0.375,1,0,0
48,60,8,3,0.375,1,0,0
48,61,8,5,0.625,1,0,0
48,62,8,0,0.0,1,0,0
48,63,8,3,0.375,1,0,0
48,64,8,3,0.375,1,0,0
48,65,8,3,0.375,1,0,0
48,66,8,2,0.25,1,0,0
48,67,8,0,0.0,1,0,0
48,68,8,4,0.5,1,0,0
48,69,8,2,0.25,1,0,0
48,70,8,2,0.25,1,0,0
48,71,8,4,0.5,1,0,0
48,72,8,1,0.125,1,0,0
48,73,8,2,0.25,1,0,0
48,74,8,3,0.375,1,0,0
48,75,8,2,0.25,1,0,0
48,76,8,3,0.375,1,0,0
48,77,8,3,0.375,1,0,0
48,78,8,3,0.375,1,0,0
48,79,8,3,0.375,1,0,0
48,80,8,3,0.375,1,0,0
48,81,8,2,0.25,1,0,0
48,82,8,2,0.25,1,0,0
48,83,8,2,0.25,1,0,0
48,84,8,4,0.5,1,0,0
48,85,8,0,0.0,1,0,0
48,86,8,2,0.25,1,0,0
48,87,8,2,0.25,1,0,0
48,88,8,2,0.25,1,0,0
48,89,8,3,0.375,1,0,0
48,90,8,1,0.125,1,0,0
48,91,8,4,0.5,1,0,0
48,92,8,2,0.25,1,0,0
48,93,8,3,0.375,1,0,0
48,94,8,1,0.125,1,0,0
48,95,8,3,0.375,1,0,0
48,96,8,3,0.375,1,0,0
48,97,8,2,0.25,1,0,0
48,98,8,1,0.125,1,0,0
48,99,8,3,0.375,1,0,0
49,0,8,3,0.375,1,0,0
49,1,8,3,0.375,1,0,0
49,2,8,2,0.25,1,0,0
49,3,8,1,0.125,1,0,0
49,4,8,2,0.25,1,0,0
49,5,8,1,0.125,1,0,0
49,6,8,1,0.125,1,0,0
49,7,8,0,0.0,1,0,0
49,8,8,3,0.375,1,0,0
49,9,8,3,0.375,1,0,0
49,10,8,2,0.25,1,0,0
49,11,8,2,0.25,1,0,0
49,12,8,2,0.25,1,0,0
49,13,8,0,0.0,1,0,0
49,14,8,4,0.5,1,0,0
49,15,8,2,0.25,1,0,0
49,16,8,1,0.125,1,0,0
49,17,8,3,0.375,1,0,0
49,18,8,1,0.125,1,0,0
49,19,8,0,0.0,1,0,0
49,20,8,3,0.375,1,0,0
49,21,8,1,0.125,1,0,0
49,22,8,2,0.25,1,0,0
49,23,8,2,0.25,1,0,0
49,24,8,4,0.5,1,0,0
49,25,8,1,0.125,1,0,0
49,26,8,3,0.375,1,0,0
49,27,8,2,0.25,1,0,0
49,28,8,2,0.25,1,0,0
49,29,8,3,0.375,1,0,0
49,30,8,1,0.125,1,0,0
49,31,8,1,0.125,1,0,0
49,32,8,4,0.5,1,0,0
49,33,8,4,0.5,1,0,0
49,34,8,1,0.125,1,0,0
49,35,8,1,0.125,1,0,0
49,36,8,2,0.25,1,0,0
49,37,8,3,0.375,1,0,0
49,38,8,3,0.375,1,0,0
49,39,8,2,0.25,1,0,0
49,40,8,2,0.25,1,0,0
49,41,8,2,0.25,1,0,0
49,42,8,2,0.25,1,0,0
49,43,8,3,0.375,1,0,0
49,44,8,2,0.25,1,0,0
49,45,8,2,0.25,1,0,0
49,46,8,3,0.375,1,0,0
49,47,8,1,0.125,1,0,0
49,48,8,2,0.25,1,0,0
49,49,8,4,0.5,1,0,0
49,50,8,1,0.125,1,0,0
49,51,8,3,0.375,1,0,0
49,52,8,1,0.125,1,0,0
49,53,8,4,0.5,1,0,0
49,54,8,2,0.25,1,0,0
49,55,8,3,0.375,1,0,0
49,56,8,4,0.5,1,0,0
49,57,8,5,0.625,1,0,0
49,58,8,2,0.25,1,0,0
49,59,8,6,0.75,1,0,0
49,60,8,0,0.0,1,0,0
49,61,8,3,0.375,1,0,0
49,62,8,1,0.125,1,0,0
49,63,8,2,0.25,1,0,0
49,64,8,3,0.375,1,0,0
49,65,8,6,0.75,1,0,0
49,66,8,2,0.25,1,0,0
49,67,8,4,0.5,1,0,0
49,68,8,1,0.125,1,0,0
49,69,8,3,0.375,1,0,0
49,70,8,3,0.375,1,0,0
49,71,8,3,0.375,1,0,0
49,72,8,1,0.125,1,0,0
49,73,8,2,0.25,1,0,0
49,74,8,1,0.125,1,0,0
49,75,8,2,0.25,1,0,0
49,76,8,2,0.25,1,0,0
49,77,8,1,0.125,1,0,0
49,78,8,3,0.375,1,0,0
49,79,8,1,0.125,1,0,0
49,80,8,4,0.5,1,0,0
49,81,8,4,0.5,1,0,0
49,82,8,0,0.0,1,0,0
49,83,8,2,0.25,1,0,0
49,84,8,2,0.25,1,0,0
49,85,8,2,0.25,1,0,0
49,86,8,3,0.375,1,0,0
49,87,8,4,0.5,1,0,0
49,88,8,2,0.25,1,0,0
49,89,8,3,0.375,1,0,0
49,90,8,0,0.0,1,0,0
49,91,8,4,0.5,1,0,0
49,92,8,1,0.125,1,0,0
49,93,8,0,0.0,1,0,0
49,94,8,0,0.0,1,0,0
49,95,8,4,0.5,1,0,0
49,96,8,1,0.125,1,0,0
49,97,8,4,0.5,1,0,0
49,98,8,3,0.375,1,0,0
49,99,8,2,0.25,1,0,0
50,0,8,1,0.125,1,0,0
50,1,8,0,0.0,1,0,0
50,2,8,1,0.125,1,0,0
50,3,8,3,0.375,1,0,0
50,4,8,3,0.375,1,0,0
50,5,8,1,0.125,1,0,0
50,6,8,2,0.25,1,0,0
50,7,8,3,0.375,1,0,0
50,8,8,1,0.125,1,0,0
50,9,8,3,0.375,1,0,0
50,10,8,1,0.125,1,0,0
50,11,8,2,0.25,1,0,0
50,12,8,1,0.125,1,0,0
50,13,8,2,0.25,1,0,0
50,14,8,2,0.25,1,0,0
50,15,8,2,0.25,1,0,0
50,16,8,3,0.375,1,0,0
50,17,8,1,0.125,1,0,0
50,18,8,2,0.25,1,0,0
50,19,8,0,0.0,1,0,0
50,20,8,0,0.0,1,0,0
50,21,8,1,0.125,1,0,0
50,22,8,4,0.5,1,0,0
50,23,8,4,0.5,1,0,0
50,24,8,2,0.25,1,0,0
50,25,8,1,0.125,1,0,0
50,26,8,2,0.25,1,0,0
50,27,8,0,0.0,1,0,0
50,28,8,2,0.25,1,0,0
50,29,8,1,0.125,1,0,0
50,30,8,2,0.25,1,0,0
50,31,8,4,0.5,1,0,0
50,32,8,3,0.375,1,0,0
50,33,8,0,0.0,1,0,0
50,34,8,2,0.25,1,0,0
50,35,8,0,0.0,1,0,0
50,36,8,1,0.125,1,0,0
50,37,8,2,0.25,1,0,0
50,38,8,1,0.125,1,0,0
50,39,8,1,0.125,1,0,0
50,40,8,2,0.25,1,0,0
50,41,8,2,0.25,1,0,0
50,42,8,4,0.5,1,0,0
50,43,8,4,0.5,1,0,0
50,44,8,2,0.25,1,0,0
50,45,8,2,0.25,1,0,0
50,46,8,2,0.25,1,0,0
50,47,8,2,0.25,1,0,0
50,48,8,1,0.125,1,0,0
50,49,8,3,0.375,1,0,0
50,50,8,2,0.25,1,0,0
50,51,8,3,0.375,1,0,0
50,52,8,1,0.125,1,0,0
50,53,8,1,0.125,1,0,0
50,54,8,5,0.625,1,0,0
50,55,8,1,0.125,1,0,0
50,56,8,3,0.375,1,0,0
50,57,8,1,0.125,1,0,0
50,58,8,1,0.125,1,0,0
50,59,8,1,0.125,1,0,0
50,60,8,0,0.0,1,0,0
50,61,8,0,0.0,1,0,0
50,62,8,2,0.25,1,0,0
50,63,8,2,0.25,1,0,0
50,64,8,4,0.5,1,0,0
50,65,8,3,0.375,1,0,0
50,66,8,0,0.0,1,0,0
50,67,8,1,0.125,1,0,0
50,68,8,2,0.25,1,0,0
50,69,8,4,0.5,1,0,0
50,70,8,1,0.125,1,0,0
50,71,8,0,0.0,1,0,0
50,72,8,3,0.375,1,0,0
50,73,8,1,0.125,1,0,0
50,74,8,0,0.0,1,0,0
50,75,8,2,0.25,1,0,0
50,76,8,0,0.0,1,0,0
50,77,8,3,0.375,1,0,0
50,78,8,2,0.25,1,0,0
50,79,8,3,0.375,1,0,0
50,80,8,2,0.25,1,0,0
50,81,8,4,0.5,1,0,0
50,82,8,4,0.5,1,0,0
50,83,8,1,0.125,1,0,0
50,84,8,3,0.375,1,0,0
50,85,8,3,0.375,1,0,0
50,86,8,1,0.125,1,0,0
50,87,8,0,0.0,1,0,0
50,88,8,1,0.125,1,0,0
50,89,8,4,0.5,1,0,0
50,90,8,0,0.0,1,0,0
50,91,8,2,0.25,1,0,0
50,92,8,4,0.5,1,0,0
50,93,8,2,0.25,1,0,0
50,94,8,0,0.0,1,0,0
50,95,8,1,0.125,1,0,0
50,96,8,1,0.125,1,0,0
50,97,8,3,0.375,1,0,0
50,98,8,3,0.375,1,0,0
50,99,8,2,0.25,1,0,0
51,0,8,2,0.25,1,0,0
51,1,8,4,0.5,1,0,0
51,2,8,1,0.125,1,0,0
51,3,8,2,0.25,1,0,0
51,4,8,0,0.0,1,0,0
51,5,8,4,0.5,1,0,0
51,6,8,3,0.375,1,0,0
51,7,8,6,0.75,1,0,0
51,8,8,0,0.0,1,0,0
51,9,8,4,0.5,1,0,0
51,10,8,2,0.25,1,0,0
51,11,8,0,0.0,1,0,0
51,12,8,2,0.25,1,0,0
51,13,8,4,0.5,1,0,0
51,14,8,2,0.25,1,0,0
51,15,8,0,0.0,1,0,0
51,16,8,4,0.5,1,0,0
51,17,8,2,0.25,1,0,0
51,18,8,2,0.25,1,0,0
51,19,8,1,0.125,1,0,0
51,20,8,1,0.125,1,0,0
51,21,8,2,0.25,1,0,0
51,22,8,3,0.375,1,0,0
51,23,8,2,0.25,1,0,0
51,24,8,3,0.375,1,0,0
51,25,8,0,0.0,1,0,0
51,26,8,2,0.25,1,0,0
51,27,8,1,0.125,1,0,0
51,28,8,3,0.375,1,0,0
51,29,8,2,0.25,1,0,0
51,30,8,2,0.25,1,0,0
51,31,8,2,0.25,1,0,0
51,32,8,3,0.375,1,0,0
51,33,8,1,0.125,1,0,0
51,34,8,2,0.25,1,0,0
51,35,8,2,0.25,1,0,0
51,36,8,4,0.5,1,0,0
51,37,8,0,0.0,1,0,0
51,38,8,2,0.25,1,0,0
51,39,8,4,0.5,1,0,0
51,40,8,5,0.625,1,0,0
51,41,8,2,0.25,1,0,0
51,42,8,0,0.0,1,0,0
51,43,8,2,0.25,1,0,0
51,44,8,2,0.25,1,0,0
51,45,8,2,0.25,1,0,0
51,46,8,0,0.0,1,0,0
51,47,8,5,0.625,1,0,0
51,48,8,0,0.0,1,0,0
51,49,8,4,0.5,1,0,0
51,50,8,1,0.125,1,0,0
51,51,8,1,0.125,1,0,0
51,52,8,3,0.375,1,0,0
51,53,8,3,0.375,1,0,0
51,54,8,3,0.375,1,0,0
51,55,8,3,0.375,1,0,0
51,56,8,2,0.25,1,0,0
51,57,8,2,0.25,1,0,0
51,58,8,1,0.125,1,0,0
51,59,8,0,0.0,1,0,0
51,60,8,1,0.125,1,0,0
51,61,8,3,0.375,1,0,0
51,62,8,1,0.125,1,0,0
51,63,8,1,0.125,1,0,0
51,64,8,4,0.5,1,0,0
51,65,8,4,0.5,1,0,0
51,66,8,4,0.5,1,0,0
51,67,8,2,0.25,1,0,0
51,68,8,2,0.25,1,0,0
51,69,8,5,0.625,1,0,0
51,70,8,1,0.125,1,0,0
51,71,8,2,0.25,1,0,0
51,72,8,3,0.375,1,0,0
51,73,8,2,0.25,1,0,0
51,74,8,2,0.25,1,0,0
51,75,8,5,0.625,1,0,0
51,76,8,2,0.25,1,0,0
51,77,8,2,0.25,1,0,0
51,78,8,2,0.25,1,0,0
51,79,8,4,0.5,1,0,0
51,80,8,1,0.125,1,0,0
51,81,8,2,0.25,1,0,0
51,82,8,3,0.375,1,0,0
51,83,8,3,0.375,1,0,0
51,84,8,3,0.375,1,0,0
51,85,8,1,0.125,1,0,0
51,86,8,3,0.375,1,0,0
51,87,8,1,0.125,1,0,0
51,88,8,2,0.25,1,0,0
51,89,8,3,0.375,1,0,0
51,90,8,3,0.375,1,0,0
51,91,8,3,0.375,1,0,0
51,92,8,4,0.5,1,0,0
51,93,8,2,0.25,1,0,0
51,94,8,1,0.125,1,0,0
51,95,8,1,0.125,1,0,0
51,96,8,1,0.125,1,0,0
51,97,8,1,0.125,1,0,0
51,98,8,2,0.25,1,0,0
51,99,8,3,0.375,1,0,0
52,0,8,2,0.25,1,0,0
52,1,8,2,0.25,1,0,0
52,2,8,4,0.5,1,0,0
52,3,8,4,0.5,1,0,0
52,4,8,3,0.375,1,0,0
52,5,8,2,0.25,1,0,0
52,6,8,3,0.375,1,0,0
52,7,8,2,0.25,1,0,0
52,8,8,3,0.375,1,0,0
52,9,8,1,0.125,1,0,0
52,10,8,2,0.25,1,0,0
52,11,8,0,0.0,1,0,0
52,12,8,3,0.375,1,0,0
52,13,8,2,0.25,1,0,0
52,14,8,1,0.125,1,0,0
52,15,8,3,0.375,1,0,0
52,16,8,4,0.5,1,0,0
52,17,8,3,0.375,1,0,0
52,18,8,2,0.25,1,0,0
52,19,8,1,0.125,1,0,0
52,20,8,3,0.375,1,0,0
52,21,8,2,0.25,1,0,0
52,22,8,2,0.25,1,0,0
52,23,8,1,0.125,1,0,0
52,24,8,3,0.375,1,0,0
52,25,8,3,0.375,1,0,0
52,26,8,4,0.5,1,0,0
52,27,8,3,0.375,1,0,0
52,28,8,0,0.0,1,0,0
52,29,8,2,0.25,1,0,0
52,30,8,2,0.25,1,0,0
52,31,8,2,0.25,1,0,0
52,32,8,2,0.25,1,0,0
52,33,8,3,0.375,1,0,0
52,34,8,1,0.125,1,0,0
52,35,8,4,0.5,1,0,0
52,36,8,2,0.25,1,0,0
52,37,8,2,0.25,1,0,0
52,38,8,1,0.125,1,0,0
52,39,8,3,0.375,1,0,0
52,40,8,0,0.0,1,0,0
52,41,8,3,0.375,1,0,0
52,42,8,2,0.25,1,0,0
52,43,8,2,0.25,1,0,0
52,44,8,1,0.125,1,0,0
52,45,8,2,0.25,1,0,0
52,46,8,1,0.125,1,0,0
52,47,8,1,0.125,1,0,0
52,48,8,2,0.25,1,0,0
52,49,8,1,0.125,1,0,0
52,50,8,2,0.25,1,0,0
52,51,8,0,0.0,1,0,0
52,52,8,1,0.125,1,0,0
52,53,8,2,0.25,1,0,0
52,54,8,2,0.25,1,0,0
52,55,8,0,0.0,1,0,0
52,56,8,4,0.5,1,0,0
52,57,8,3,0.375,1,0,0
52,58,8,1,0.125,1,0,0
52,59,8,1,0.125,1,0,0
52,60,8,3,0.375,1,0,0
52,61,8,1,0.125,1,0,0
52,62,8,1,0.125,1,0,0
52,63,8,3,0.375,1,0,0
52,64,8,2,0.25,1,0,0
52,65,8,2,0.25,1,0,0
52,66,8,1,0.125,1,0,0
52,67,8,3,0.375,1,0,0
52,68,8,2,0.25,1,0,0
52,69,8,3,0.375,1,0,0
52,70,8,2,0.25,1,0,0
52,71,8,0,0.0,1,0,0
52,72,8,4,0.5,1,0,0
52,73,8,4,0.5,1,0,0
52,74,8,3,0.375,1,0,0
52,75,8,4,0.5,1,0,0
52,76,8,2,0.25,1,0,0
52,77,8,3,0.375,1,0,0
52,78,8,0,0.0,1,0,0
52,79,8,5,0.625,1,0,0
52,80,8,2,0.25,1,0,0
52,81,8,1,0.125,1,0,0
52,82,8,1,0.125,1,0,0
52,83,8,0,0.0,1,0,0
52,84,8,3,0.375,1,0,0
52,85,8,1,0.125,1,0,0
52,86,8,4,0.5,1,0,0
52,87,8,2,0.25,1,0,0
52,88,8,2,0.25,1,0,0
52,89,8,1,0.125,1,0,0
52,90,8,4,0.5,1,0,0
52,91,8,4,0.5,1,0,0
52,92,8,2,0.25,1,0,0
52,93,8,2,0.25,1,0,0
52,94,8,2,0.25,1,0,0
52,95,8,2,0.25,1,0,0
52,96,8,1,0.125,1,0,0
52,97,8,1,0.125,1,0,0
52,98,8,4,0.5,1,0,0
52,99,8,2,0.25,1,0,0
53,0,8,1,0.125,1,0,0
53,1,8,2,0.25,1,0,0
53,2,8,1,0.125,1,0,0
53,3,8,3,0.375,1,0,0
53,4,8,1,0.125,1,0,0
53,5,8,2,0.25,1,0,0
53,6,8,2,0.25,1,0,0
53,7,8,3,0.375,1,0,0
53,8,8,2,0.25,1,0,0
53,9,8,1,0.125,1,0,0
53,10,8,1,0.125,1,0,0
53,11,8,3,0.375,1,0,0
53,12,8,2,0.25,1,0,0
53,13,8,2,0.25,1,0,0
53,14,8,2,0.25,1,0,0
53,15,8,1,0.125,1,0,0
53,16,8,1,0.125,1,0,0
53,17,8,1,0.125,1,0,0
53,18,8,2,0.25,1,0,0
53,19,8,1,0.125,1,0,0
53,20,8,0,0.0,1,0,0
53,21,8,1,0.125,1,0,0
53,22,8,5,0.625,1,0,0
53,23,8,2,0.25,1,0,0
53,24,8,2,0.25,1,0,0
53,25,8,2,0.25,1,0,0
53,26,8,3,0.375,1,0,0
53,27,8,1,0.125,1,0,0
53,28,8,0,0.0,1,0,0
53,29,8,0,0.0,1,0,0
53,30,8,4,0.5,1,0,0
53,31,8,2,0.25,1,0,0
53,32,8,4,0.5,1,0,0
53,33,8,3,0.375,1,0,0
53,34,8,3,0.375,1,0,0
53,35,8,0,0.0,1,0,0
53,36,8,4,0.5,1,0,0
53,37,8,1,0.125,1,0,0
53,38,8,4,0.5,1,0,0
53,39,8,4,0.5,1,0,0
53,40,8,1,0.125,1,0,0
53,41,8,1,0.125,1,0,0
53,42,8,2,0.25,1,0,0
53,43,8,1,0.125,1,0,0
53,44,8,3,0.375,1,0,0
53,45,8,2,0.25,1,0,0
53,46,8,2,0.25,1,0,0
53,47,8,5,0.625,1,0,0
53,48,8,2,0.25,1,0,0
53,49,8,1,0.125,1,0,0
53,50,8,2,0.25,1,0,0
53,51,8,3,0.375,1,0,0
53,52,8,3,0.375,1,0,0
53,53,8,4,0.5,1,0,0
53,54,8,2,0.25,1,0,0
53,55,8,1,0.125,1,0,0
53,56,8,1,0.125,1,0,0
53,57,8,1,0.125,1,0,0
53,58,8,1,0.125,1,0,0
53,59,8,1,0.125,1,0,0
53,60,8,0,0.0,1,0,0
53,61,8,4,0.5,1,0,0
53,62,8,0,0.0,1,0,0
53,63,8,2,0.25,1,0,0
53,64,8,3,0.375,1,0,0
53,65,8,2,0.25,1,0,0
53,66,8,2,0.25,1,0,0
53,67,8,1,0.125,1,0,0
53,68,8,1,0.125,1,0,0
53,69,8,2,0.25,1,0,0
53,70,8,2,0.25,1,0,0
53,71,8,1,0.125,1,0,0
53,72,8,1,0.125,1,0,0
53,73,8,4,0.5,1,0,0
53,74,8,0,0.0,1,0,0
53,75,8,1,0.125,1,0,0
53,76,8,1,0.125,1,0,0
53,77,8,1,0.125,1,0,0
53,78,8,4,0.5,1,0,0
53,79,8,1,0.125,1,0,0
53,80,8,1,0.125,1,0,0
53,81,8,1,0.125,1,0,0
53,82,8,1,0.125,1,0,0
53,83,8,3,0.375,1,0,0
53,84,8,2,0.25,1,0,0
53,85,8,2,0.25,1,0,0
53,86,8,2,0.25,1,0,0
53,87,8,4,0.5,1,0,0
53,88,8,2,0.25,1,0,0
53,89,8,4,0.5,1,0,0
53,90,8,4,0.5,1,0,0
53,91,8,1,0.125,1,0,0
53,92,8,2,0.25,1,0,0
53,93,8,2,0.25,1,0,0
53,94,8,1,0.125,1,0,0
53,95,8,3,0.375,1,0,0
53,96,8,2,0.25,1,0,0
53,97,8,2,0.25,1,0,0
53,98,8,2,0.25,1,0,0
53,99,8,1,0.125,1,0,0
54,0,8,0,0.0,1,0,0
54,1,8,3,0.375,1,0,0
54,2,8,3,0.375,1,0,0
54,3,8,4,0.5,1,0,0
54,4,8,3,0.375,1,0,0
54,5,8,3,0.375,1,0,0
54,6,8,3,0.375,1,0,0
54,7,8,2,0.25,1,0,0
54,8,8,0,0.0,1,0,0
54,9,8,1,0.125,1,0,0
54,10,8,1,0.125,1,0,0
54,11,8,1,0.125,1,0,0
54,12,8,5,0.625,1,0,0
54,13,8,0,0.0,1,0,0
54,14,8,3,0.375,1,0,0
54,15,8,2,0.25,1,0,0
54,16,8,2,0.25,1,0,0
54,17,8,2,0.25,1,0,0
54,18,8,4,0.5,1,0,0
54,19,8,3,0.375,1,0,0
54,20,8,0,0.0,1,0,0
54,21,8,4,0.5,1,0,0
54,22,8,4,0.5,1,0,0
54,23,8,1,0.125,1,0,0
54,24,8,1,0.125,1,0,0
54,25,8,3,0.375,1,0,0
54,26,8,4,0.5,1,0,0
54,27,8,3,0.375,1,0,0
54,28,8,2,0.25,1,0,0
54,29,8,2,0.25,1,0,0
54,30,8,0,0.0,1,0,0
54,31,8,3,0.375,1,0,0
54,32,8,1,0.125,1,0,0
54,33,8,3,0.375,1,0,0
54,34,8,2,0.25,1,0,0
54,35,8,0,0.0,1,0,0
54,36,8,3,0.375,1,0,0
54,37,8,3,0.375,1,0,0
54,38,8,2,0.25,1,0,0
54,39,8,3,0.375,1,0,0
54,40,8,0,0.0,1,0,0
54,41,8,1,0.125,1,0,0
54,42,8,2,0.25,1,0,0
54,43,8,2,0.25,1,0,0
54,44,8,5,0.625,1,0,0
54,45,8,1,0.125,1,0,0
54,46,8,2,0.25,1,0,0
54,47,8,2,0.25,1,0,0
54,48,8,1,0.125,1,0,0
54,49,8,1,0.125,1,0,0
54,50,8,2,0.25,1,0,0
54,51,8,4,0.5,1,0,0
54,52,8,1,0.125,1,0,0
54,53,8,4,0.5,1,0,0
54,54,8,2,0.25,1,0,0
54,55,8,2,0.25,1,0,0
54,56,8,3,0.375,1,0,0
54,57,8,2,0.25,1,0,0
54,58,8,4,0.5,1,0,0
54,59,8,2,0.25,1,0,0
54,60,8,2,0.25,1,0,0
54,61,8,0,0.0,1,0,0
54,62,8,1,0.125,1,0,0
54,63,8,2,0.25,1,0,0
54,64,8,3,0.375,1,0,0
54,65,8,3,0.375,1,0,0
54,66,8,1,0.125,1,0,0
54,67,8,1,0.125,1,0,0
54,68,8,2,0.25,1,0,0
54,69,8,2,0.25,1,0,0
54,70,8,3,0.375,1,0,0
54,71,8,1,0.125,1,0,0
54,72,8,2,0.25,1,0,0
54,73,8,0,0.0,1,0,0
54,74,8,2,0.25,1,0,0
54,75,8,3,0.375,1,0,0
54,76,8,2,0.25,1,0,0
54,77,8,0,0.0,1,0,0
54,78,8,0,0.0,1,0,0
54,79,8,2,0.25,1,0,0
54,80,8,1,0.125,1,0,0
54,81,8,1,0.125,1,0,0
54,82,8,2,0.25,1,0,0
54,83,8,3,0.375,1,0,0
54,84,8,3,0.375,1,0,0
54,85,8,5,0.625,1,0,0
54,86,8,5,0.625,1,0,0
54,87,8,1,0.125,1,0,0
54,88,8,3,0.375,1,0,0
54,89,8,0,0.0,1,0,0
54,90,8,0,0.0,1,0,0
54,91,8,2,0.25,1,0,0
54,92,8,2,0.25,1,0,0
54,93,8,3,0.375,1,0,0
54,94,8,2,0.25,1,0,0
54,95,8,1,0.125,1,0,0
54,96,8,2,0.25,1,0,0
54,97,8,0,0.0,1,0,0
54,98,8,1,0.125,1,0,0
54,99,8,2,0.25,1,0,0
55,0,8,4,0.5,1,0,0
55,1,8,1,0.125,1,0,0
55,2,8,2,0.25,1,0,0
55,3,8,2,0.25,1,0,0
55,4,8,3,0.375,1,0,0
55,5,8,1,0.125,1,0,0
55,6,8,0,0.0,1,0,0
55,7,8,0,0.0,1,0,0
55,8,8,2,0.25,1,0,0
55,9,8,2,0.25,1,0,0
55,10,8,3,0.375,1,0,0
55,11,8,1,0.125,1,0,0
55,12,8,1,0.125,1,0,0
55,13,8,1,0.125,1,0,0
55,14,8,1,0.125,1,0,0
55,15,8,4,0.5,1,0,0
55,16,8,0,0.0,1,0,0
55,17,8,2,0.25,1,0,0
55,18,8,3,0.375,1,0,0
55,19,8,3,0.375,1,0,0
55,20,8,1,0.125,1,0,0
55,21,8,2,0.25,1,0,0
55,22,8,0,0.0,1,0,0
55,23,8,3,0.375,1,0,0
55,24,8,3,0.375,1,0,0
55,25,8,3,0.375,1,0,0
55,26,8,3,0.375,1,0,0
55,27,8,2,0.25,1,0,0
55,28,8,1,0.125,1,0,0
55,29,8,4,0.5,1,0,0
55,30,8,2,0.25,1,0,0
55,31,8,1,0.125,1,0,0
55,32,8,1,0.125,1,0,0
55,33,8,1,0.125,1,0,0
55,34,8,1,0.125,1,0,0
55,35,8,2,0.25,1,0,0
55,36,8,3,0.375,1,0,0
55,37,8,2,0.25,1,0,0
55,38,8,0,0.0,1,0,0
55,39,8,2,0.25,1,0,0
55,40,8,4,0.5,1,0,0
55,41,8,3,0.375,1,0,0
55,42,8,1,0.125,1,0,0
55,43,8,1,0.125,1,0,0
55,44,8,1,0.125,1,0,0
55,45,8,3,0.375,1,0,0
55,46,8,4,0.5,1,0,0
55,47,8,4,0.5,1,0,0
55,48,8,3,0.375,1,0,0
55,49,8,3,0.375,1,0,0
55,50,8,2,0.25,1,0,0
55,51,8,2,0.25,1,0,0
55,52,8,3,0.375,1,0,0
55,53,8,1,0.125,1,0,0
55,54,8,3,0.375,1,0,0
55,55,8,2,0.25,1,0,0
55,56,8,1,0.125,1,0,0
55,57,8,0,0.0,1,0,0
55,58,8,1,0.125,1,0,0
55,59,8,0,0.0,1,0,0
55,60,8,2,0.25,1,0,0
55,61,8,4,0.5,1,0,0
55,62,8,2,0.25,1,0,0
55,63,8,2,0.25,1,0,0
55,64,8,1,0.125,1,0,0
55,65,8,3,0.375,1,0,0
55,66,8,3,0.375,1,0,0
55,67,8,1,0.125,1,0,0
55,68,8,4,0.5,1,0,0
55,69,8,4,0.5,1,0,0
55,70,8,1,0.125,1,0,0
55,71,8,3,0.375,1,0,0
55,72,8,1,0.125,1,0,0
55,73,8,2,0.25,1,0,0
55,74,8,1,0.125,1,0,0
55,75,8,3,0.375,1,0,0
55,76,8,2,0.25,1,0,0
55,77,8,0,0.0,1,0,0
55,78,8,2,0.25,1,0,0
55,79,8,4,0.5,1,0,0
55,80,8,5,0.625,1,0,0
55,81,8,1,0.125,1,0,0
55,82,8,3,0.375,1,0,0
55,83,8,1,0.125,1,0,0
55,84,8,0,0.0,1,0,0
55,85,8,1,0.125,1,0,0
55,86,8,2,0.25,1,0,0
55,87,8,1,0.125,1,0,0
55,88,8,2,0.25,1,0,0
55,89,8,1,0.125,1,0,0
55,90,8,4,0.5,1,0,0
55,91,8,2,0.25,1,0,0
55,92,8,3,0.375,1,0,0
55,93,8,2,0.25,1,0,0
55,94,8,3,0.375,1,0,0
55,95,8,2,0.25,1,0,0
55,96,8,1,0.125,1,0,0
55,97,8,2,0.25,1,0,0
55,98,8,1,0.125,1,0,0
55,99,8,3,0.375,1,0,0
56,0,8,1,0.125,1,0,0
56,1,8,2,0.25,1,0,0
56,2,8,2,0.25,1,0,0
56,3,8,4,0.5,1,0,0
56,4,8,3,0.375,1,0,0
56,5,8,1,0.125,1,0,0
56,6,8,4,0.5,1,0,0
56,7,8,1,0.125,1,0,0
56,8,8,1,0.125,1,0,0
56,9,8,4,0.5,1,0,0
56,10,8,2,0.25,1,0,0
56,11,8,2,0.25,1,0,0
56,12,8,1,0.125,1,0,0
56,13,8,2,0.25,1,0,0
56,14,8,3,0.375,1,0,0
56,15,8,0,0.0,1,0,0
56,16,8,2,0.25,1,0,0
56,17,8,3,0.375,1,0,0
56,18,8,1,0.125,1,0,0
56,19,8,0,0.0,1,0,0
56,20,8,1,0.125,1,0,0
56,21,8,3,0.375,1,0,0
56,22,8,1,0.125,1,0,0
56,23,8,2,0.25,1,0,0
56,24,8,3,0.375,1,0,0
56,25,8,2,0.25,1,0,0
56,26,8,4,0.5,1,0,0
56,27,8,1,0.125,1,0,0
56,28,8,1,0.125,1,0,0
56,29,8,3,0.375,1,0,0
56,30,8,2,0.25,1,0,0
56,31,8,1,0.125,1,0,0
56,32,8,1,0.125,1,0,0
56,33,8,2,0.25,1,0,0
56,34,8,2,0.25,1,0,0
56,35,8,4,0.5,1,0,0
56,36,8,1,0.125,1,0,0
56,37,8,2,0.25,1,0,0
56,38,8,0,0.0,1,0,0
56,39,8,4,0.5,1,0,0
56,40,8,2,0.25,1,0,0
56,41,8,2,0.25,1,0,0
56,42,8,3,0.375,1,0,0
56,43,8,1,0.125,1,0,0
56,44,8,2,0.25,1,0,0
56,45,8,2,0.25,1,0,0
56,46,8,4,0.5,1,0,0
56,47,8,3,0.375,1,0,0
56,48,8,1,0.125,1,0,0
56,49,8,2,0.25,1,0,0
56,50,8,2,0.25,1,0,0
56,51,8,3,0.375,1,0,0
56,52,8,1,0.125,1,0,0
56,53,8,1,0.125,1,0,0
56,54,8,3,0.375,1,0,0
56,55,8,3,0.375,1,0,0
56,56,8,1,0.125,1,0,0
56,57,8,0,0.0,1,0,0
56,58,8,0,0.0,1,0,0
56,59,8,1,0.125,1,0,0
56,60,8,1,0.125,1,0,0
56,61,8,2,0.25,1,0,0
56,62,8,5,0.625,1,0,0
56,63,8,0,0.0,1,0,0
56,64,8,3,0.375,1,0,0
56,65,8,4,0.5,1,0,0
56,66,8,2,0.25,1,0,0
56,67,8,4,0.5,1,0,0
56,68,8,0,0.0,1,0,0
56,69,8,0,0.0,1,0,0
56,70,8,2,0.25,1,0,0
56,71,8,3,0.375,1,0,0
56,72,8,1,0.125,1,0,0
56,73,8,0,0.0,1,0,0
56,74,8,3,0.375,1,0,0
56,75,8,1,0.125,1,0,0
56,76,8,2,0.25,1,0,0
56,77,8,1,0.125,1,0,0
56,78,8,3,0.375,1,0,0
56,79,8,1,0.125,1,0,0
56,80,8,1,0.125,1,0,0
56,81,8,1,0.125,1,0,0
56,82,8,0,0.0,1,0,0
56,83,8,1,0.125,1,0,0
56,84,8,0,0.0,1,0,0
56,85,8,2,0.25,1,0,0
56,86,8,3,0.375,1,0,0
56,87,8,1,0.125,1,0,0
56,88,8,2,0.25,1,0,0
56,89,8,4,0.5,1,0,0
56,90,8,1,0.125,1,0,0
56,91,8,3,0.375,1,0,0
56,92,8,3,0.375,1,0,0
56,93,8,2,0.25,1,0,0
56,94,8,2,0.25,1,0,0
56,95,8,0,0.0,1,0,0
56,96,8,1,0.125,1,0,0
56,97,8,2,0.25,1,0,0
56,98,8,0,0.0,1,0,0
56,99,8,1,0.125,1,0,0
57,0,8,2,0.25,1,0,0
57,1,8,3,0.375,1,0,0
57,2,8,2,0.25,1,0,0
57,3,8,3,0.375,1,0,0
57,4,8,2,0.25,1,0,0
57,5,8,1,0.125,1,0,0
57,6,8,3,0.375,1,0,0
57,7,8,2,0.25,1,0,0
57,8,8,2,0.25,1,0,0
57,9,8,2,0.25,1,0,0
57,10,8,2,0.25,1,0,0
57,11,8,2,0.25,1,0,0
57,12,8,2,0.25,1,0,0
57,13,8,0,0.0,1,0,0
57,14,8,5,0.625,1,0,0
57,15,8,1,0.125,1,0,0
57,16,8,3,0.375,1,0,0
57,17,8,2,0.25,1,0,0
57,18,8,2,0.25,1,0,0
57,19,8,2,0.25,1,0,0
57,20,8,1,0.125,1,0,0
57,21,8,3,0.375,1,0,0
57,22,8,2,0.25,1,0,0
57,23,8,2,0.25,1,0,0
57,24,8,2,0.25,1,0,0
57,25,8,1,0.125,1,0,0
57,26,8,0,0.0,1,0,0
57,27,8,0,0.0,1,0,0
57,28,8,4,0.5,1,0,0
57,29,8,1,0.125,1,0,0
57,30,8,4,0.5,1,0,0
57,31,8,1,0.125,1,0,0
57,32,8,2,0.25,1,0,0
57,33,8,2,0.25,1,0,0
57,34,8,2,0.25,1,0,0
57,35,8,2,0.25,1,0,0
57,36,8,4,0.5,1,0,0
57,37,8,1,0.125,1,0,0
57,38,8,1,0.125,1,0,0
57,39,8,4,0.5,1,0,0
57,40,8,2,0.25,1,0,0
57,41,8,3,0.375,1,0,0
57,42,8,0,0.0,1,0,0
57,43,8,0,0.0,1,0,0
57,44,8,3,0.375,1,0,0
57,45,8,1,0.125,1,0,0
57,46,8,1,0.125,1,0,0
57,47,8,2,0.25,1,0,0
57,48,8,1,0.125,1,0,0
57,49,8,5,0.625,1,0,0
57,50,8,1,0.125,1,0,0
57,51,8,3,0.375,1,0,0
57,52,8,4,0.5,1,0,0
57,53,8,0,0.0,1,0,0
57,54,8,1,0.125,1,0,0
57,55,8,3,0.375,1,0,0
57,56,8,4,0.5,1,0,0
57,57,8,1,0.125,1,0,0
57,58,8,0,0.0,1,0,0
57,59,8,1,0.125,1,0,0
57,60,8,2,0.25,1,0,0
57,61,8,1,0.125,1,0,0
57,62,8,1,0.125,1,0,0
57,63,8,1,0.125,1,0,0
57,64,8,1,0.125,1,0,0
57,65,8,2,0.25,1,0,0
57,66,8,1,0.125,1,0,0
57,67,8,1,0.125,1,0,0
57,68,8,3,0.375,1,0,0
57,69,8,1,0.125,1,0,0
57,70,8,0,0.0,1,0,0
57,71,8,2,0.25,1,0,0
57,72,8,0,0.0,1,0,0
57,73,8,0,0.0,1,0,0
57,74,8,2,0.25,1,0,0
57,75,8,3,0.375,1,0,0
57,76,8,3,0.375,1,0,0
57,77,8,2,0.25,1,0,0
57,78,8,1,0.125,1,0,0
57,79,8,1,0.125,1,0,0
57,80,8,2,0.25,1,0,0
57,81,8,3,0.375,1,0,0
57,82,8,2,0.25,1,0,0
57,83,8,1,0.125,1,0,0
57,84,8,1,0.125,1,0,0
57,85,8,1,0.125,1,0,0
57,86,8,3,0.375,1,0,0
57,87,8,4,0.5,1,0,0
57,88,8,1,0.125,1,0,0
57,89,8,2,0.25,1,0,0
57,90,8,2,0.25,1,0,0
57,91,8,2,0.25,1,0,0
57,92,8,0,0.0,1,0,0
57,93,8,3,0.375,1,0,0
57,94,8,1,0.125,1,0,0
57,95,8,1,0.125,1,0,0
57,96,8,2,0.25,1,0,0
57,97,8,2,0.25,1,0,0
57,98,8,3,0.375,1,0,0
57,99,8,2,0.25,1,0,0
58,0,8,3,0.375,1,0,0
58,1,8,1,0.125,1,0,0
58,2,8,1,0.125,1,0,0
58,3,8,3,0.375,1,0,0
58,4,8,1,0.125,1,0,0
58,5,8,4,0.5,1,0,0
58,6,8,0,0.0,1,0,0
58,7,8,3,0.375,1,0,0
58,8,8,2,0.25,1,0,0
58,9,8,5,0.625,1,0,0
58,10,8,1,0.125,1,0,0
58,11,8,3,0.375,1,0,0
58,12,8,2,0.25,1,0,0
58,13,8,2,0.25,1,0,0
58,14,8,5,0.625,1,0,0
58,15,8,1,0.125,1,0,0
58,16,8,4,0.5,1,0,0
58,17,8,3,0.375,1,0,0
58,18,8,1,0.125,1,0,0
58,19,8,2,0.25,1,0,0
58,20,8,2,0.25,1,0,0
58,21,8,0,0.0,1,0,0
58,22,8,5,0.625,1,0,0
58,23,8,2,0.25,1,0,0
58,24,8,2,0.25,1,0,0
58,25,8,4,0.5,1,0,0
58,26,8,4,0.5,1,0,0
58,27,8,0,0.0,1,0,0
58,28,8,1,0.125,1,0,0
58,29,8,3,0.375,1,0,0
58,30,8,3,0.375,1,0,0
58,31,8,2,0.25,1,0,0
58,32,8,2,0.25,1,0,0
58,33,8,2,0.25,1,0,0
58,34,8,1,0.125,1,0,0
58,35,8,1,0.125,1,0,0
58,36,8,1,0.125,1,0,0
58,37,8,1,0.125,1,0,0
58,38,8,4,0.5,1,0,0
58,39,8,2,0.25,1,0,0
58,40,8,2,0.25,1,0,0
58,41,8,3,0.375,1,0,0
58,42,8,1,0.125,1,0,0
58,43,8,4,0.5,1,0,0
58,44,8,5,0.625,1,0,0
58,45,8,4,0.5,1,0,0
58,46,8,4,0.5,1,0,0
58,47,8,2,0.25,1,0,0
58,48,8,2,0.25,1,0,0
58,49,8,4,0.5,1,0,0
58,50,8,0,0.0,1,0,0
58,51,8,2,0.25,1,0,0
58,52,8,1,0.125,1,0,0
58,53,8,4,0.5,1,0,0
58,54,8,3,0.375,1,0,0
58,55,8,2,0.25,1,0,0
58,56,8,1,0.125,1,0,0
58,57,8,2,0.25,1,0,0
58,58,8,3,0.375,1,0,0
58,59,8,3,0.375,1,0,0
58,60,8,2,0.25,1,0,0
58,61,8,1,0.125,1,0,0
58,62,8,2,0.25,1,0,0
58,63,8,2,0.25,1,0,0
58,64,8,0,0.0,1,0,0
58,65,8,2,0.25,1,0,0
58,66,8,2,0.25,1,0,0
58,67,8,2,0.25,1,0,0
58,68,8,1,0.125,1,0,0
58,69,8,3,0.375,1,0,0
58,70,8,3,0.375,1,0,0
58,71,8,1,0.125,1,0,0
58,72,8,2,0.25,1,0,0
58,73,8,2,0.25,1,0,0
58,74,8,2,0.25,1,0,0
58,75,8,4,0.5,1,0,0
58,76,8,3,0.375,1,0,0
58,77,8,0,0.0,1,0,0
58,78,8,1,0.125,1,0,0
58,79,8,2,0.25,1,0,0
58,80,8,3,0.375,1,0,0
58,81,8,3,0.375,1,0,0
58,82,8,2,0.25,1,0,0
58,83,8,3,0.375,1,0,0
58,84,8,2,0.25,1,0,0
58,85,8,3,0.375,1,0,0
58,86,8,1,0.125,1,0,0
58,87,8,0,0.0,1,0,0
58,88,8,1,0.125,1,0,0
58,89,8,3,0.375,1,0,0
58,90,8,1,0.125,1,0,0
58,91,8,4,0.5,1,0,0
58,92,8,2,0.25,1,0,0
58,93,8,3,0.375,1,0,0
58,94,8,2,0.25,1,0,0
58,95,8,1,0.125,1,0,0
58,96,8,1,0.125,1,0,0
58,97,8,2,0.25,1,0,0
58,98,8,3,0.375,1,0,0
58,99,8,2,0.25,1,0,0
59,0,8,1,0.125,1,0,0
59,1,8,0,0.0,1,0,0
59,2,8,1,0.125,1,0,0
59,3,8,4,0.5,1,0,0
59,4,8,3,0.375,1,0,0
59,5,8,2,0.25,1,0,0
59,6,8,1,0.125,1,0,0
59,7,8,1,0.125,1,0,0
59,8,8,0,0.0,1,0,0
59,9,8,3,0.375,1,0,0
59,10,8,1,0.125,1,0,0
59,11,8,1,0.125,1,0,0
59,12,8,0,0.0,1,0,0
59,13,8,3,0.375,1,0,0
59,14,8,2,0.25,1,0,0
59,15,8,3,0.375,1,0,0
59,16,8,4,0.5,1,0,0
59,17,8,3,0.375,1,0,0
59,18,8,4,0.5,1,0,0
59,19,8,1,0.125,1,0,0
59,20,8,1,0.125,1,0,0
59,21,8,3,0.375,1,0,0
59,22,8,4,0.5,1,0,0
59,23,8,4,0.5,1,0,0
59,24,8,1,0.125,1,0,0
59,25,8,4,0.5,1,0,0
59,26,8,2,0.25,1,0,0
59,27,8,3,0.375,1,0,0
59,28,8,5,0.625,1,0,0
59,29,8,1,0.125,1,0,0
59,30,8,1,0.125,1,0,0
59,31,8,2,0.25,1,0,0
59,32,8,2,0.25,1,0,0
59,33,8,2,0.25,1,0,0
59,34,8,1,0.125,1,0,0
59,35,8,3,0.375,1,0,0
59,36,8,2,0.25,1,0,0
59,37,8,2,0.25,1,0,0
59,38,8,2,0.25,1,0,0
59,39,8,2,0.25,1,0,0
59,40,8,2,0.25,1,0,0
59,41,8,4,0.5,1,0,0
59,42,8,1,0.125,1,0,0
59,43,8,2,0.25,1,0,0
59,44,8,2,0.25,1,0,0
59,45,8,4,0.5,1,0,0
59,46,8,1,0.125,1,0,0
59,47,8,2,0.25,1,0,0
59,48,8,1,0.125,1,0,0
59,49,8,2,0.25,1,0,0
59,50,8,3,0.375,1,0,0
59,51,8,1,0.125,1,0,0
59,52,8,1,0.125,1,0,0
59,53,8,2,0.25,1,0,0
59,54,8,2,0.25,1,0,0
59,55,8,2,0.25,1,0,0
59,56,8,2,0.25,1,0,0
59,57,8,2,0.25,1,0,0
59,58,8,3,0.375,1,0,0
59,59,8,1,0.125,1,0,0
59,60,8,1,0.125,1,0,0
59,61,8,0,0.0,1,0,0
59,62,8,3,0.375,1,0,0
59,63,8,2,0.25,1,0,0
59,64,8,1,0.125,1,0,0
59,65,8,3,0.375,1,0,0
59,66,8,2,0.25,1,0,0
59,67,8,5,0.625,1,0,0
59,68,8,4,0.5,1,0,0
59,69,8,3,0.375,1,0,0
59,70,8,1,0.125,1,0,0
59,71,8,3,0.375,1,0,0
59,72,8,3,0.375,1,0,0
59,73,8,2,0.25,1,0,0
59,74,8,1,0.125,1,0,0
59,75,8,3,0.375,1,0,0
59,76,8,2,0.25,1,0,0
59,77,8,3,0.375,1,0,0
59,78,8,1,0.125,1,0,0
59,79,8,2,0.25,1,0,0
59,80,8,3,0.375,1,0,0
59,81,8,1,0.125,1,0,0
59,82,8,3,0.375,1,0,0
59,83,8,2,0.25,1,0,0
59,84,8,3,0.375,1,0,0
59,85,8,2,0.25,1,0,0
59,86,8,4,0.5,1,0,0
59,87,8,1,0.125,1,0,0
59,88,8,1,0.125,1,0,0
59,89,8,2,0.25,1,0,0
59,90,8,0,0.0,1,0,0
59,91,8,3,0.375,1,0,0
59,92,8,4,0.5,1,0,0
59,93,8,4,0.5,1,0,0
59,94,8,2,0.25,1,0,0
59,95,8,0,0.0,1,0,0
59,96,8,2,0.25,1,0,0
59,97,8,4,0.5,1,0,0
59,98,8,2,0.25,1,0,0
59,99,8,2,0.25,1,0,0
60,0,8,2,0.25,1,0,0
60,1,8,3,0.375,1,0,0
60,2,8,0,0.0,1,0,0
60,3,8,2,0.25,1,0,0
60,4,8,0,0.0,1,0,0
60,5,8,2,0.25,1,0,0
60,6,8,1,0.125,1,0,0
60,7,8,0,0.0,1,0,0
60,8,8,1,0.125,1,0,0
60,9,8,1,0.125,1,0,0
60,10,8,2,0.25,1,0,0
60,11,8,0,0.0,1,0,0
60,12,8,1,0.125,1,0,0
60,13,8,2,0.25,1,0,0
60,14,8,1,0.125,1,0,0
60,15,8,1,0.125,1,0,0
60,16,8,2,0.25,1,0,0
60,17,8,2,0.25,1,0,0
60,18,8,2,0.25,1,0,0
60,19,8,0,0.0,1,0,0
60,20,8,2,0.25,1,0,0
60,21,8,3,0.375,1,0,0
60,22,8,3,0.375,1,0,0
60,23,8,2,0.25,1,0,0
60,24,8,3,0.375,1,0,0
60,25,8,1,0.125,1,0,0
60,26,8,0,0.0,1,0,0
60,27,8,3,0.375,1,0,0
60,28,8,2,0.25,1,0,0
60,29,8,3,0.375,1,0,0
60,30,8,1,0.125,1,0,0
60,31,8,2,0.25,1,0,0
60,32,8,3,0.375,1,0,0
60,33,8,1,0.125,1,0,0
60,34,8,3,0.375,1,0,0
60,35,8,1,0.125,1,0,0
60,36,8,2,0.25,1,0,0
60,37,8,1,0.125,1,0,0
60,38,8,2,0.25,1,0,0
60,39,8,0,0.0,1,0,0
60,40,8,1,0.125,1,0,0
60,41,8,0,0.0,1,0,0
60,42,8,1,0.125,1,0,0
60,43,8,2,0.25,1,0,0
60,44,8,1,0.125,1,0,0
60,45,8,2,0.25,1,0,0
60,46,8,2,0.25,1,0,0
60,47,8,2,0.25,1,0,0
60,48,8,1,0.125,1,0,0
60,49,8,2,0.25,1,0,0
60,50,8,4,0.5,1,0,0
60,51,8,2,0.25,1,0,0
60,52,8,2,0.25,1,0,0
60,53,8,2,0.25,1,0,0
60,54,8,1,0.125,1,0,0
60,55,8,1,0.125,1,0,0
60,56,8,3,0.375,1,0,0
60,57,8,1,0.125,1,0,0
60,58,8,2,0.25,1,0,0
60,59,8,3,0.375,1,0,0
60,60,8,1,0.125,1,0,0
60,61,8,3,0.375,1,0,0
60,62,8,3,0.375,1,0,0
60,63,8,2,0.25,1,0,0
60,64,8,2,0.25,1,0,0
60,65,8,3,0.375,1,0,0
60,66,8,0,0.0,1,0,0
60,67,8,2,0.25,1,0,0
60,68,8,1,0.125,1,0,0
60,69,8,4,0.5,1,0,0
60,70,8,4,0.5,1,0,0
60,71,8,2,0.25,1,0,0
60,72,8,6,0.75,1,0,0
60,73,8,2,0.25,1,0,0
60,74,8,0,0.0,1,0,0
60,75,8,0,0.0,1,0,0
60,76,8,1,0.125,1,0,0
60,77,8,5,0.625,1,0,0
60,78,8,2,0.25,1,0,0
60,79,8,4,0.5,1,0,0
60,80,8,3,0.375,1,0,0
60,81,8,1,0.125,1,0,0
60,82,8,3,0.375,1,0,0
60,83,8,1,0.125,1,0,0
60,84,8,2,0.25,1,0,0
60,85,8,2,0.25,1,0,0
60,86,8,3,0.375,1,0,0
60,87,8,2,0.25,1,0,0
60,88,8,3,0.375,1,0,0
60,89,8,3,0.375,1,0,0
60,90,8,2,0.25,1,0,0
60,91,8,1,0.125,1,0,0
60,92,8,5,0.625,1,0,0
60,93,8,4,0.5,1,0,0
60,94,8,0,0.0,1,0,0
60,95,8,1,0.125,1,0,0
60,96,8,2,0.25,1,0,0
60,97,8,1,0.125,1,0,0
60,98,8,2,0.25,1,0,0
60,99,8,1,0.125,1,0,0
61,0,8,0,0.0,1,0,0
61,1,8,0,0.0,1,0,0
61,2,8,1,0.125,1,0,0
61,3,8,0,0.0,1,0,0
61,4,8,2,0.25,1,0,0
61,5,8,3,0.375,1,0,0
61,6,8,2,0.25,1,0,0
61,7,8,1,0.125,1,0,0
61,8,8,2,0.25,1,0,0
61,9,8,0,0.0,1,0,0
61,10,8,2,0.25,1,0,0
61,11,8,2,0.25,1,0,0
61,12,8,2,0.25,1,0,0
61,13,8,2,0.25,1,0,0
61,14,8,2,0.25,1,0,0
61,15,8,1,0.125,1,0,0
61,16,8,0,0.0,1,0,0
61,17,8,3,0.375,1,0,0
61,18,8,1,0.125,1,0,0
61,19,8,2,0.25,1,0,0
61,20,8,3,0.375,1,0,0
61,21,8,1,0.125,1,0,0
61,22,8,2,0.25,1,0,0
61,23,8,3,0.375,1,0,0
61,24,8,2,0.25,1,0,0
61,25,8,2,0.25,1,0,0
61,26,8,1,0.125,1,0,0
61,27,8,5,0.625,1,0,0
61,28,8,1,0.125,1,0,0
61,29,8,1,0.125,1,0,0
61,30,8,3,0.375,1,0,0
61,31,8,4,0.5,1,0,0
61,32,8,2,0.25,1,0,0
61,33,8,3,0.375,1,0,0
61,34,8,2,0.25,1,0,0
61,35,8,1,0.125,1,0,0
61,36,8,2,0.25,1,0,0
61,37,8,0,0.0,1,0,0
61,38,8,3,0.375,1,0,0
61,39,8,3,0.375,1,0,0
61,40,8,1,0.125,1,0,0
61,41,8,2,0.25,1,0,0
61,42,8,4,0.5,1,0,0
61,43,8,1,0.125,1,0,0
61,44,8,0,0.0,1,0,0
61,45,8,0,0.0,1,0,0
61,46,8,5,0.625,1,0,0
61,47,8,1,0.125,1,0,0
61,48,8,0,0.0,1,0,0
61,49,8,4,0.5,1,0,0
61,50,8,0,0.0,1,0,0
61,51,8,0,0.0,1,0,0
61,52,8,1,0.125,1,0,0
61,53,8,1,0.125,1,0,0
61,54,8,2,0.25,1,0,0
61,55,8,4,0.5,1,0,0
61,56,8,1,0.125,1,0,0
61,57,8,2,0.25,1,0,0
61,58,8,2,0.25,1,0,0
61,59,8,3,0.375,1,0,0
61,60,8,0,0.0,1,0,0
61,61,8,2,0.25,1,0,0
61,62,8,4,0.5,1,0,0
61,63,8,1,0.125,1,0,0
61,64,8,1,0.125,1,0,0
61,65,8,0,0.0,1,0,0
61,66,8,1,0.125,1,0,0
61,67,8,1,0.125,1,0,0
61,68,8,1,0.125,1,0,0
61,69,8,4,0.5,1,0,0
61,70,8,1,0.125,1,0,0
61,71,8,4,0.5,1,0,0
61,72,8,2,0.25,1,0,0
61,73,8,0,0.0,1,0,0
61,74,8,0,0.0,1,0,0
61,75,8,1,0.125,1,0,0
61,76,8,3,0.375,1,0,0
61,77,8,2,0.25,1,0,0
61,78,8,1,0.125,1,0,0
61,79,8,4,0.5,1,0,0
61,80,8,3,0.375,1,0,0
61,81,8,4,0.5,1,0,0
61,82,8,3,0.375,1,0,0
61,83,8,5,0.625,1,0,0
61,84,8,0,0.0,1,0,0
61,85,8,2,0.25,1,0,0
61,86,8,2,0.25,1,0,0
61,87,8,0,0.0,1,0,0
61,88,8,3,0.375,1,0,0
61,89,8,0,0.0,1,0,0
61,90,8,2,0.25,1,0,0
61,91,8,3,0.375,1,0,0
61,92,8,2,0.25,1,0,0
61,93,8,3,0.375,1,0,0
61,94,8,1,0.125,1,0,0
61,95,8,3,0.375,1,0,0
61,96,8,1,0.125,1,0,0
61,97,8,3,0.375,1,0,0
61,98,8,3,0.375,1,0,0
61,99,8,4,0.5,1,0,0
62,0,8,3,0.375,1,0,0
62,1,8,4,0.5,1,0,0
62,2,8,1,0.125,1,0,0
62,3,8,3,0.375,1,0,0
62,4,8,0,0.0,1,0,0
62,5,8,1,0.125,1,0,0
62,6,8,2,0.25,1,0,0
62,7,8,1,0.125,1,0,0
62,8,8,0,0.0,1,0,0
62,9,8,2,0.25,1,0,0
62,10,8,2,0.25,1,0,0
62,11,8,2,0.25,1,0,0
62,12,8,2,0.25,1,0,0
62,13,8,1,0.125,1,0,0
62,14,8,3,0.375,1,0,0
62,15,8,2,0.25,1,0,0
62,16,8,2,0.25,1,0,0
62,17,8,1,0.125,1,0,0
62,18,8,3,0.375,1,0,0
62,19,8,0,0.0,1,0,0
62,20,8,4,0.5,1,0,0
62,21,8,2,0.25,1,0,0
62,22,8,3,0.375,1,0,0
62,23,8,4,0.5,1,0,0
62,24,8,1,0.125,1,0,0
62,25,8,1,0.125,1,0,0
62,26,8,1,0.125,1,0,0
62,27,8,1,0.125,1,0,0
62,28,8,2,0.25,1,0,0
62,29,8,3,0.375,1,0,0
62,30,8,2,0.25,1,0,0
62,31,8,2,0.25,1,0,0
62,32,8,1,0.125,1,0,0
62,33,8,2,0.25,1,0,0
62,34,8,3,0.375,1,0,0
62,35,8,4,0.5,1,0,0
62,36,8,1,0.125,1,0,0
62,37,8,1,0.125,1,0,0
62,38,8,4,0.5,1,0,0
62,39,8,4,0.5,1,0,0
62,40,8,1,0.125,1,0,0
62,41,8,1,0.125,1,0,0
62,42,8,1,0.125,1,0,0
62,43,8,2,0.25,1,0,0
62,44,8,1,0.125,1,0,0
62,45,8,1,0.125,1,0,0
62,46,8,2,0.25,1,0,0
62,47,8,4,0.5,1,0,0
62,48,8,1,0.125,1,0,0
62,49,8,1,0.125,1,0,0
62,50,8,2,0.25,1,0,0
62,51,8,3,0.375,1,0,0
62,52,8,4,0.5,1,0,0
62,53,8,2,0.25,1,0,0
62,54,8,2,0.25,1,0,0
62,55,8,1,0.125,1,0,0
62,56,8,1,0.125,1,0,0
62,57,8,3,0.375,1,0,0
62,58,8,1,0.125,1,0,0
62,59,8,1,0.125,1,0,0
62,60,8,0,0.0,1,0,0
62,61,8,4,0.5,1,0,0
62,62,8,2,0.25,1,0,0
62,63,8,0,0.0,1,0,0
62,64,8,2,0.25,1,0,0
62,65,8,2,0.25,1,0,0
62,66,8,1,0.125,1,0,0
62,67,8,1,0.125,1,0,0
62,68,8,3,0.375,1,0,0
62,69,8,1,0.125,1,0,0
62,70,8,3,0.375,1,0,0
62,71,8,2,0.25,1,0,0
62,72,8,4,0.5,1,0,0
62,73,8,2,0.25,1,0,0
62,74,8,1,0.125,1,0,0
62,75,8,0,0.0,1,0,0
62,76,8,2,0.25,1,0,0
62,77,8,2,0.25,1,0,0
62,78,8,3,0.375,1,0,0
62,79,8,2,0.25,1,0,0
62,80,8,1,0.125,1,0,0
62,81,8,1,0.125,1,0,0
62,82,8,2,0.25,1,0,0
62,83,8,2,0.25,1,0,0
62,84,8,0,0.0,1,0,0
62,85,8,3,0.375,1,0,0
62,86,8,1,0.125,1,0,0
62,87,8,2,0.25,1,0,0
62,88,8,1,0.125,1,0,0
62,89,8,0,0.0,1,0,0
62,90,8,3,0.375,1,0,0
62,91,8,2,0.25,1,0,0
62,92,8,2,0.25,1,0,0
62,93,8,2,0.25,1,0,0
62,94,8,1,0.125,1,0,0
62,95,8,2,0.25,1,0,0
62,96,8,3,0.375,1,0,0
62,97,8,3,0.375,1,0,0
62,98,8,3,0.375,1,0,0
62,99,8,2,0.25,1,0,0
63,0,8,3,0.375,1,0,0
63,1,8,3,0.375,1,0,0
63,2,8,3,0.375,1,0,0
63,3,8,2,0.25,1,0,0
63,4,8,1,0.125,1,0,0
63,5,8,2,0.25,1,0,0
63,6,8,3,0.375,1,0,0
63,7,8,1,0.125,1,0,0
63,8,8,2,0.25,1,0,0
63,9,8,1,0.125,1,0,0
63,10,8,4,0.5,1,0,0
63,11,8,4,0.5,1,0,0
63,12,8,1,0.125,1,0,0
63,13,8,2,0.25,1,0,0
63,14,8,1,0.125,1,0,0
63,15,8,2,0.25,1,0,0
63,16,8,2,0.25,1,0,0
63,17,8,1,0.125,1,0,0
63,18,8,4,0.5,1,0,0
63,19,8,3,0.375,1,0,0
63,20,8,1,0.125,1,0,0
63,21,8,1,0.125,1,0,0
63,22,8,3,0.375,1,0,0
63,23,8,0,0.0,1,0,0
63,24,8,3,0.375,1,0,0
63,25,8,3,0.375,1,0,0
63,26,8,0,0.0,1,0,0
63,27,8,4,0.5,1,0,0
63,28,8,1,0.125,1,0,0
63,29,8,1,0.125,1,0,0
63,30,8,1,0.125,1,0,0
63,31,8,0,0.0,1,0,0
63,32,8,1,0.125,1,0,0
63,33,8,1,0.125,1,0,0
63,34,8,3,0.375,1,0,0
63,35,8,3,0.375,1,0,0
63,36,8,0,0.0,1,0,0
63,37,8,1,0.125,1,0,0
63,38,8,0,0.0,1,0,0
63,39,8,1,0.125,1,0,0
63,40,8,2,0.25,1,0,0
63,41,8,0,0.0,1,0,0
63,42,8,3,0.375,1,0,0
63,43,8,4,0.5,1,0,0
63,44,8,3,0.375,1,0,0
63,45,8,1,0.125,1,0,0
63,46,8,2,0.25,1,0,0
63,47,8,1,0.125,1,0,0
63,48,8,1,0.125,1,0,0
63,49,8,0,0.0,1,0,0
63,50,8,3,0.375,1,0,0
63,51,8,0,0.0,1,0,0
63,52,8,3,0.375,1,0,0
63,53,8,2,0.25,1,0,0
63,54,8,0,0.0,1,0,0
63,55,8,1,0.125,1,0,0
63,56,8,1,0.125,1,0,0
63,57,8,2,0.25,1,0,0
63,58,8,1,0.125,1,0,0
63,59,8,5,0.625,1,0,0
63,60,8,1,0.125,1,0,0
63,61,8,2,0.25,1,0,0
63,62,8,3,0.375,1,0,0
63,63,8,2,0.25,1,0,0
63,64,8,3,0.375,1,0,0
63,65,8,2,0.25,1,0,0
63,66,8,3,0.375,1,0,0
63,67,8,2,0.25,1,0,0
63,68,8,0,0.0,1,0,0
63,69,8,2,0.25,1,0,0
63,70,8,2,0.25,1,0,0
63,71,8,1,0.125,1,0,0
63,72,8,2,0.25,1,0,0
63,73,8,1,0.125,1,0,0
63,74,8,3,0.375,1,0,0
63,75,8,3,0.375,1,0,0
63,76,8,1,0.125,1,0,0
63,77,8,3,0.375,1,0,0
63,78,8,1,0.125,1,0,0
63,79,8,2,0.25,1,0,0
63,80,8,3,0.375,1,0,0
63,81,8,2,0.25,1,0,0
63,82,8,0,0.0,1,0,0
63,83,8,2,0.25,1,0,0
63,84,8,1,0.125,1,0,0
63,85,8,2,0.25,1,0,0
63,86,8,2,0.25,1,0,0
63,87,8,2,0.25,1,0,0
63,88,8,2,0.25,1,0,0
63,89,8,2,0.25,1,0,0
63,90,8,3,0.375,1,0,0
63,91,8,2,0.25,1,0,0
63,92,8,1,0.125,1,0,0
63,93,8,1,0.125,1,0,0
63,94,8,1,0.125,1,0,0
63,95,8,2,0.25,1,0,0
63,96,8,3,0.375,1,0,0
63,97,8,3,0.375,1,0,0
63,98,8,2,0.25,1,0,0
63,99,8,1,0.125,1,0,0
64,0,8,1,0.125,1,0,0
64,1,8,3,0.375,1,0,0
64,2,8,0,0.0,1,0,0
64,3,8,3,0.375,1,0,0
64,4,8,4,0.5,1,0,0
64,5,8,3,0.375,1,0,0
64,6,8,2,0.25,1,0,0
64,7,8,2,0.25,1,0,0
64,8,8,1,0.125,1,0,0
64,9,8,2,0.25,1,0,0
64,10,8,3,0.375,1,0,0
64,11,8,0,0.0,1,0,0
64,12,8,1,0.125,1,0,0
64,13,8,0,0.0,1,0,0
64,14,8,2,0.25,1,0,0
64,15,8,3,0.375,1,0,0
64,16,8,1,0.125,1,0,0
64,17,8,3,0.375,1,0,0
64,18,8,3,0.375,1,0,0
64,19,8,2,0.25,1,0,0
64,20,8,2,0.25,1,0,0
64,21,8,2,0.25,1,0,0
64,22,8,2,0.25,1,0,0
64,23,8,3,0.375,1,0,0
64,24,8,2,0.25,1,0,0
64,25,8,3,0.375,1,0,0
64,26,8,0,0.0,1,0,0
64,27,8,1,0.125,1,0,0
64,28,8,3,0.375,1,0,0
64,29,8,2,0.25,1,0,0
64,30,8,3,0.375,1,0,0
64,31,8,1,0.125,1,0,0
64,32,8,0,0.0,1,0,0
64,33,8,4,0.5,1,0,0
64,34,8,3,0.375,1,0,0
64,35,8,1,0.125,1,0,0
64,36,8,4,0.5,1,0,0
64,37,8,2,0.25,1,0,0
64,38,8,3,0.375,1,0,0
64,39,8,3,0.375,1,0,0
64,40,8,3,0.375,1,0,0
64,41,8,0,0.0,1,0,0
64,42,8,2,0.25,1,0,0
64,43,8,3,0.375,1,0,0
64,44,8,1,0.125,1,0,0
64,45,8,0,0.0,1,0,0
64,46,8,1,0.125,1,0,0
64,47,8,0,0.0,1,0,0
64,48,8,3,0.375,1,0,0
64,49,8,1,0.125,1,0,0
64,50,8,3,0.375,1,0,0
64,51,8,3,0.375,1,0,0
64,52,8,4,0.5,1,0,0
64,53,8,1,0.125,1,0,0
64,54,8,1,0.125,1,0,0
64,55,8,2,0.25,1,0,0
64,56,8,2,0.25,1,0,0
64,57,8,1,0.125,1,0,0
64,58,8,1,0.125,1,0,0
64,59,8,0,0.0,1,0,0
64,60,8,3,0.375,1,0,0
64,61,8,2,0.25,1,0,0
64,62,8,1,0.125,1,0,0
64,63,8,2,0.25,1,0,0
64,64,8,0,0.0,1,0,0
64,65,8,2,0.25,1,0,0
64,66,8,0,0.0,1,0,0
64,67,8,4,0.5,1,0,0
64,68,8,5,0.625,1,0,0
64,69,8,3,0.375,1,0,0
64,70,8,0,0.0,1,0,0
64,71,8,1,0.125,1,0,0
64,72,8,1,0.125,1,0,0
64,73,8,2,0.25,1,0,0
64,74,8,1,0.125,1,0,0
64,75,8,2,0.25,1,0,0
64,76,8,2,0.25,1,0,0
64,77,8,1,0.125,1,0,0
64,78,8,2,0.25,1,0,0
64,79,8,2,0.25,1,0,0
64,80,8,1,0.125,1,0,0
64,81,8,1,0.125,1,0,0
64,82,8,2,0.25,1,0,0
64,83,8,2,0.25,1,0,0
64,84,8,3,0.375,1,0,0
64,85,8,2,0.25,1,0,0
64,86,8,2,0.25,1,0,0
64,87,8,4,0.5,1,0,0
64,88,8,3,0.375,1,0,0
64,89,8,0,0.0,1,0,0
64,90,8,1,0.125,1,0,0
64,91,8,1,0.125,1,0,0
64,92,8,1,0.125,1,0,0
64,93,8,1,0.125,1,0,0
64,94,8,1,0.125,1,0,0
64,95,8,4,0.5,1,0,0
64,96,8,2,0.25,1,0,0
64,97,8,2,0.25,1,0,0
64,98,8,4,0.5,1,0,0
64,99,8,1,0.125,1,0,0
65,0,8,4,0.5,1,0,0
65,1,8,0,0.0,1,0,0
65,2,8,1,0.125,1,0,0
65,3,8,1,0.125,1,0,0
65,4,8,0,0.0,1,0,0
65,5,8,2,0.25,1,0,0
65,6,8,2,0.25,1,0,0
65,7,8,4,0.5,1,0,0
65,8,8,5,0.625,1,0,0
65,9,8,4,0.5,1,0,0
65,10,8,1,0.125,1,0,0
65,11,8,0,0.0,1,0,0
65,12,8,2,0.25,1,0,0
65,13,8,1,0.125,1,0,0
65,14,8,0,0.0,1,0,0
65,15,8,4,0.5,1,0,0
65,16,8,4,0.5,1,0,0
65,17,8,3,0.375,1,0,0
65,18,8,1,0.125,1,0,0
65,19,8,2,0.25,1,0,0
65,20,8,1,0.125,1,0,0
65,21,8,0,0.0,1,0,0
65,22,8,1,0.125,1,0,0
65,23,8,2,0.25,1,0,0
65,24,8,1,0.125,1,0,0
65,25,8,2,0.25,1,0,0
65,26,8,0,0.0,1,0,0
65,27,8,2,0.25,1,0,0
65,28,8,4,0.5,1,0,0
65,29,8,3,0.375,1,0,0
65,30,8,3,0.375,1,0,0
65,31,8,2,0.25,1,0,0
65,32,8,3,0.375,1,0,0
65,33,8,2,0.25,1,0,0
65,34,8,2,0.25,1,0,0
65,35,8,2,0.25,1,0,0
65,36,8,2,0.25,1,0,0
65,37,8,2,0.25,1,0,0
65,38,8,2,0.25,1,0,0
65,39,8,3,0.375,1,0,0
65,40,8,2,0.25,1,0,0
65,41,8,2,0.25,1,0,0
65,42,8,2,0.25,1,0,0
65,43,8,2,0.25,1,0,0
65,44,8,0,0.0,1,0,0
65,45,8,1,0.125,1,0,0
65,46,8,1,0.125,1,0,0
65,47,8,4,0.5,1,0,0
65,48,8,1,0.125,1,0,0
65,49,8,2,0.25,1,0,0
65,50,8,2,0.25,1,0,0
65,51,8,1,0.125,1,0,0
65,52,8,2,0.25,1,0,0
65,53,8,1,0.125,1,0,0
65,54,8,0,0.0,1,0,0
65,55,8,2,0.25,1,0,0
65,56,8,4,0.5,1,0,0
65,57,8,3,0.375,1,0,0
65,58,8,3,0.375,1,0,0
65,59,8,2,0.25,1,0,0
65,60,8,3,0.375,1,0,0
65,61,8,3,0.375,1,0,0
65,62,8,6,0.75,1,0,0
65,63,8,1,0.125,1,0,0
65,64,8,4,0.5,1,0,0
65,65,8,5,0.625,1,0,0
65,66,8,1,0.125,1,0,0
65,67,8,1,0.125,1,0,0
65,68,8,2,0.25,1,0,0
65,69,8,5,0.625,1,0,0
65,70,8,4,0.5,1,0,0
65,71,8,1,0.125,1,0,0
65,72,8,2,0.25,1,0,0
65,73,8,5,0.625,1,0,0
65,74,8,3,0.375,1,0,0
65,75,8,2,0.25,1,0,0
65,76,8,1,0.125,1,0,0
65,77,8,4,0.5,1,0,0
65,78,8,1,0.125,1,0,0
65,79,8,0,0.0,1,0,0
65,80,8,2,0.25,1,0,0
65,81,8,2,0.25,1,0,0
65,82,8,5,0.625,1,0,0
65,83,8,2,0.25,1,0,0
65,84,8,4,0.5,1,0,0
65,85,8,3,0.375,1,0,0
65,86,8,2,0.25,1,0,0
65,87,8,1,0.125,1,0,0
65,88,8,1,0.125,1,0,0
65,89,8,1,0.125,1,0,0
65,90,8,0,0.0,1,0,0
65,91,8,3,0.375,1,0,0
65,92,8,2,0.25,1,0,0
65,93,8,1,0.125,1,0,0
65,94,8,3,0.375,1,0,0
65,95,8,0,0.0,1,0,0
65,96,8,3,0.375,1,0,0
65,97,8,3,0.375,1,0,0
65,98,8,3,0.375,1,0,0
65,99,8,2,0.25,1,0,0
66,0,8,3,0.375,1,0,0
66,1,8,2,0.25,1,0,0
66,2,8,2,0.25,1,0,0
66,3,8,4,0.5,1,0,0
66,4,8,4,0.5,1,0,0
66,5,8,2,0.25,1,0,0
66,6,8,1,0.125,1,0,0
66,7,8,3,0.375,1,0,0
66,8,8,3,0.375,1,0,0
66,9,8,0,0.0,1,0,0
66,10,8,1,0.125,1,0,0
66,11,8,2,0.25,1,0,0
66,12,8,4,0.5,1,0,0
66,13,8,4,0.5,1,0,0
66,14,8,2,0.25,1,0,0
66,15,8,0,0.0,1,0,0
66,16,8,0,0.0,1,0,0
66,17,8,3,0.375,1,0,0
66,18,8,0,0.0,1,0,0
66,19,8,0,0.0,1,0,0
66,20,8,1,0.125,1,0,0
66,21,8,4,0.5,1,0,0
66,22,8,1,0.125,1,0,0
66,23,8,2,0.25,1,0,0
66,24,8,0,0.0,1,0,0
66,25,8,3,0.375,1,0,0
66,26,8,2,0.25,1,0,0
66,27,8,1,0.125,1,0,0
66,28,8,2,0.25,1,0,0
66,29,8,3,0.375,1,0,0
66,30,8,3,0.375,1,0,0
66,31,8,3,0.375,1,0,0
66,32,8,4,0.5,1,0,0
66,33,8,1,0.125,1,0,0
66,34,8,3,0.375,1,0,0
66,35,8,1,0.125,1,0,0
66,36,8,0,0.0,1,0,0
66,37,8,2,0.25,1,0,0
66,38,8,4,0.5,1,0,0
66,39,8,2,0.25,1,0,0
66,40,8,2,0.25,1,0,0
66,41,8,2,0.25,1,0,0
66,42,8,2,0.25,1,0,0
66,43,8,3,0.375,1,0,0
66,44,8,2,0.25,1,0,0
66,45,8,4,0.5,1,0,0
66,46,8,0,0.0,1,0,0
66,47,8,1,0.125,1,0,0
66,48,8,1,0.125,1,0,0
66,49,8,2,0.25,1,0,0
66,50,8,1,0.125,1,0,0
66,51,8,3,0.375,1,0,0
66,52,8,2,0.25,1,0,0
66,53,8,2,0.25,1,0,0
66,54,8,4,0.5,1,0,0
66,55,8,3,0.375,1,0,0
66,56,8,2,0.25,1,0,0
66,57,8,3,0.375,1,0,0
66,58,8,2,0.25,1,0,0
66,59,8,3,0.375,1,0,0
66,60,8,0,0.0,1,0,0
66,61,8,3,0.375,1,0,0
66,62,8,3,0.375,1,0,0
66,63,8,1,0.125,1,0,0
66,64,8,3,0.375,1,0,0
66,65,8,0,0.0,1,0,0
66,66,8,2,0.25,1,0,0
66,67,8,4,0.5,1,0,0
66,68,8,2,0.25,1,0,0
66,69,8,1,0.125,1,0,0
66,70,8,2,0.25,1,0,0
66,71,8,3,0.375,1,0,0
66,72,8,2,0.25,1,0,0
66,73,8,2,0.25,1,0,0
66,74,8,2,0.25,1,0,0
66,75,8,2,0.25,1,0,0
66,76,8,5,0.625,1,0,0
66,77,8,3,0.375,1,0,0
66,78,8,4,0.5,1,0,0
66,79,8,0,0.0,1,0,0
66,80,8,2,0.25,1,0,0
66,81,8,3,0.375,1,0,0
66,82,8,3,0.375,1,0,0
66,83,8,0,0.0,1,0,0
66,84,8,3,0.375,1,0,0
66,85,8,2,0.25,1,0,0
66,86,8,2,0.25,1,0,0
66,87,8,2,0.25,1,0,0
66,88,8,1,0.125,1,0,0
66,89,8,4,0.5,1,0,0
66,90,8,2,0.25,1,0,0
66,91,8,2,0.25,1,0,0
66,92,8,1,0.125,1,0,0
66,93,8,3,0.375,1,0,0
66,94,8,3,0.375,1,0,0
66,95,8,3,0.375,1,0,0
66,96,8,1,0.125,1,0,0
66,97,8,3,0.375,1,0,0
66,98,8,4,0.5,1,0,0
66,99,8,2,0.25,1,0,0
67,0,8,2,0.25,1,0,0
67,1,8,2,0.25,1,0,0
67,2,8,0,0.0,1,0,0
67,3,8,2,0.25,1,0,0
67,4,8,2,0.25,1,0,0
67,5,8,1,0.125,1,0,0
67,6,8,1,0.125,1,0,0
67,7,8,1,0.125,1,0,0
67,8,8,2,0.25,1,0,0
67,9,8,1,0.125,1,0,0
67,10,8,3,0.375,1,0,0
67,11,8,2,0.25,1,0,0
67,12,8,2,0.25,1,0,0
67,13,8,1,0.125,1,0,0
67,14,8,3,0.375,1,0,0
67,15,8,2,0.25,1,0,0
67,16,8,2,0.25,1,0,0
67,17,8,2,0.25,1,0,0
67,18,8,2,0.25,1,0,0
67,19,8,2,0.25,1,0,0
67,20,8,1,0.125,1,0,0
67,21,8,3,0.375,1,0,0
67,22,8,4,0.5,1,0,0
67,23,8,4,0.5,1,0,0
67,24,8,4,0.5,1,0,0
67,25,8,2,0.25,1,0,0
67,26,8,3,0.375,1,0,0
67,27,8,1,0.125,1,0,0
67,28,8,1,0.125,1,0,0
67,29,8,5,0.625,1,0,0
67,30,8,2,0.25,1,0,0
67,31,8,2,0.25,1,0,0
67,32,8,2,0.25,1,0,0
67,33,8,1,0.125,1,0,0
67,34,8,1,0.125,1,0,0
67,35,8,3,0.375,1,0,0
67,36,8,1,0.125,1,0,0
67,37,8,2,0.25,1,0,0
67,38,8,3,0.375,1,0,0
67,39,8,1,0.125,1,0,0
67,40,8,4,0.5,1,0,0
67,41,8,1,0.125,1,0,0
67,42,8,3,0.375,1,0,0
67,43,8,1,0.125,1,0,0
67,44,8,4,0.5,1,0,0
67,45,8,2,0.25,1,0,0
67,46,8,1,0.125,1,0,0
67,47,8,1,0.125,1,0,0
67,48,8,4,0.5,1,0,0
67,49,8,1,0.125,1,0,0
67,50,8,1,0.125,1,0,0
67,51,8,3,0.375,1,0,0
67,52,8,5,0.625,1,0,0
67,53,8,2,0.25,1,0,0
67,54,8,2,0.25,1,0,0
67,55,8,1,0.125,1,0,0
67,56,8,4,0.5,1,0,0
67,57,8,4,0.5,1,0,0
67,58,8,1,0.125,1,0,0
67,59,8,1,0.125,1,0,0
67,60,8,2,0.25,1,0,0
67,61,8,1,0.125,1,0,0
67,62,8,3,0.375,1,0,0
67,63,8,2,0.25,1,0,0
67,64,8,2,0.25,1,0,0
67,65,8,2,0.25,1,0,0
67,66,8,2,0.25,1,0,0
67,67,8,0,0.0,1,0,0
67,68,8,2,0.25,1,0,0
67,69,8,3,0.375,1,0,0
67,70,8,0,0.0,1,0,0
67,71,8,4,0.5,1,0,0
67,72,8,1,0.125,1,0,0
67,73,8,1,0.125,1,0,0
67,74,8,3,0.375,1,0,0
67,75,8,2,0.25,1,0,0
67,76,8,1,0.125,1,0,0
67,77,8,0,0.0,1,0,0
67,78,8,2,0.25,1,0,0
67,79,8,2,0.25,1,0,0
67,80,8,1,0.125,1,0,0
67,81,8,1,0.125,1,0,0
67,82,8,2,0.25,1,0,0
67,83,8,4,0.5,1,0,0
67,84,8,0,0.0,1,0,0
67,85,8,1,0.125,1,0,0
67,86,8,4,0.5,1,0,0
67,87,8,1,0.125,1,0,0
67,88,8,1,0.125,1,0,0
67,89,8,1,0.125,1,0,0
67,90,8,3,0.375,1,0,0
67,91,8,2,0.25,1,0,0
67,92,8,2,0.25,1,0,0
67,93,8,1,0.125,1,0,0
67,94,8,3,0.375,1,0,0
67,95,8,1,0.125,1,0,0
67,96,8,2,0.25,1,0,0
67,97,8,2,0.25,1,0,0
67,98,8,3,0.375,1,0,0
67,99,8,3,0.375,1,0,0
68,0,8,1,0.125,1,0,0
68,1,8,0,0.0,1,0,0
68,2,8,2,0.25,1,0,0
68,3,8,1,0.125,1,0,0
68,4,8,2,0.25,1,0,0
68,5,8,4,0.5,1,0,0
68,6,8,2,0.25,1,0,0
68,7,8,2,0.25,1,0,0
68,8,8,2,0.25,1,0,0
68,9,8,4,0.5,1,0,0
68,10,8,2,0.25,1,0,0
68,11,8,1,0.125,1,0,0
68,12,8,2,0.25,1,0,0
68,13,8,2,0.25,1,0,0
68,14,8,4,0.5,1,0,0
68,15,8,2,0.25,1,0,0
68,16,8,0,0.0,1,0,0
68,17,8,2,0.25,1,0,0
68,18,8,2,0.25,1,0,0
68,19,8,3,0.375,1,0,0
68,20,8,2,0.25,1,0,0
68,21,8,1,0.125,1,0,0
68,22,8,2,0.25,1,0,0
68,23,8,1,0.125,1,0,0
68,24,8,3,0.375,1,0,0
68,25,8,3,0.375,1,0,0
68,26,8,2,0.25,1,0,0
68,27,8,1,0.125,1,0,0
68,28,8,2,0.25,1,0,0
68,29,8,2,0.25,1,0,0
68,30,8,1,0.125,1,0,0
68,31,8,4,0.5,1,0,0
68,32,8,1,0.125,1,0,0
68,33,8,2,0.25,1,0,0
68,34,8,3,0.375,1,0,0
68,35,8,3,0.375,1,0,0
68,36,8,2,0.25,1,0,0
68,37,8,2,0.25,1,0,0
68,38,8,2,0.25,1,0,0
68,39,8,2,0.25,1,0,0
68,40,8,3,0.375,1,0,0
68,41,8,0,0.0,1,0,0
68,42,8,1,0.125,1,0,0
68,43,8,2,0.25,1,0,0
68,44,8,3,0.375,1,0,0
68,45,8,3,0.375,1,0,0
68,46,8,2,0.25,1,0,0
68,47,8,1,0.125,1,0,0
68,48,8,2,0.25,1,0,0
68,49,8,1,0.125,1,0,0
68,50,8,2,0.25,1,0,0
68,51,8,2,0.25,1,0,0
68,52,8,0,0.0,1,0,0
68,53,8,4,0.5,1,0,0
68,54,8,3,0.375,1,0,0
68,55,8,2,0.25,1,0,0
68,56,8,3,0.375,1,0,0
68,57,8,1,0.125,1,0,0
68,58,8,1,0.125,1,0,0
68,59,8,2,0.25,1,0,0
68,60,8,2,0.25,1,0,0
68,61,8,4,0.5,1,0,0
68,62,8,2,0.25,1,0,0
68,63,8,3,0.375,1,0,0
68,64,8,3,0.375,1,0,0
68,65,8,1,0.125,1,0,0
68,66,8,3,0.375,1,0,0
68,67,8,1,0.125,1,0,0
68,68,8,2,0.25,1,0,0
68,69,8,4,0.5,1,0,0
68,70,8,0,0.0,1,0,0
68,71,8,1,0.125,1,0,0
68,72,8,0,0.0,1,0,0
68,73,8,2,0.25,1,0,0
68,74,8,3,0.375,1,0,0
68,75,8,3,0.375,1,0,0
68,76,8,1,0.125,1,0,0
68,77,8,2,0.25,1,0,0
68,78,8,1,0.125,1,0,0
68,79,8,1,0.125,1,0,0
68,80,8,1,0.125,1,0,0
68,81,8,1,0.125,1,0,0
68,82,8,1,0.125,1,0,0
68,83,8,2,0.25,1,0,0
68,84,8,1,0.125,1,0,0
68,85,8,1,0.125,1,0,0
68,86,8,3,0.375,1,0,0
68,87,8,3,0.375,1,0,0
68,88,8,1,0.125,1,0,0
68,89,8,0,0.0,1,0,0
68,90,8,1,0.125,1,0,0
68,91,8,3,0.375,1,0,0
68,92,8,0,0.0,1,0,0
68,93,8,2,0.25,1,0,0
68,94,8,2,0.25,1,0,0
68,95,8,2,0.25,1,0,0
68,96,8,2,0.25,1,0,0
68,97,8,3,0.375,1,0,0
68,98,8,2,0.25,1,0,0
68,99,8,4,0.5,1,0,0
69,0,8,1,0.125,1,0,0
69,1,8,2,0.25,1,0,0
69,2,8,4,0.5,1,0,0
69,3,8,1,0.125,1,0,0
69,4,8,1,0.125,1,0,0
69,5,8,1,0.125,1,0,0
69,6,8,2,0.25,1,0,0
69,7,8,1,0.125,1,0,0
69,8,8,3,0.375,1,0,0
69,9,8,5,0.625,1,0,0
69,10,8,2,0.25,1,0,0
69,11,8,2,0.25,1,0,0
69,12,8,3,0.375,1,0,0
69,13,8,2,0.25,1,0,0
69,14,8,2,0.25,1,0,0
69,15,8,2,0.25,1,0,0
69,16,8,3,0.375,1,0,0
69,17,8,1,0.125,1,0,0
69,18,8,2,0.25,1,0,0
69,19,8,2,0.25,1,0,0
69,20,8,2,0.25,1,0,0
69,21,8,2,0.25,1,0,0
69,22,8,5,0.625,1,0,0
69,23,8,2,0.25,1,0,0
69,24,8,2,0.25,1,0,0
69,25,8,1,0.125,1,0,0
69,26,8,2,0.25,1,0,0
69,27,8,1,0.125,1,0,0
69,28,8,1,0.125,1,0,0
69,29,8,3,0.375,1,0,0
69,30,8,3,0.375,1,0,0
69,31,8,1,0.125,1,0,0
69,32,8,1,0.125,1,0,0
69,33,8,1,0.125,1,0,0
69,34,8,2,0.25,1,0,0
69,35,8,0,0.0,1,0,0
69,36,8,2,0.25,1,0,0
69,37,8,1,0.125,1,0,0
69,38,8,2,0.25,1,0,0
69,39,8,1,0.125,1,0,0
69,40,8,4,0.5,1,0,0
69,41,8,1,0.125,1,0,0
69,42,8,2,0.25,1,0,0
69,43,8,1,0.125,1,0,0
69,44,8,3,0.375,1,0,0
69,45,8,0,0.0,1,0,0
69,46,8,2,0.25,1,0,0
69,47,8,2,0.25,1,0,0
69,48,8,2,0.25,1,0,0
69,49,8,2,0.25,1,0,0
69,50,8,2,0.25,1,0,0
69,51,8,3,0.375,1,0,0
69,52,8,2,0.25,1,0,0
69,53,8,1,0.125,1,0,0
69,54,8,2,0.25,1,0,0
69,55,8,3,0.375,1,0,0
69,56,8,2,0.25,1,0,0
69,57,8,3,0.375,1,0,0
69,58,8,3,0.375,1,0,0
69,59,8,2,0.25,1,0,0
69,60,8,1,0.125,1,0,0
69,61,8,2,0.25,1,0,0
69,62,8,1,0.125,1,0,0
69,63,8,4,0.5,1,0,0
69,64,8,3,0.375,1,0,0
69,65,8,1,0.125,1,0,0
69,66,8,2,0.25,1,0,0
69,67,8,3,0.375,1,0,0
69,68,8,1,0.125,1,0,0
69,69,8,2,0.25,1,0,0
69,70,8,2,0.25,1,0,0
69,71,8,0,0.0,1,0,0
69,72,8,2,0.25,1,0,0
69,73,8,3,0.375,1,0,0
69,74,8,3,0.375,1,0,0
69,75,8,1,0.125,1,0,0
69,76,8,1,0.125,1,0,0
69,77,8,5,0.625,1,0,0
69,78,8,1,0.125,1,0,0
69,79,8,2,0.25,1,0,0
69,80,8,0,0.0,1,0,0
69,81,8,1,0.125,1,0,0
69,82,8,2,0.25,1,0,0
69,83,8,2,0.25,1,0,0
69,84,8,4,0.5,1,0,0
69,85,8,0,0.0,1,0,0
69,86,8,2,0.25,1,0,0
69,87,8,2,0.25,1,0,0
69,88,8,2,0.25,1,0,0
69,89,8,1,0.125,1,0,0
69,90,8,2,0.25,1,0,0
69,91,8,0,0.0,1,0,0
69,92,8,3,0.375,1,0,0
69,93,8,3,0.375,1,0,0
69,94,8,4,0.5,1,0,0
69,95,8,1,0.125,1,0,0
69,96,8,2,0.25,1,0,0
69,97,8,2,0.25,1,0,0
69,98,8,2,0.25,1,0,0
69,99,8,3,0.375,1,0,0
70,0,8,1,0.125,1,0,0
70,1,8,4,0.5,1,0,0
70,2,8,1,0.125,1,0,0
70,3,8,2,0.25,1,0,0
70,4,8,1,0.125,1,0,0
70,5,8,4,0.5,1,0,0
70,6,8,3,0.375,1,0,0
70,7,8,3,0.375,1,0,0
70,8,8,3,0.375,1,0,0
70,9,8,3,0.375,1,0,0
70,10,8,1,0.125,1,0,0
70,11,8,2,0.25,1,0,0
70,12,8,3,0.375,1,0,0
70,13,8,1,0.125,1,0,0
70,14,8,0,0.0,1,0,0
70,15,8,1,0.125,1,0,0
70,16,8,3,0.375,1,0,0
70,17,8,3,0.375,1,0,0
70,18,8,1,0.125,1,0,0
70,19,8,2,0.25,1,0,0
70,20,8,2,0.25,1,0,0
70,21,8,1,0.125,1,0,0
70,22,8,3,0.375,1,0,0
70,23,8,0,0.0,1,0,0
70,24,8,2,0.25,1,0,0
70,25,8,3,0.375,1,0,0
70,26,8,1,0.125,1,0,0
70,27,8,1,0.125,1,0,0
70,28,8,4,0.5,1,0,0
70,29,8,2,0.25,1,0,0
70,30,8,2,0.25,1,0,0
70,31,8,3,0.375,1,0,0
70,32,8,2,0.25,1,0,0
70,33,8,1,0.125,1,0,0
70,34,8,0,0.0,1,0,0
70,35,8,2,0.25,1,0,0
70,36,8,1,0.125,1,0,0
70,37,8,1,0.125,1,0,0
70,38,8,1,0.125,1,0,0
70,39,8,2,0.25,1,0,0
70,40,8,0,0.0,1,0,0
70,41,8,2,0.25,1,0,0
70,42,8,2,0.25,1,0,0
70,43,8,3,0.375,1,0,0
70,44,8,1,0.125,1,0,0
70,45,8,3,0.375,1,0,0
70,46,8,0,0.0,1,0,0
70,47,8,1,0.125,1,0,0
70,48,8,2,0.25,1,0,0
70,49,8,2,0.25,1,0,0
70,50,8,1,0.125,1,0,0
70,51,8,5,0.625,1,0,0
70,52,8,3,0.375,1,0,0
70,53,8,3,0.375,1,0,0
70,54,8,3,0.375,1,0,0
70,55,8,3,0.375,1,0,0
70,56,8,3,0.375,1,0,0
70,57,8,3,0.375,1,0,0
70,58,8,3,0.375,1,0,0
70,59,8,1,0.125,1,0,0
70,60,8,0,0.0,1,0,0
70,61,8,1,0.125,1,0,0
70,62,8,5,0.625,1,0,0
70,63,8,2,0.25,1,0,0
70,64,8,2,0.25,1,0,0
70,65,8,3,0.375,1,0,0
70,66,8,6,0.75,1,0,0
70,67,8,3,0.375,1,0,0
70,68,8,2,0.25,1,0,0
70,69,8,3,0.375,1,0,0
70,70,8,3,0.375,1,0,0
70,71,8,1,0.125,1,0,0
70,72,8,1,0.125,1,0,0
70,73,8,1,0.125,1,0,0
70,74,8,3,0.375,1,0,0
70,75,8,1,0.125,1,0,0
70,76,8,2,0.25,1,0,0
70,77,8,2,0.25,1,0,0
70,78,8,3,0.375,1,0,0
70,79,8,4,0.5,1,0,0
70,80,8,6,0.75,1,0,0
70,81,8,0,0.0,1,0,0
70,82,8,1,0.125,1,0,0
70,83,8,3,0.375,1,0,0
70,84,8,4,0.5,1,0,0
70,85,8,1,0.125,1,0,0
70,86,8,3,0.375,1,0,0
70,87,8,2,0.25,1,0,0
70,88,8,0,0.0,1,0,0
70,89,8,0,0.0,1,0,0
70,90,8,0,0.0,1,0,0
70,91,8,0,0.0,1,0,0
70,92,8,0,0.0,1,0,0
70,93,8,3,0.375,1,0,0
70,94,8,4,0.5,1,0,0
70,95,8,3,0.375,1,0,0
70,96,8,0,0.0,1,0,0
70,97,8,1,0.125,1,0,0
70,98,8,1,0.125,1,0,0
70,99,8,1,0.125,1,0,0
71,0,8,1,0.125,1,0,0
71,1,8,5,0.625,1,0,0
71,2,8,1,0.125,1,0,0
71,3,8,5,0.625,1,0,0
71,4,8,5,0.625,1,0,0
71,5,8,2,0.25,1,0,0
71,6,8,2,0.25,1,0,0
71,7,8,2,0.25,1,0,0
71,8,8,1,0.125,1,0,0
71,9,8,0,0.0,1,0,0
71,10,8,1,0.125,1,0,0
71,11,8,2,0.25,1,0,0
71,12,8,5,0.625,1,0,0
71,13,8,3,0.375,1,0,0
71,14,8,2,0.25,1,0,0
71,15,8,2,0.25,1,0,0
71,16,8,2,0.25,1,0,0
71,17,8,1,0.125,1,0,0
71,18,8,2,0.25,1,0,0
71,19,8,4,0.5,1,0,0
71,20,8,3,0.375,1,0,0
71,21,8,0,0.0,1,0,0
71,22,8,1,0.125,1,0,0
71,23,8,2,0.25,1,0,0
71,24,8,0,0.0,1,0,0
71,25,8,1,0.125,1,0,0
71,26,8,6,0.75,1,0,0
71,27,8,4,0.5,1,0,0
71,28,8,1,0.125,1,0,0
71,29,8,2,0.25,1,0,0
71,30,8,2,0.25,1,0,0
71,31,8,2,0.25,1,0,0
71,32,8,1,0.125,1,0,0
71,33,8,3,0.375,1,0,0
71,34,8,1,0.125,1,0,0
71,35,8,2,0.25,1,0,0
71,36,8,1,0.125,1,0,0
71,37,8,1,0.125,1,0,0
71,38,8,2,0.25,1,0,0
71,39,8,1,0.125,1,0,0
71,40,8,2,0.25,1,0,0
71,41,8,0,0.0,1,0,0
71,42,8,1,0.125,1,0,0
71,43,8,4,0.5,1,0,0
71,44,8,2,0.25,1,0,0
71,45,8,2,0.25,1,0,0
71,46,8,2,0.25,1,0,0
71,47,8,2,0.25,1,0,0
71,48,8,5,0.625,1,0,0
71,49,8,2,0.25,1,0,0
71,50,8,2,0.25,1,0,0
71,51,8,1,0.125,1,0,0
71,52,8,4,0.5,1,0,0
71,53,8,2,0.25,1,0,0
71,54,8,1,0.125,1,0,0
71,55,8,2,0.25,1,0,0
71,56,8,1,0.125,1,0,0
71,57,8,1,0.125,1,0,0
71,58,8,0,0.0,1,0,0
71,59,8,4,0.5,1,0,0
71,60,8,0,0.0,1,0,0
71,61,8,3,0.375,1,0,0
71,62,8,0,0.0,1,0,0
71,63,8,3,0.375,1,0,0
71,64,8,3,0.375,1,0,0
71,65,8,0,0.0,1,0,0
71,66,8,2,0.25,1,0,0
71,67,8,1,0.125,1,0,0
71,68,8,3,0.375,1,0,0
71,69,8,3,0.375,1,0,0
71,70,8,1,0.125,1,0,0
71,71,8,4,0.5,1,0,0
71,72,8,1,0.125,1,0,0
71,73,8,1,0.125,1,0,0
71,74,8,1,0.125,1,0,0
71,75,8,1,0.125,1,0,0
71,76,8,3,0.375,1,0,0
71,77,8,3,0.375,1,0,0
71,78,8,2,0.25,1,0,0
71,79,8,1,0.125,1,0,0
71,80,8,4,0.5,1,0,0
71,81,8,1,0.125,1,0,0
71,82,8,2,0.25,1,0,0
71,83,8,3,0.375,1,0,0
71,84,8,1,0.125,1,0,0
71,85,8,0,0.0,1,0,0
71,86,8,1,0.125,1,0,0
71,87,8,1,0.125,1,0,0
71,88,8,2,0.25,1,0,0
71,89,8,2,0.25,1,0,0
71,90,8,1,0.125,1,0,0
71,91,8,4,0.5,1,0,0
71,92,8,1,0.125,1,0,0
71,93,8,2,0.25,1,0,0
71,94,8,2,0.25,1,0,0
71,95,8,2,0.25,1,0,0
71,96,8,5,0.625,1,0,0
71,97,8,2,0.25,1,0,0
71,98,8,2,0.25,1,0,0
71,99,8,1,0.125,1,0,0
72,0,8,1,0.125,1,0,0
72,1,8,0,0.0,1,0,0
72,2,8,3,0.375,1,0,0
72,3,8,1,0.125,1,0,0
72,4,8,2,0.25,1,0,0
72,5,8,0,0.0,1,0,0
72,6,8,1,0.125,1,0,0
72,7,8,4,0.5,1,0,0
72,8,8,3,0.375,1,0,0
72,9,8,4,0.5,1,0,0
72,10,8,2,0.25,1,0,0
72,11,8,0,0.0,1,0,0
72,12,8,3,0.375,1,0,0
72,13,8,3,0.375,1,0,0
72,14,8,1,0.125,1,0,0
72,15,8,5,0.625,1,0,0
72,16,8,4,0.5,1,0,0
72,17,8,0,0.0,1,0,0
72,18,8,3,0.375,1,0,0
72,19,8,3,0.375,1,0,0
72,20,8,2,0.25,1,0,0
72,21,8,3,0.375,1,0,0
72,22,8,4,0.5,1,0,0
72,23,8,2,0.25,1,0,0
72,24,8,1,0.125,1,0,0
72,25,8,1,0.125,1,0,0
72,26,8,3,0.375,1,0,0
72,27,8,2,0.25,1,0,0
72,28,8,5,0.625,1,0,0
72,29,8,1,0.125,1,0,0
72,30,8,3,0.375,1,0,0
72,31,8,2,0.25,1,0,0
72,32,8,2,0.25,1,0,0
72,33,8,2,0.25,1,0,0
72,34,8,3,0.375,1,0,0
72,35,8,0,0.0,1,0,0
72,36,8,2,0.25,1,0,0
72,37,8,2,0.25,1,0,0
72,38,8,2,0.25,1,0,0
72,39,8,0,0.0,1,0,0
72,40,8,2,0.25,1,0,0
72,41,8,3,0.375,1,0,0
72,42,8,3,0.375,1,0,0
72,43,8,4,0.5,1,0,0
72,44,8,2,0.25,1,0,0
72,45,8,0,0.0,1,0,0
72,46,8,3,0.375,1,0,0
72,47,8,1,0.125,1,0,0
72,48,8,2,0.25,1,0,0
72,49,8,4,0.5,1,0,0
72,50,8,0,0.0,1,0,0
72,51,8,5,0.625,1,0,0
72,52,8,1,0.125,1,0,0
72,53,8,6,0.75,1,0,0
72,54,8,1,0.125,1,0,0
72,55,8,2,0.25,1,0,0
72,56,8,1,0.125,1,0,0
72,57,8,3,0.375,1,0,0
72,58,8,2,0.25,1,0,0
72,59,8,3,0.375,1,0,0
72,60,8,0,0.0,1,0,0
72,61,8,1,0.125,1,0,0
72,62,8,3,0.375,1,0,0
72,63,8,1,0.125,1,0,0
72,64,8,2,0.25,1,0,0
72,65,8,2,0.25,1,0,0
72,66,8,2,0.25,1,0,0
72,67,8,0,0.0,1,0,0
72,68,8,1,0.125,1,0,0
72,69,8,0,0.0,1,0,0
72,70,8,1,0.125,1,0,0
72,71,8,2,0.25,1,0,0
72,72,8,2,0.25,1,0,0
72,73,8,0,0.0,1,0,0
72,74,8,3,0.375,1,0,0
72,75,8,3,0.375,1,0,0
72,76,8,3,0.375,1,0,0
72,77,8,3,0.375,1,0,0
72,78,8,0,0.0,1,0,0
72,79,8,2,0.25,1,0,0
72,80,8,3,0.375,1,0,0
72,81,8,1,0.125,1,0,0
72,82,8,3,0.375,1,0,0
72,83,8,2,0.25,1,0,0
72,84,8,1,0.125,1,0,0
72,85,8,2,0.25,1,0,0
72,86,8,1,0.125,1,0,0
72,87,8,3,0.375,1,0,0
72,88,8,1,0.125,1,0,0
72,89,8,3,0.375,1,0,0
72,90,8,4,0.5,1,0,0
72,91,8,1,0.125,1,0,0
72,92,8,2,0.25,1,0,0
72,93,8,2,0.25,1,0,0
72,94,8,1,0.125,1,0,0
72,95,8,2,0.25,1,0,0
72,96,8,3,0.375,1,0,0
72,97,8,4,0.5,1,0,0
72,98,8,2,0.25,1,0,0
72,99,8,3,0.375,1,0,0
73,0,8,1,0.125,1,0,0
73,1,8,0,0.0,1,0,0
73,2,8,2,0.25,1,0,0
73,3,8,3,0.375,1,0,0
73,4,8,2,0.25,1,0,0
73,5,8,3,0.375,1,0,0
73,6,8,2,0.25,1,0,0
73,7,8,3,0.375,1,0,0
73,8,8,2,0.25,1,0,0
73,9,8,2,0.25,1,0,0
73,10,8,2,0.25,1,0,0
73,11,8,1,0.125,1,0,0
73,12,8,2,0.25,1,0,0
73,13,8,2,0.25,1,0,0
73,14,8,2,0.25,1,0,0
73,15,8,3,0.375,1,0,0
73,16,8,4,0.5,1,0,0
73,17,8,1,0.125,1,0,0
73,18,8,4,0.5,1,0,0
73,19,8,2,0.25,1,0,0
73,20,8,2,0.25,1,0,0
73,21,8,1,0.125,1,0,0
73,22,8,2,0.25,1,0,0
73,23,8,5,0.625,1,0,0
73,24,8,2,0.25,1,0,0
73,25,8,3,0.375,1,0,0
73,26,8,4,0.5,1,0,0
73,27,8,1,0.125,1,0,0
73,28,8,3,0.375,1,0,0
73,29,8,4,0.5,1,0,0
73,30,8,1,0.125,1,0,0
73,31,8,1,0.125,1,0,0
73,32,8,1,0.125,1,0,0
73,33,8,2,0.25,1,0,0
73,34,8,2,0.25,1,0,0
73,35,8,0,0.0,1,0,0
73,36,8,3,0.375,1,0,0
73,37,8,2,0.25,1,0,0
73,38,8,2,0.25,1,0,0
73,39,8,3,0.375,1,0,0
73,40,8,2,0.25,1,0,0
73,41,8,0,0.0,1,0,0
73,42,8,3,0.375,1,0,0
73,43,8,4,0.5,1,0,0
73,44,8,1,0.125,1,0,0
73,45,8,1,0.125,1,0,0
73,46,8,2,0.25,1,0,0
73,47,8,2,0.25,1,0,0
73,48,8,0,0.0,1,0,0
73,49,8,2,0.25,1,0,0
73,50,8,3,0.375,1,0,0
73,51,8,3,0.375,1,0,0
73,52,8,2,0.25,1,0,0
73,53,8,2,0.25,1,0,0
73,54,8,2,0.25,1,0,0
73,55,8,4,0.5,1,0,0
73,56,8,1,0.125,1,0,0
73,57,8,4,0.5,1,0,0
73,58,8,2,0.25,1,0,0
73,59,8,1,0.125,1,0,0
73,60,8,3,0.375,1,0,0
73,61,8,4,0.5,1,0,0
73,62,8,1,0.125,1,0,0
73,63,8,3,0.375,1,0,0
73,64,8,3,0.375,1,0,0
73,65,8,2,0.25,1,0,0
73,66,8,2,0.25,1,0,0
73,67,8,1,0.125,1,0,0
73,68,8,1,0.125,1,0,0
73,69,8,3,0.375,1,0,0
73,70,8,2,0.25,1,0,0
73,71,8,3,0.375,1,0,0
73,72,8,3,0.375,1,0,0
73,73,8,1,0.125,1,0,0
73,74,8,2,0.25,1,0,0
73,75,8,0,0.0,1,0,0
73,76,8,1,0.125,1,0,0
73,77,8,4,0.5,1,0,0
73,78,8,2,0.25,1,0,0
73,79,8,0,0.0,1,0,0
73,80,8,1,0.125,1,0,0
73,81,8,1,0.125,1,0,0
73,82,8,2,0.25,1,0,0
73,83,8,0,0.0,1,0,0
73,84,8,1,0.125,1,0,0
73,85,8,1,0.125,1,0,0
73,86,8,3,0.375,1,0,0
73,87,8,2,0.25,1,0,0
73,88,8,2,0.25,1,0,0
73,89,8,6,0.75,1,0,0
73,90,8,2,0.25,1,0,0
73,91,8,2,0.25,1,0,0
73,92,8,2,0.25,1,0,0
73,93,8,2,0.25,1,0,0
73,94,8,4,0.5,1,0,0
73,95,8,3,0.375,1,0,0
73,96,8,1,0.125,1,0,0
73,97,8,1,0.125,1,0,0
73,98,8,1,0.125,1,0,0
73,99,8,3,0.375,1,0,0
74,0,8,2,0.25,1,0,0
74,1,8,0,0.0,1,0,0
74,2,8,0,0.0,1,0,0
74,3,8,2,0.25,1,0,0
74,4,8,1,0.125,1,0,0
74,5,8,2,0.25,1,0,0
74,6,8,2,0.25,1,0,0
74,7,8,2,0.25,1,0,0
74,8,8,3,0.375,1,0,0
74,9,8,3,0.375,1,0,0
74,10,8,1,0.125,1,0,0
74,11,8,2,0.25,1,0,0
74,12,8,2,0.25,1,0,0
74,13,8,1,0.125,1,0,0
74,14,8,2,0.25,1,0,0
74,15,8,1,0.125,1,0,0
74,16,8,4,0.5,1,0,0
74,17,8,1,0.125,1,0,0
74,18,8,0,0.0,1,0,0
74,19,8,4,0.5,1,0,0
74,20,8,0,0.0,1,0,0
74,21,8,3,0.375,1,0,0
74,22,8,2,0.25,1,0,0
74,23,8,0,0.0,1,0,0
74,24,8,2,0.25,1,0,0
74,25,8,1,0.125,1,0,0
74,26,8,2,0.25,1,0,0
74,27,8,2,0.25,1,0,0
74,28,8,4,0.5,1,0,0
74,29,8,2,0.25,1,0,0
74,30,8,3,0.375,1,0,0
74,31,8,4,0.5,1,0,0
74,32,8,2,0.25,1,0,0
74,33,8,2,0.25,1,0,0
74,34,8,2,0.25,1,0,0
74,35,8,2,0.25,1,0,0
74,36,8,3,0.375,1,0,0
74,37,8,1,0.125,1,0,0
74,38,8,2,0.25,1,0,0
74,39,8,4,0.5,1,0,0
74,40,8,3,0.375,1,0,0
74,41,8,4,0.5,1,0,0
74,42,8,2,0.25,1,0,0
74,43,8,2,0.25,1,0,0
74,44,8,2,0.25,1,0,0
74,45,8,4,0.5,1,0,0
74,46,8,2,0.25,1,0,0
74,47,8,1,0.125,1,0,0
74,48,8,2,0.25,1,0,0
74,49,8,2,0.25,1,0,0
74,50,8,1,0.125,1,0,0
74,51,8,5,0.625,1,0,0
74,52,8,1,0.125,1,0,0
74,53,8,2,0.25,1,0,0
74,54,8,2,0.25,1,0,0
74,55,8,2,0.25,1,0,0
74,56,8,0,0.0,1,0,0
74,57,8,4,0.5,1,0,0
74,58,8,2,0.25,1,0,0
74,59,8,2,0.25,1,0,0
74,60,8,3,0.375,1,0,0
74,61,8,1,0.125,1,0,0
74,62,8,3,0.375,1,0,0
74,63,8,2,0.25,1,0,0
74,64,8,0,0.0,1,0,0
74,65,8,2,0.25,1,0,0
74,66,8,5,0.625,1,0,0
74,67,8,2,0.25,1,0,0
74,68,8,2,0.25,1,0,0
74,69,8,2,0.25,1,0,0
74,70,8,1,0.125,1,0,0
74,71,8,2,0.25,1,0,0
74,72,8,3,0.375,1,0,0
74,73,8,3,0.375,1,0,0
74,74,8,2,0.25,1,0,0
74,75,8,2,0.25,1,0,0
74,76,8,2,0.25,1,0,0
74,77,8,1,0.125,1,0,0
74,78,8,4,0.5,1,0,0
74,79,8,2,0.25,1,0,0
74,80,8,2,0.25,1,0,0
74,81,8,2,0.25,1,0,0
74,82,8,1,0.125,1,0,0
74,83,8,2,0.25,1,0,0
74,84,8,4,0.5,1,0,0
74,85,8,2,0.25,1,0,0
74,86,8,3,0.375,1,0,0
74,87,8,2,0.25,1,0,0
74,88,8,1,0.125,1,0,0
74,89,8,3,0.375,1,0,0
74,90,8,2,0.25,1,0,0
74,91,8,2,0.25,1,0,0
74,92,8,4,0.5,1,0,0
74,93,8,3,0.375,1,0,0
74,94,8,1,0.125,1,0,0
74,95,8,4,0.5,1,0,0
74,96,8,1,0.125,1,0,0
74,97,8,3,0.375,1,0,0
74,98,8,2,0.25,1,0,0
74,99,8,2,0.25,1,0,0
75,0,8,3,0.375,1,0,0
75,1,8,2,0.25,1,0,0
75,2,8,2,0.25,1,0,0
75,3,8,1,0.125,1,0,0
75,4,8,2,0.25,1,0,0
75,5,8,1,0.125,1,0,0
75,6,8,1,0.125,1,0,0
75,7,8,4,0.5,1,0,0
75,8,8,3,0.375,1,0,0
75,9,8,3,0.375,1,0,0
75,10,8,2,0.25,1,0,0
75,11,8,1,0.125,1,0,0
75,12,8,0,0.0,1,0,0
75,13,8,2,0.25,1,0,0
75,14,8,0,0.0,1,0,0
75,15,8,1,0.125,1,0,0
75,16,8,2,0.25,1,0,0
75,17,8,1,0.125,1,0,0
75,18,8,2,0.25,1,0,0
75,19,8,1,0.125,1,0,0
75,20,8,2,0.25,1,0,0
75,21,8,1,0.125,1,0,0
75,22,8,4,0.5,1,0,0
75,23,8,5,0.625,1,0,0
75,24,8,3,0.375,1,0,0
75,25,8,1,0.125,1,0,0
75,26,8,4,0.5,1,0,0
75,27,8,3,0.375,1,0,0
75,28,8,2,0.25,1,0,0
75,29,8,1,0.125,1,0,0
75,30,8,2,0.25,1,0,0
75,31,8,0,0.0,1,0,0
75,32,8,2,0.25,1,0,0
75,33,8,1,0.125,1,0,0
75,34,8,3,0.375,1,0,0
75,35,8,2,0.25,1,0,0
75,36,8,1,0.125,1,0,0
75,37,8,4,0.5,1,0,0
75,38,8,0,0.0,1,0,0
75,39,8,3,0.375,1,0,0
75,40,8,3,0.375,1,0,0
75,41,8,1,0.125,1,0,0
75,42,8,2,0.25,1,0,0
75,43,8,2,0.25,1,0,0
75,44,8,2,0.25,1,0,0
75,45,8,3,0.375,1,0,0
75,46,8,2,0.25,1,0,0
75,47,8,2,0.25,1,0,0
75,48,8,0,0.0,1,0,0
75,49,8,0,0.0,1,0,0
75,50,8,1,0.125,1,0,0
75,51,8,3,0.375,1,0,0
75,52,8,1,0.125,1,0,0
75,53,8,1,0.125,1,0,0
75,54,8,0,0.0,1,0,0
75,55,8,2,0.25,1,0,0
75,56,8,2,0.25,1,0,0
75,57,8,2,0.25,1,0,0
75,58,8,2,0.25,1,0,0
75,59,8,4,0.5,1,0,0
75,60,8,1,0.125,1,0,0
75,61,8,3,0.375,1,0,0
75,62,8,2,0.25,1,0,0
75,63,8,3,0.375,1,0,0
75,64,8,4,0.5,1,0,0
75,65,8,2,0.25,1,0,0
75,66,8,4,0.5,1,0,0
75,67,8,1,0.125,1,0,0
75,68,8,2,0.25,1,0,0
75,69,8,1,0.125,1,0,0
75,70,8,4,0.5,1,0,0
75,71,8,3,0.375,1,0,0
75,72,8,3,0.375,1,0,0
75,73,8,2,0.25,1,0,0
75,74,8,3,0.375,1,0,0
75,75,8,2,0.25,1,0,0
75,76,8,2,0.25,1,0,0
75,77,8,2,0.25,1,0,0
75,78,8,1,0.125,1,0,0
75,79,8,1,0.125,1,0,0
75,80,8,2,0.25,1,0,0
75,81,8,1,0.125,1,0,0
75,82,8,3,0.375,1,0,0
75,83,8,1,0.125,1,0,0
75,84,8,1,0.125,1,0,0
75,85,8,2,0.25,1,0,0
75,86,8,1,0.125,1,0,0
75,87,8,2,0.25,1,0,0
75,88,8,0,0.0,1,0,0
75,89,8,2,0.25,1,0,0
75,90,8,0,0.0,1,0,0
75,91,8,2,0.25,1,0,0
75,92,8,2,0.25,1,0,0
75,93,8,2,0.25,1,0,0
75,94,8,3,0.375,1,0,0
75,95,8,2,0.25,1,0,0
75,96,8,3,0.375,1,0,0
75,97,8,3,0.375,1,0,0
75,98,8,1,0.125,1,0,0
75,99,8,2,0.25,1,0,0
76,0,8,1,0.125,1,0,0
76,1,8,0,0.0,1,0,0
76,2,8,1,0.125,1,0,0
76,3,8,1,0.125,1,0,0
76,4,8,2,0.25,1,0,0
76,5,8,4,0.5,1,0,0
76,6,8,5,0.625,1,0,0
76,7,8,3,0.375,1,0,0
76,8,8,2,0.25,1,0,0
76,9,8,3,0.375,1,0,0
76,10,8,1,0.125,1,0,0
76,11,8,1,0.125,1,0,0
76,12,8,0,0.0,1,0,0
76,13,8,3,0.375,1,0,0
76,14,8,4,0.5,1,0,0
76,15,8,3,0.375,1,0,0
76,16,8,2,0.25,1,0,0
76,17,8,1,0.125,1,0,0
76,18,8,1,0.125,1,0,0
76,19,8,0,0.0,1,0,0
76,20,8,4,0.5,1,0,0
76,21,8,4,0.5,1,0,0
76,22,8,3,0.375,1,0,0
76,23,8,3,0.375,1,0,0
76,24,8,2,0.25,1,0,0
76,25,8,4,0.5,1,0,0
76,26,8,3,0.375,1,0,0
76,27,8,1,0.125,1,0,0
76,28,8,3,0.375,1,0,0
76,29,8,2,0.25,1,0,0
76,30,8,2,0.25,1,0,0
76,31,8,1,0.125,1,0,0
76,32,8,3,0.375,1,0,0
76,33,8,3,0.375,1,0,0
76,34,8,3,0.375,1,0,0
76,35,8,3,0.375,1,0,0
76,36,8,4,0.5,1,0,0
76,37,8,3,0.375,1,0,0
76,38,8,3,0.375,1,0,0
76,39,8,1,0.125,1,0,0
76,40,8,4,0.5,1,0,0
76,41,8,2,0.25,1,0,0
76,42,8,2,0.25,1,0,0
76,43,8,3,0.375,1,0,0
76,44,8,1,0.125,1,0,0
76,45,8,3,0.375,1,0,0
76,46,8,2,0.25,1,0,0
76,47,8,2,0.25,1,0,0
76,48,8,0,0.0,1,0,0
76,49,8,4,0.5,1,0,0
76,50,8,4,0.5,1,0,0
76,51,8,3,0.375,1,0,0
76,52,8,0,0.0,1,0,0
76,53,8,0,0.0,1,0,0
76,54,8,2,0.25,1,0,0
76,55,8,3,0.375,1,0,0
76,56,8,2,0.25,1,0,0
76,57,8,2,0.25,1,0,0
76,58,8,3,0.375,1,0,0
76,59,8,3,0.375,1,0,0
76,60,8,2,0.25,1,0,0
76,61,8,2,0.25,1,0,0
76,62,8,2,0.25,1,0,0
76,63,8,1,0.125,1,0,0
76,64,8,5,0.625,1,0,0
76,65,8,2,0.25,1,0,0
76,66,8,1,0.125,1,0,0
76,67,8,1,0.125,1,0,0
76,68,8,2,0.25,1,0,0
76,69,8,2,0.25,1,0,0
76,70,8,1,0.125,1,0,0
76,71,8,0,0.0,1,0,0
76,72,8,0,0.0,1,0,0
76,73,8,2,0.25,1,0,0
76,74,8,1,0.125,1,0,0
76,75,8,3,0.375,1,0,0
76,76,8,2,0.25,1,0,0
76,77,8,3,0.375,1,0,0
76,78,8,3,0.375,1,0,0
76,79,8,6,0.75,1,0,0
76,80,8,4,0.5,1,0,0
76,81,8,2,0.25,1,0,0
76,82,8,3,0.375,1,0,0
76,83,8,2,0.25,1,0,0
76,84,8,1,0.125,1,0,0
76,85,8,2,0.25,1,0,0
76,86,8,4,0.5,1,0,0
76,87,8,1,0.125,1,0,0
76,88,8,1,0.125,1,0,0
76,89,8,1,0.125,1,0,0
76,90,8,2,0.25,1,0,0
76,91,8,3,0.375,1,0,0
76,92,8,1,0.125,1,0,0
76,93,8,0,0.0,1,0,0
76,94,8,3,0.375,1,0,0
76,95,8,6,0.75,1,0,0
76,96,8,0,0.0,1,0,0
76,97,8,0,0.0,1,0,0
76,98,8,3,0.375,1,0,0
76,99,8,3,0.375,1,0,0
77,0,8,2,0.25,1,0,0
77,1,8,2,0.25,1,0,0
77,2,8,3,0.375,1,0,0
77,3,8,2,0.25,1,0,0
77,4,8,4,0.5,1,0,0
77,5,8,3,0.375,1,0,0
77,6,8,2,0.25,1,0,0
77,7,8,3,0.375,1,0,0
77,8,8,2,0.25,1,0,0
77,9,8,1,0.125,1,0,0
77,10,8,0,0.0,1,0,0
77,11,8,2,0.25,1,0,0
77,12,8,0,0.0,1,0,0
77,13,8,3,0.375,1,0,0
77,14,8,4,0.5,1,0,0
77,15,8,2,0.25,1,0,0
77,16,8,3,0.375,1,0,0
77,17,8,2,0.25,1,0,0
77,18,8,2,0.25,1,0,0
77,19,8,3,0.375,1,0,0
77,20,8,1,0.125,1,0,0
77,21,8,2,0.25,1,0,0
77,22,8,1,0.125,1,0,0
77,23,8,1,0.125,1,0,0
77,24,8,3,0.375,1,0,0
77,25,8,3,0.375,1,0,0
77,26,8,1,0.125,1,0,0
77,27,8,3,0.375,1,0,0
77,28,8,2,0.25,1,0,0
77,29,8,2,0.25,1,0,0
77,30,8,3,0.375,1,0,0
77,31,8,2,0.25,1,0,0
77,32,8,4,0.5,1,0,0
77,33,8,1,0.125,1,0,0
77,34,8,2,0.25,1,0,0
77,35,8,0,0.0,1,0,0
77,36,8,0,0.0,1,0,0
77,37,8,1,0.125,1,0,0
77,38,8,4,0.5,1,0,0
77,39,8,1,0.125,1,0,0
77,40,8,1,0.125,1,0,0
77,41,8,1,0.125,1,0,0
77,42,8,2,0.25,1,0,0
77,43,8,1,0.125,1,0,0
77,44,8,2,0.25,1,0,0
77,45,8,2,0.25,1,0,0
77,46,8,2,0.25,1,0,0
77,47,8,2,0.25,1,0,0
77,48,8,1,0.125,1,0,0
77,49,8,2,0.25,1,0,0
77,50,8,2,0.25,1,0,0
77,51,8,1,0.125,1,0,0
77,52,8,2,0.25,1,0,0
77,53,8,1,0.125,1,0,0
77,54,8,2,0.25,1,0,0
77,55,8,1,0.125,1,0,0
77,56,8,3,0.375,1,0,0
77,57,8,4,0.5,1,0,0
77,58,8,0,0.0,1,0,0
77,59,8,1,0.125,1,0,0
77,60,8,3,0.375,1,0,0
77,61,8,2,0.25,1,0,0
77,62,8,0,0.0,1,0,0
77,63,8,1,0.125,1,0,0
77,64,8,1,0.125,1,0,0
77,65,8,1,0.125,1,0,0
77,66,8,3,0.375,1,0,0
77,67,8,3,0.375,1,0,0
77,68,8,1,0.125,1,0,0
77,69,8,3,0.375,1,0,0
77,70,8,3,0.375,1,0,0
77,71,8,0,0.0,1,0,0
77,72,8,4,0.5,1,0,0
77,73,8,2,0.25,1,0,0
77,74,8,1,0.125,1,0,0
77,75,8,4,0.5,1,0,0
77,76,8,3,0.375,1,0,0
77,77,8,2,0.25,1,0,0
77,78,8,0,0.0,1,0,0
77,79,8,1,0.125,1,0,0
77,80,8,2,0.25,1,0,0
77,81,8,4,0.5,1,0,0
77,82,8,2,0.25,1,0,0
77,83,8,2,0.25,1,0,0
77,84,8,2,0.25,1,0,0
77,85,8,1,0.125,1,0,0
77,86,8,4,0.5,1,0,0
77,87,8,1,0.125,1,0,0
77,88,8,1,0.125,1,0,0
77,89,8,0,0.0,1,0,0
77,90,8,1,0.125,1,0,0
77,91,8,1,0.125,1,0,0
77,92,8,1,0.125,1,0,0
77,93,8,1,0.125,1,0,0
77,94,8,1,0.125,1,0,0
77,95,8,3,0.375,1,0,0
77,96,8,3,0.375,1,0,0
77,97,8,3,0.375,1,0,0
77,98,8,3,0.375,1,0,0
77,99,8,0,0.0,1,0,0
78,0,8,1,0.125,1,0,0
78,1,8,2,0.25,1,0,0
78,2,8,3,0.375,1,0,0
78,3,8,2,0.25,1,0,0
78,4,8,2,0.25,1,0,0
78,5,8,1,0.125,1,0,0
78,6,8,3,0.375,1,0,0
78,7,8,2,0.25,1,0,0
78,8,8,3,0.375,1,0,0
78,9,8,1,0.125,1,0,0
78,10,8,3,0.375,1,0,0
78,11,8,0,0.0,1,0,0
78,12,8,1,0.125,1,0,0
78,13,8,2,0.25,1,0,0
78,14,8,1,0.125,1,0,0
78,15,8,1,0.125,1,0,0
78,16,8,1,0.125,1,0,0
78,17,8,1,0.125,1,0,0
78,18,8,2,0.25,1,0,0
78,19,8,1,0.125,1,0,0
78,20,8,1,0.125,1,0,0
78,21,8,1,0.125,1,0,0
78,22,8,2,0.25,1,0,0
78,23,8,3,0.375,1,0,0
78,24,8,4,0.5,1,0,0
78,25,8,2,0.25,1,0,0
78,26,8,2,0.25,1,0,0
78,27,8,1,0.125,1,0,0
78,28,8,1,0.125,1,0,0
78,29,8,0,0.0,1,0,0
78,30,8,2,0.25,1,0,0
78,31,8,3,0.375,1,0,0
78,32,8,0,0.0,1,0,0
78,33,8,3,0.375,1,0,0
78,34,8,1,0.125,1,0,0
78,35,8,0,0.0,1,0,0
78,36,8,2,0.25,1,0,0
78,37,8,1,0.125,1,0,0
78,38,8,3,0.375,1,0,0
78,39,8,4,0.5,1,0,0
78,40,8,2,0.25,1,0,0
78,41,8,2,0.25,1,0,0
78,42,8,1,0.125,1,0,0
78,43,8,3,0.375,1,0,0
78,44,8,2,0.25,1,0,0
78,45,8,2,0.25,1,0,0
78,46,8,1,0.125,1,0,0
78,47,8,4,0.5,1,0,0
78,48,8,1,0.125,1,0,0
78,49,8,0,0.0,1,0,0
78,50,8,1,0.125,1,0,0
78,51,8,0,0.0,1,0,0
78,52,8,2,0.25,1,0,0
78,53,8,4,0.5,1,0,0
78,54,8,1,0.125,1,0,0
78,55,8,3,0.375,1,0,0
78,56,8,1,0.125,1,0,0
78,57,8,1,0.125,1,0,0
78,58,8,1,0.125,1,0,0
78,59,8,1,0.125,1,0,0
78,60,8,1,0.125,1,0,0
78,61,8,2,0.25,1,0,0
78,62,8,3,0.375,1,0,0
78,63,8,1,0.125,1,0,0
78,64,8,2,0.25,1,0,0
78,65,8,3,0.375,1,0,0
78,66,8,2,0.25,1,0,0
78,67,8,2,0.25,1,0,0
78,68,8,2,0.25,1,0,0
78,69,8,0,0.0,1,0,0
78,70,8,2,0.25,1,0,0
78,71,8,2,0.25,1,0,0
78,72,8,3,0.375,1,0,0
78,73,8,2,0.25,1,0,0
78,74,8,2,0.25,1,0,0
78,75,8,1,0.125,1,0,0
78,76,8,1,0.125,1,0,0
78,77,8,1,0.125,1,0,0
78,78,8,3,0.375,1,0,0
78,79,8,2,0.25,1,0,0
78,80,8,2,0.25,1,0,0
78,81,8,1,0.125,1,0,0
78,82,8,1,0.125,1,0,0
78,83,8,3,0.375,1,0,0
78,84,8,2,0.25,1,0,0
78,85,8,3,0.375,1,0,0
78,86,8,3,0.375,1,0,0
78,87,8,3,0.375,1,0,0
78,88,8,1,0.125,1,0,0
78,89,8,2,0.25,1,0,0
78,90,8,4,0.5,1,0,0
78,91,8,2,0.25,1,0,0
78,92,8,4,0.5,1,0,0
78,93,8,4,0.5,1,0,0
78,94,8,3,0.375,1,0,0
78,95,8,0,0.0,1,0,0
78,96,8,0,0.0,1,0,0
78,97,8,2,0.25,1,0,0
78,98,8,3,0.375,1,0,0
78,99,8,4,0.5,1,0,0
79,0,8,1,0.125,1,0,0
79,1,8,0,0.0,1,0,0
79,2,8,0,0.0,1,0,0
79,3,8,2,0.25,1,0,0
79,4,8,0,0.0,1,0,0
79,5,8,1,0.125,1,0,0
79,6,8,2,0.25,1,0,0
79,7,8,4,0.5,1,0,0
79,8,8,2,0.25,1,0,0
79,9,8,2,0.25,1,0,0
79,10,8,2,0.25,1,0,0
79,11,8,3,0.375,1,0,0
79,12,8,0,0.0,1,0,0
79,13,8,1,0.125,1,0,0
79,14,8,1,0.125,1,0,0
79,15,8,0,0.0,1,0,0
79,16,8,1,0.125,1,0,0
79,17,8,1,0.125,1,0,0
79,18,8,2,0.25,1,0,0
79,19,8,2,0.25,1,0,0
79,20,8,2,0.25,1,0,0
79,21,8,2,0.25,1,0,0
79,22,8,3,0.375,1,0,0
79,23,8,1,0.125,1,0,0
79,24,8,2,0.25,1,0,0
79,25,8,0,0.0,1,0,0
79,26,8,1,0.125,1,0,0
79,27,8,3,0.375,1,0,0
79,28,8,2,0.25,1,0,0
79,29,8,1,0.125,1,0,0
79,30,8,2,0.25,1,0,0
79,31,8,2,0.25,1,0,0
79,32,8,2,0.25,1,0,0
79,33,8,4,0.5,1,0,0
79,34,8,0,0.0,1,0,0
79,35,8,4,0.5,1,0,0
79,36,8,4,0.5,1,0,0
79,37,8,1,0.125,1,0,0
79,38,8,3,0.375,1,0,0
79,39,8,3,0.375,1,0,0
79,40,8,0,0.0,1,0,0
79,41,8,3,0.375,1,0,0
79,42,8,2,0.25,1,0,0
79,43,8,2,0.25,1,0,0
79,44,8,3,0.375,1,0,0
79,45,8,1,0.125,1,0,0
79,46,8,1,0.125,1,0,0
79,47,8,1,0.125,1,0,0
79,48,8,3,0.375,1,0,0
79,49,8,4,0.5,1,0,0
79,50,8,0,0.0,1,0,0
79,51,8,2,0.25,1,0,0
79,52,8,0,0.0,1,0,0
79,53,8,3,0.375,1,0,0
79,54,8,2,0.25,1,0,0
79,55,8,2,0.25,1,0,0
79,56,8,2,0.25,1,0,0
79,57,8,2,0.25,1,0,0
79,58,8,1,0.125,1,0,0
79,59,8,0,0.0,1,0,0
79,60,8,1,0.125,1,0,0
79,61,8,1,0.125,1,0,0
79,62,8,1,0.125,1,0,0
79,63,8,0,0.0,1,0,0
79,64,8,4,0.5,1,0,0
79,65,8,0,0.0,1,0,0
79,66,8,2,0.25,1,0,0
79,67,8,1,0.125,1,0,0
79,68,8,1,0.125,1,0,0
79,69,8,2,0.25,1,0,0
79,70,8,1,0.125,1,0,0
79,71,8,3,0.375,1,0,0
79,72,8,0,0.0,1,0,0
79,73,8,1,0.125,1,0,0
79,74,8,2,0.25,1,0,0
79,75,8,4,0.5,1,0,0
79,76,8,2,0.25,1,0,0
79,77,8,1,0.125,1,0,0
79,78,8,1,0.125,1,0,0
79,79,8,4,0.5,1,0,0
79,80,8,2,0.25,1,0,0
79,81,8,0,0.0,1,0,0
79,82,8,1,0.125,1,0,0
79,83,8,1,0.125,1,0,0
79,84,8,1,0.125,1,0,0
79,85,8,2,0.25,1,0,0
79,86,8,5,0.625,1,0,0
79,87,8,1,0.125,1,0,0
79,88,8,3,0.375,1,0,0
79,89,8,3,0.375,1,0,0
79,90,8,4,0.5,1,0,0
79,91,8,3,0.375,1,0,0
79,92,8,2,0.25,1,0,0
79,93,8,2,0.25,1,0,0
79,94,8,2,0.25,1,0,0
79,95,8,1,0.125,1,0,0
79,96,8,1,0.125,1,0,0
79,97,8,1,0.125,1,0,0
79,98,8,3,0.375,1,0,0
79,99,8,4,0.5,1,0,0
80,0,8,3,0.375,1,0,0
80,1,8,2,0.25,1,0,0
80,2,8,1,0.125,1,0,0
80,3,8,4,0.5,1,0,0
80,4,8,0,0.0,1,0,0
80,5,8,5,0.625,1,0,0
80,6,8,2,0.25,1,0,0
80,7,8,4,0.5,1,0,0
80,8,8,3,0.375,1,0,0
80,9,8,2,0.25,1,0,0
80,10,8,4,0.5,1,0,0
80,11,8,3,0.375,1,0,0
80,12,8,1,0.125,1,0,0
80,13,8,1,0.125,1,0,0
80,14,8,1,0.125,1,0,0
80,15,8,3,0.375,1,0,0
80,16,8,1,0.125,1,0,0
80,17,8,2,0.25,1,0,0
80,18,8,1,0.125,1,0,0
80,19,8,2,0.25,1,0,0
80,20,8,2,0.25,1,0,0
80,21,8,2,0.25,1,0,0
80,22,8,2,0.25,1,0,0
80,23,8,6,0.75,1,0,0
80,24,8,1,0.125,1,0,0
80,25,8,3,0.375,1,0,0
80,26,8,0,0.0,1,0,0
80,27,8,4,0.5,1,0,0
80,28,8,1,0.125,1,0,0
80,29,8,3,0.375,1,0,0
80,30,8,0,0.0,1,0,0
80,31,8,0,0.0,1,0,0
80,32,8,2,0.25,1,0,0
80,33,8,4,0.5,1,0,0
80,34,8,1,0.125,1,0,0
80,35,8,0,0.0,1,0,0
80,36,8,1,0.125,1,0,0
80,37,8,2,0.25,1,0,0
80,38,8,1,0.125,1,0,0
80,39,8,2,0.25,1,0,0
80,40,8,2,0.25,1,0,0
80,41,8,3,0.375,1,0,0
80,42,8,4,0.5,1,0,0
80,43,8,1,0.125,1,0,0
80,44,8,1,0.125,1,0,0
80,45,8,4,0.5,1,0,0
80,46,8,2,0.25,1,0,0
80,47,8,3,0.375,1,0,0
80,48,8,2,0.25,1,0,0
80,49,8,0,0.0,1,0,0
80,50,8,2,0.25,1,0,0
80,51,8,2,0.25,1,0,0
80,52,8,1,0.125,1,0,0
80,53,8,1,0.125,1,0,0
80,54,8,2,0.25,1,0,0
80,55,8,5,0.625,1,0,0
80,56,8,3,0.375,1,0,0
80,57,8,1,0.125,1,0,0
80,58,8,2,0.25,1,0,0
80,59,8,1,0.125,1,0,0
80,60,8,0,0.0,1,0,0
80,61,8,2,0.25,1,0,0
80,62,8,2,0.25,1,0,0
80,63,8,3,0.375,1,0,0
80,64,8,3,0.375,1,0,0
80,65,8,2,0.25,1,0,0
80,66,8,4,0.5,1,0,0
80,67,8,1,0.125,1,0,0
80,68,8,5,0.625,1,0,0
80,69,8,3,0.375,1,0,0
80,70,8,2,0.25,1,0,0
80,71,8,2,0.25,1,0,0
80,72,8,2,0.25,1,0,0
80,73,8,1,0.125,1,0,0
80,74,8,2,0.25,1,0,0
80,75,8,1,0.125,1,0,0
80,76,8,1,0.125,1,0,0
80,77,8,4,0.5,1,0,0
80,78,8,2,0.25,1,0,0
80,79,8,2,0.25,1,0,0
80,80,8,3,0.375,1,0,0
80,81,8,0,0.0,1,0,0
80,82,8,3,0.375,1,0,0
80,83,8,1,0.125,1,0,0
80,84,8,1,0.125,1,0,0
80,85,8,2,0.25,1,0,0
80,86,8,1,0.125,1,0,0
80,87,8,1,0.125,1,0,0
80,88,8,2,0.25,1,0,0
80,89,8,2,0.25,1,0,0
80,90,8,4,0.5,1,0,0
80,91,8,1,0.125,1,0,0
80,92,8,4,0.5,1,0,0
80,93,8,0,0.0,1,0,0
80,94,8,1,0.125,1,0,0
80,95,8,3,0.375,1,0,0
80,96,8,0,0.0,1,0,0
80,97,8,3,0.375,1,0,0
80,98,8,0,0.0,1,0,0
80,99,8,2,0.25,1,0,0
81,0,8,1,0.125,1,0,0
81,1,8,2,0.25,1,0,0
81,2,8,2,0.25,1,0,0
81,3,8,2,0.25,1,0,0
81,4,8,2,0.25,1,0,0
81,5,8,2,0.25,1,0,0
81,6,8,3,0.375,1,0,0
81,7,8,0,0.0,1,0,0
81,8,8,2,0.25,1,0,0
81,9,8,0,0.0,1,0,0
81,10,8,1,0.125,1,0,0
81,11,8,3,0.375,1,0,0
81,12,8,6,0.75,1,0,0
81,13,8,3,0.375,1,0,0
81,14,8,4,0.5,1,0,0
81,15,8,2,0.25,1,0,0
81,16,8,3,0.375,1,0,0
81,17,8,4,0.5,1,0,0
81,18,8,2,0.25,1,0,0
81,19,8,2,0.25,1,0,0
81,20,8,1,0.125,1,0,0
81,21,8,0,0.0,1,0,0
81,22,8,1,0.125,1,0,0
81,23,8,1,0.125,1,0,0
81,24,8,1,0.125,1,0,0
81,25,8,2,0.25,1,0,0
81,26,8,1,0.125,1,0,0
81,27,8,1,0.125,1,0,0
81,28,8,1,0.125,1,0,0
81,29,8,1,0.125,1,0,0
81,30,8,3,0.375,1,0,0
81,31,8,2,0.25,1,0,0
81,32,8,2,0.25,1,0,0
81,33,8,0,0.0,1,0,0
81,34,8,2,0.25,1,0,0
81,35,8,2,0.25,1,0,0
81,36,8,2,0.25,1,0,0
81,37,8,3,0.375,1,0,0
81,38,8,1,0.125,1,0,0
81,39,8,3,0.375,1,0,0
81,40,8,1,0.125,1,0,0
81,41,8,3,0.375,1,0,0
81,42,8,2,0.25,1,0,0
81,43,8,1,0.125,1,0,0
81,44,8,3,0.375,1,0,0
81,45,8,2,0.25,1,0,0
81,46,8,0,0.0,1,0,0
81,47,8,1,0.125,1,0,0
81,48,8,2,0.25,1,0,0
81,49,8,3,0.375,1,0,0
81,50,8,1,0.125,1,0,0
81,51,8,2,0.25,1,0,0
81,52,8,4,0.5,1,0,0
81,53,8,5,0.625,1,0,0
81,54,8,0,0.0,1,0,0
81,55,8,4,0.5,1,0,0
81,56,8,3,0.375,1,0,0
81,57,8,1,0.125,1,0,0
81,58,8,2,0.25,1,0,0
81,59,8,4,0.5,1,0,0
81,60,8,2,0.25,1,0,0
81,61,8,3,0.375,1,0,0
81,62,8,3,0.375,1,0,0
81,63,8,3,0.375,1,0,0
81,64,8,4,0.5,1,0,0
81,65,8,1,0.125,1,0,0
81,66,8,2,0.25,1,0,0
81,67,8,2,0.25,1,0,0
81,68,8,2,0.25,1,0,0
81,69,8,0,0.0,1,0,0
81,70,8,2,0.25,1,0,0
81,71,8,3,0.375,1,0,0
81,72,8,2,0.25,1,0,0
81,73,8,3,0.375,1,0,0
81,74,8,1,0.125,1,0,0
81,75,8,4,0.5,1,0,0
81,76,8,0,0.0,1,0,0
81,77,8,2,0.25,1,0,0
81,78,8,3,0.375,1,0,0
81,79,8,1,0.125,1,0,0
81,80,8,1,0.125,1,0,0
81,81,8,2,0.25,1,0,0
81,82,8,3,0.375,1,0,0
81,83,8,2,0.25,1,0,0
81,84,8,1,0.125,1,0,0
81,85,8,3,0.375,1,0,0
81,86,8,1,0.125,1,0,0
81,87,8,3,0.375,1,0,0
81,88,8,2,0.25,1,0,0
81,89,8,4,0.5,1,0,0
81,90,8,1,0.125,1,0,0
81,91,8,2,0.25,1,0,0
81,92,8,2,0.25,1,0,0
81,93,8,0,0.0,1,0,0
81,94,8,2,0.25,1,0,0
81,95,8,0,0.0,1,0,0
81,96,8,2,0.25,1,0,0
81,97,8,1,0.125,1,0,0
81,98,8,3,0.375,1,0,0
81,99,8,3,0.375,1,0,0
82,0,8,2,0.25,1,0,0
82,1,8,2,0.25,1,0,0
82,2,8,0,0.0,1,0,0
82,3,8,1,0.125,1,0,0
82,4,8,1,0.125,1,0,0
82,5,8,2,0.25,1,0,0
82,6,8,2,0.25,1,0,0
82,7,8,0,0.0,1,0,0
82,8,8,1,0.125,1,0,0
82,9,8,2,0.25,1,0,0
82,10,8,3,0.375,1,0,0
82,11,8,2,0.25,1,0,0
82,12,8,4,0.5,1,0,0
82,13,8,1,0.125,1,0,0
82,14,8,3,0.375,1,0,0
82,15,8,0,0.0,1,0,0
82,16,8,2,0.25,1,0,0
82,17,8,3,0.375,1,0,0
82,18,8,3,0.375,1,0,0
82,19,8,1,0.125,1,0,0
82,20,8,2,0.25,1,0,0
82,21,8,2,0.25,1,0,0
82,22,8,2,0.25,1,0,0
82,23,8,1,0.125,1,0,0
82,24,8,3,0.375,1,0,0
82,25,8,1,0.125,1,0,0
82,26,8,2,0.25,1,0,0
82,27,8,3,0.375,1,0,0
82,28,8,1,0.125,1,0,0
82,29,8,2,0.25,1,0,0
82,30,8,1,0.125,1,0,0
82,31,8,1,0.125,1,0,0
82,32,8,3,0.375,1,0,0
82,33,8,1,0.125,1,0,0
82,34,8,2,0.25,1,0,0
82,35,8,1,0.125,1,0,0
82,36,8,2,0.25,1,0,0
82,37,8,5,0.625,1,0,0
82,38,8,2,0.25,1,0,0
82,39,8,3,0.375,1,0,0
82,40,8,2,0.25,1,0,0
82,41,8,1,0.125,1,0,0
82,42,8,2,0.25,1,0,0
82,43,8,5,0.625,1,0,0
82,44,8,3,0.375,1,0,0
82,45,8,1,0.125,1,0,0
82,46,8,0,0.0,1,0,0
82,47,8,2,0.25,1,0,0
82,48,8,3,0.375,1,0,0
82,49,8,1,0.125,1,0,0
82,50,8,3,0.375,1,0,0
82,51,8,2,0.25,1,0,0
82,52,8,1,0.125,1,0,0
82,53,8,2,0.25,1,0,0
82,54,8,2,0.25,1,0,0
82,55,8,2,0.25,1,0,0
82,56,8,3,0.375,1,0,0
82,57,8,4,0.5,1,0,0
82,58,8,2,0.25,1,0,0
82,59,8,0,0.0,1,0,0
82,60,8,1,0.125,1,0,0
82,61,8,4,0.5,1,0,0
82,62,8,1,0.125,1,0,0
82,63,8,3,0.375,1,0,0
82,64,8,3,0.375,1,0,0
82,65,8,1,0.125,1,0,0
82,66,8,0,0.0,1,0,0
82,67,8,1,0.125,1,0,0
82,68,8,3,0.375,1,0,0
82,69,8,3,0.375,1,0,0
82,70,8,0,0.0,1,0,0
82,71,8,0,0.0,1,0,0
82,72,8,4,0.5,1,0,0
82,73,8,2,0.25,1,0,0
82,74,8,2,0.25,1,0,0
82,75,8,4,0.5,1,0,0
82,76,8,3,0.375,1,0,0
82,77,8,2,0.25,1,0,0
82,78,8,2,0.25,1,0,0
82,79,8,3,0.375,1,0,0
82,80,8,2,0.25,1,0,0
82,81,8,3,0.375,1,0,0
82,82,8,3,0.375,1,0,0
82,83,8,3,0.375,1,0,0
82,84,8,1,0.125,1,0,0
82,85,8,2,0.25,1,0,0
82,86,8,2,0.25,1,0,0
82,87,8,1,0.125,1,0,0
82,88,8,4,0.5,1,0,0
82,89,8,2,0.25,1,0,0
82,90,8,3,0.375,1,0,0
82,91,8,4,0.5,1,0,0
82,92,8,2,0.25,1,0,0
82,93,8,1,0.125,1,0,0
82,94,8,0,0.0,1,0,0
82,95,8,2,0.25,1,0,0
82,96,8,2,0.25,1,0,0
82,97,8,2,0.25,1,0,0
82,98,8,1,0.125,1,0,0
82,99,8,2,0.25,1,0,0
83,0,8,3,0.375,1,0,0
83,1,8,2,0.25,1,0,0
83,2,8,1,0.125,1,0,0
83,3,8,1,0.125,1,0,0
83,4,8,2,0.25,1,0,0
83,5,8,2,0.25,1,0,0
83,6,8,2,0.25,1,0,0
83,7,8,2,0.25,1,0,0
83,8,8,2,0.25,1,0,0
83,9,8,2,0.25,1,0,0
83,10,8,2,0.25,1,0,0
83,11,8,5,0.625,1,0,0
83,12,8,2,0.25,1,0,0
83,13,8,2,0.25,1,0,0
83,14,8,2,0.25,1,0,0
83,15,8,1,0.125,1,0,0
83,16,8,4,0.5,1,0,0
83,17,8,2,0.25,1,0,0
83,18,8,1,0.125,1,0,0
83,19,8,2,0.25,1,0,0
83,20,8,1,0.125,1,0,0
83,21,8,2,0.25,1,0,0
83,22,8,1,0.125,1,0,0
83,23,8,2,0.25,1,0,0
83,24,8,6,0.75,1,0,0
83,25,8,1,0.125,1,0,0
83,26,8,2,0.25,1,0,0
83,27,8,1,0.125,1,0,0
83,28,8,1,0.125,1,0,0
83,29,8,2,0.25,1,0,0
83,30,8,3,0.375,1,0,0
83,31,8,3,0.375,1,0,0
83,32,8,3,0.375,1,0,0
83,33,8,2,0.25,1,0,0
83,34,8,3,0.375,1,0,0
83,35,8,3,0.375,1,0,0
83,36,8,2,0.25,1,0,0
83,37,8,2,0.25,1,0,0
83,38,8,3,0.375,1,0,0
83,39,8,4,0.5,1,0,0
83,40,8,1,0.125,1,0,0
83,41,8,3,0.375,1,0,0
83,42,8,2,0.25,1,0,0
83,43,8,1,0.125,1,0,0
83,44,8,2,0.25,1,0,0
83,45,8,2,0.25,1,0,0
83,46,8,3,0.375,1,0,0
83,47,8,4,0.5,1,0,0
83,48,8,3,0.375,1,0,0
83,49,8,2,0.25,1,0,0
83,50,8,2,0.25,1,0,0
83,51,8,0,0.0,1,0,0
83,52,8,4,0.5,1,0,0
83,53,8,2,0.25,1,0,0
83,54,8,1,0.125,1,0,0
83,55,8,1,0.125,1,0,0
83,56,8,1,0.125,1,0,0
83,57,8,2,0.25,1,0,0
83,58,8,5,0.625,1,0,0
83,59,8,2,0.25,1,0,0
83,60,8,0,0.0,1,0,0
83,61,8,2,0.25,1,0,0
83,62,8,3,0.375,1,0,0
83,63,8,4,0.5,1,0,0
83,64,8,3,0.375,1,0,0
83,65,8,1,0.125,1,0,0
83,66,8,2,0.25,1,0,0
83,67,8,2,0.25,1,0,0
83,68,8,3,0.375,1,0,0
83,69,8,2,0.25,1,0,0
83,70,8,3,0.375,1,0,0
83,71,8,2,0.25,1,0,0
83,72,8,1,0.125,1,0,0
83,73,8,2,0.25,1,0,0
83,74,8,1,0.125,1,0,0
83,75,8,2,0.25,1,0,0
83,76,8,0,0.0,1,0,0
83,77,8,1,0.125,1,0,0
83,78,8,3,0.375,1,0,0
83,79,8,3,0.375,1,0,0
83,80,8,2,0.25,1,0,0
83,81,8,3,0.375,1,0,0
83,82,8,2,0.25,1,0,0
83,83,8,4,0.5,1,0,0
83,84,8,2,0.25,1,0,0
83,85,8,4,0.5,1,0,0
83,86,8,3,0.375,1,0,0
83,87,8,2,0.25,1,0,0
83,88,8,2,0.25,1,0,0
83,89,8,3,0.375,1,0,0
83,90,8,0,0.0,1,0,0
83,91,8,2,0.25,1,0,0
83,92,8,1,0.125,1,0,0
83,93,8,2,0.25,1,0,0
83,94,8,3,0.375,1,0,0
83,95,8,2,0.25,1,0,0
83,96,8,1,0.125,1,0,0
83,97,8,2,0.25,1,0,0
83,98,8,2,0.25,1,0,0
83,99,8,1,0.125,1,0,0
84,0,8,1,0.125,1,0,0
84,1,8,1,0.125,1,0,0
84,2,8,1,0.125,1,0,0
84,3,8,2,0.25,1,0,0
84,4,8,3,0.375,1,0,0
84,5,8,2,0.25,1,0,0
84,6,8,2,0.25,1,0,0
84,7,8,4,0.5,1,0,0
84,8,8,3,0.375,1,0,0
84,9,8,2,0.25,1,0,0
84,10,8,3,0.375,1,0,0
84,11,8,2,0.25,1,0,0
84,12,8,2,0.25,1,0,0
84,13,8,1,0.125,1,0,0
84,14,8,1,0.125,1,0,0
84,15,8,4,0.5,1,0,0
84,16,8,4,0.5,1,0,0
84,17,8,3,0.375,1,0,0
84,18,8,2,0.25,1,0,0
84,19,8,1,0.125,1,0,0
84,20,8,1,0.125,1,0,0
84,21,8,1,0.125,1,0,0
84,22,8,4,0.5,1,0,0
84,23,8,1,0.125,1,0,0
84,24,8,2,0.25,1,0,0
84,25,8,5,0.625,1,0,0
84,26,8,1,0.125,1,0,0
84,27,8,1,0.125,1,0,0
84,28,8,2,0.25,1,0,0
84,29,8,1,0.125,1,0,0
84,30,8,4,0.5,1,0,0
84,31,8,1,0.125,1,0,0
84,32,8,4,0.5,1,0,0
84,33,8,3,0.375,1,0,0
84,34,8,2,0.25,1,0,0
84,35,8,1,0.125,1,0,0
84,36,8,3,0.375,1,0,0
84,37,8,3,0.375,1,0,0
84,38,8,2,0.25,1,0,0
84,39,8,2,0.25,1,0,0
84,40,8,4,0.5,1,0,0
84,41,8,3,0.375,1,0,0
84,42,8,2,0.25,1,0,0
84,43,8,0,0.0,1,0,0
84,44,8,1,0.125,1,0,0
84,45,8,3,0.375,1,0,0
84,46,8,0,0.0,1,0,0
84,47,8,1,0.125,1,0,0
84,48,8,2,0.25,1,0,0
84,49,8,1,0.125,1,0,0
84,50,8,2,0.25,1,0,0
84,51,8,4,0.5,1,0,0
84,52,8,4,0.5,1,0,0
84,53,8,1,0.125,1,0,0
84,54,8,0,0.0,1,0,0
84,55,8,1,0.125,1,0,0
84,56,8,3,0.375,1,0,0
84,57,8,4,0.5,1,0,0
84,58,8,5,0.625,1,0,0
84,59,8,1,0.125,1,0,0
84,60,8,3,0.375,1,0,0
84,61,8,1,0.125,1,0,0
84,62,8,2,0.25,1,0,0
84,63,8,0,0.0,1,0,0
84,64,8,1,0.125,1,0,0
84,65,8,4,0.5,1,0,0
84,66,8,2,0.25,1,0,0
84,67,8,4,0.5,1,0,0
84,68,8,3,0.375,1,0,0
84,69,8,3,0.375,1,0,0
84,70,8,2,0.25,1,0,0
84,71,8,0,0.0,1,0,0
84,72,8,3,0.375,1,0,0
84,73,8,2,0.25,1,0,0
84,74,8,4,0.5,1,0,0
84,75,8,2,0.25,1,0,0
84,76,8,3,0.375,1,0,0
84,77,8,4,0.5,1,0,0
84,78,8,2,0.25,1,0,0
84,79,8,0,0.0,1,0,0
84,80,8,2,0.25,1,0,0
84,81,8,2,0.25,1,0,0
84,82,8,3,0.375,1,0,0
84,83,8,3,0.375,1,0,0
84,84,8,1,0.125,1,0,0
84,85,8,2,0.25,1,0,0
84,86,8,1,0.125,1,0,0
84,87,8,4,0.5,1,0,0
84,88,8,2,0.25,1,0,0
84,89,8,3,0.375,1,0,0
84,90,8,2,0.25,1,0,0
84,91,8,4,0.5,1,0,0
84,92,8,4,0.5,1,0,0
84,93,8,4,0.5,1,0,0
84,94,8,1,0.125,1,0,0
84,95,8,2,0.25,1,0,0
84,96,8,3,0.375,1,0,0
84,97,8,3,0.375,1,0,0
84,98,8,0,0.0,1,0,0
84,99,8,4,0.5,1,0,0
85,0,8,0,0.0,1,0,0
85,1,8,1,0.125,1,0,0
85,2,8,1,0.125,1,0,0
85,3,8,3,0.375,1,0,0
85,4,8,2,0.25,1,0,0
85,5,8,3,0.375,1,0,0
85,6,8,3,0.375,1,0,0
85,7,8,1,0.125,1,0,0
85,8,8,3,0.375,1,0,0
85,9,8,1,0.125,1,0,0
85,10,8,2,0.25,1,0,0
85,11,8,1,0.125,1,0,0
85,12,8,2,0.25,1,0,0
85,13,8,3,0.375,1,0,0
85,14,8,1,0.125,1,0,0
85,15,8,2,0.25,1,0,0
85,16,8,3,0.375,1,0,0
85,17,8,1,0.125,1,0,0
85,18,8,0,0.0,1,0,0
85,19,8,1,0.125,1,0,0
85,20,8,1,0.125,1,0,0
85,21,8,1,0.125,1,0,0
85,22,8,2,0.25,1,0,0
85,23,8,2,0.25,1,0,0
85,24,8,2,0.25,1,0,0
85,25,8,1,0.125,1,0,0
85,26,8,1,0.125,1,0,0
85,27,8,3,0.375,1,0,0
85,28,8,2,0.25,1,0,0
85,29,8,2,0.25,1,0,0
85,30,8,3,0.375,1,0,0
85,31,8,2,0.25,1,0,0
85,32,8,1,0.125,1,0,0
85,33,8,1,0.125,1,0,0
85,34,8,0,0.0,1,0,0
85,35,8,3,0.375,1,0,0
85,36,8,3,0.375,1,0,0
85,37,8,1,0.125,1,0,0
85,38,8,2,0.25,1,0,0
85,39,8,2,0.25,1,0,0
85,40,8,1,0.125,1,0,0
85,41,8,1,0.125,1,0,0
85,42,8,5,0.625,1,0,0
85,43,8,1,0.125,1,0,0
85,44,8,4,0.5,1,0,0
85,45,8,3,0.375,1,0,0
85,46,8,2,0.25,1,0,0
85,47,8,2,0.25,1,0,0
85,48,8,5,0.625,1,0,0
85,49,8,2,0.25,1,0,0
85,50,8,2,0.25,1,0,0
85,51,8,3,0.375,1,0,0
85,52,8,2,0.25,1,0,0
85,53,8,1,0.125,1,0,0
85,54,8,3,0.375,1,0,0
85,55,8,2,0.25,1,0,0
85,56,8,1,0.125,1,0,0
85,57,8,2,0.25,1,0,0
85,58,8,0,0.0,1,0,0
85,59,8,3,0.375,1,0,0
85,60,8,2,0.25,1,0,0
85,61,8,2,0.25,1,0,0
85,62,8,1,0.125,1,0,0
85,63,8,2,0.25,1,0,0
85,64,8,2,0.25,1,0,0
85,65,8,3,0.375,1,0,0
85,66,8,4,0.5,1,0,0
85,67,8,4,0.5,1,0,0
85,68,8,0,0.0,1,0,0
85,69,8,3,0.375,1,0,0
85,70,8,3,0.375,1,0,0
85,71,8,2,0.25,1,0,0
85,72,8,3,0.375,1,0,0
85,73,8,3,0.375,1,0,0
85,74,8,3,0.375,1,0,0
85,75,8,1,0.125,1,0,0
85,76,8,2,0.25,1,0,0
85,77,8,3,0.375,1,0,0
85,78,8,0,0.0,1,0,0
85,79,8,1,0.125,1,0,0
85,80,8,2,0.25,1,0,0
85,81,8,3,0.375,1,0,0
85,82,8,2,0.25,1,0,0
85,83,8,2,0.25,1,0,0
85,84,8,4,0.5,1,0,0
85,85,8,2,0.25,1,0,0
85,86,8,1,0.125,1,0,0
85,87,8,4,0.5,1,0,0
85,88,8,2,0.25,1,0,0
85,89,8,3,0.375,1,0,0
85,90,8,3,0.375,1,0,0
85,91,8,3,0.375,1,0,0
85,92,8,2,0.25,1,0,0
85,93,8,4,0.5,1,0,0
85,94,8,2,0.25,1,0,0
85,95,8,2,0.25,1,0,0
85,96,8,2,0.25,1,0,0
85,97,8,1,0.125,1,0,0
85,98,8,2,0.25,1,0,0
85,99,8,2,0.25,1,0,0
86,0,8,2,0.25,1,0,0
86,1,8,0,0.0,1,0,0
86,2,8,2,0.25,1,0,0
86,3,8,1,0.125,1,0,0
86,4,8,4,0.5,1,0,0
86,5,8,0,0.0,1,0,0
86,6,8,2,0.25,1,0,0
86,7,8,1,0.125,1,0,0
86,8,8,3,0.375,1,0,0
86,9,8,2,0.25,1,0,0
86,10,8,3,0.375,1,0,0
86,11,8,2,0.25,1,0,0
86,12,8,1,0.125,1,0,0
86,13,8,3,0.375,1,0,0
86,14,8,1,0.125,1,0,0
86,15,8,3,0.375,1,0,0
86,16,8,2,0.25,1,0,0
86,17,8,1,0.125,1,0,0
86,18,8,4,0.5,1,0,0
86,19,8,4,0.5,1,0,0
86,20,8,0,0.0,1,0,0
86,21,8,0,0.0,1,0,0
86,22,8,2,0.25,1,0,0
86,23,8,2,0.25,1,0,0
86,24,8,2,0.25,1,0,0
86,25,8,1,0.125,1,0,0
86,26,8,2,0.25,1,0,0
86,27,8,2,0.25,1,0,0
86,28,8,3,0.375,1,0,0
86,29,8,0,0.0,1,0,0
86,30,8,2,0.25,1,0,0
86,31,8,2,0.25,1,0,0
86,32,8,2,0.25,1,0,0
86,33,8,3,0.375,1,0,0
86,34,8,3,0.375,1,0,0
86,35,8,1,0.125,1,0,0
86,36,8,3,0.375,1,0,0
86,37,8,2,0.25,1,0,0
86,38,8,3,0.375,1,0,0
86,39,8,1,0.125,1,0,0
86,40,8,1,0.125,1,0,0
86,41,8,1,0.125,1,0,0
86,42,8,0,0.0,1,0,0
86,43,8,2,0.25,1,0,0
86,44,8,2,0.25,1,0,0
86,45,8,4,0.5,1,0,0
86,46,8,2,0.25,1,0,0
86,47,8,2,0.25,1,0,0
86,48,8,2,0.25,1,0,0
86,49,8,5,0.625,1,0,0
86,50,8,2,0.25,1,0,0
86,51,8,1,0.125,1,0,0
86,52,8,3,0.375,1,0,0
86,53,8,1,0.125,1,0,0
86,54,8,1,0.125,1,0,0
86,55,8,0,0.0,1,0,0
86,56,8,1,0.125,1,0,0
86,57,8,1,0.125,1,0,0
86,58,8,1,0.125,1,0,0
86,59,8,0,0.0,1,0,0
86,60,8,3,0.375,1,0,0
86,61,8,4,0.5,1,0,0
86,62,8,1,0.125,1,0,0
86,63,8,4,0.5,1,0,0
86,64,8,1,0.125,1,0,0
86,65,8,2,0.25,1,0,0
86,66,8,2,0.25,1,0,0
86,67,8,1,0.125,1,0,0
86,68,8,1,0.125,1,0,0
86,69,8,0,0.0,1,0,0
86,70,8,0,0.0,1,0,0
86,71,8,1,0.125,1,0,0
86,72,8,1,0.125,1,0,0
86,73,8,2,0.25,1,0,0
86,74,8,3,0.375,1,0,0
86,75,8,2,0.25,1,0,0
86,76,8,3,0.375,1,0,0
86,77,8,6,0.75,1,0,0
86,78,8,2,0.25,1,0,0
86,79,8,2,0.25,1,0,0
86,80,8,1,0.125,1,0,0
86,81,8,1,0.125,1,0,0
86,82,8,0,0.0,1,0,0
86,83,8,2,0.25,1,0,0
86,84,8,2,0.25,1,0,0
86,85,8,5,0.625,1,0,0
86,86,8,3,0.375,1,0,0
86,87,8,5,0.625,1,0,0
86,88,8,4,0.5,1,0,0
86,89,8,2,0.25,1,0,0
86,90,8,1,0.125,1,0,0
86,91,8,1,0.125,1,0,0
86,92,8,2,0.25,1,0,0
86,93,8,0,0.0,1,0,0
86,94,8,1,0.125,1,0,0
86,95,8,1,0.125,1,0,0
86,96,8,1,0.125,1,0,0
86,97,8,3,0.375,1,0,0
86,98,8,5,0.625,1,0,0
86,99,8,3,0.375,1,0,0
87,0,8,1,0.125,1,0,0
87,1,8,3,0.375,1,0,0
87,2,8,4,0.5,1,0,0
87,3,8,2,0.25,1,0,0
87,4,8,1,0.125,1,0,0
87,5,8,1,0.125,1,0,0
87,6,8,1,0.125,1,0,0
87,7,8,2,0.25,1,0,0
87,8,8,1,0.125,1,0,0
87,9,8,2,0.25,1,0,0
87,10,8,3,0.375,1,0,0
87,11,8,1,0.125,1,0,0
87,12,8,1,0.125,1,0,0
87,13,8,5,0.625,1,0,0
87,14,8,3,0.375,1,0,0
87,15,8,2,0.25,1,0,0
87,16,8,1,0.125,1,0,0
87,17,8,2,0.25,1,0,0
87,18,8,1,0.125,1,0,0
87,19,8,1,0.125,1,0,0
87,20,8,1,0.125,1,0,0
87,21,8,4,0.5,1,0,0
87,22,8,1,0.125,1,0,0
87,23,8,2,0.25,1,0,0
87,24,8,2,0.25,1,0,0
87,25,8,3,0.375,1,0,0
87,26,8,2,0.25,1,0,0
87,27,8,2,0.25,1,0,0
87,28,8,3,0.375,1,0,0
87,29,8,1,0.125,1,0,0
87,30,8,4,0.5,1,0,0
87,31,8,1,0.125,1,0,0
87,32,8,2,0.25,1,0,0
87,33,8,4,0.5,1,0,0
87,34,8,3,0.375,1,0,0
87,35,8,3,0.375,1,0,0
87,36,8,4,0.5,1,0,0
87,37,8,0,0.0,1,0,0
87,38,8,2,0.25,1,0,0
87,39,8,1,0.125,1,0,0
87,40,8,0,0.0,1,0,0
87,41,8,2,0.25,1,0,0
87,42,8,1,0.125,1,0,0
87,43,8,4,0.5,1,0,0
87,44,8,1,0.125,1,0,0
87,45,8,4,0.5,1,0,0
87,46,8,3,0.375,1,0,0
87,47,8,2,0.25,1,0,0
87,48,8,1,0.125,1,0,0
87,49,8,2,0.25,1,0,0
87,50,8,4,0.5,1,0,0
87,51,8,1,0.125,1,0,0
87,52,8,4,0.5,1,0,0
87,53,8,3,0.375,1,0,0
87,54,8,1,0.125,1,0,0
87,55,8,2,0.25,1,0,0
87,56,8,3,0.375,1,0,0
87,57,8,2,0.25,1,0,0
87,58,8,1,0.125,1,0,0
87,59,8,2,0.25,1,0,0
87,60,8,3,0.375,1,0,0
87,61,8,1,0.125,1,0,0
87,62,8,1,0.125,1,0,0
87,63,8,3,0.375,1,0,0
87,64,8,2,0.25,1,0,0
87,65,8,3,0.375,1,0,0
87,66,8,2,0.25,1,0,0
87,67,8,4,0.5,1,0,0
87,68,8,1,0.125,1,0,0
87,69,8,3,0.375,1,0,0
87,70,8,3,0.375,1,0,0
87,71,8,1,0.125,1,0,0
87,72,8,1,0.125,1,0,0
87,73,8,0,0.0,1,0,0
87,74,8,2,0.25,1,0,0
87,75,8,4,0.5,1,0,0
87,76,8,1,0.125,1,0,0
87,77,8,4,0.5,1,0,0
87,78,8,2,0.25,1,0,0
87,79,8,3,0.375,1,0,0
87,80,8,1,0.125,1,0,0
87,81,8,3,0.375,1,0,0
87,82,8,2,0.25,1,0,0
87,83,8,3,0.375,1,0,0
87,84,8,1,0.125,1,0,0
87,85,8,1,0.125,1,0,0
87,86,8,1,0.125,1,0,0
87,87,8,5,0.625,1,0,0
87,88,8,1,0.125,1,0,0
87,89,8,2,0.25,1,0,0
87,90,8,2,0.25,1,0,0
87,91,8,1,0.125,1,0,0
87,92,8,3,0.375,1,0,0
87,93,8,1,0.125,1,0,0
87,94,8,3,0.375,1,0,0
87,95,8,2,0.25,1,0,0
87,96,8,2,0.25,1,0,0
87,97,8,1,0.125,1,0,0
87,98,8,3,0.375,1,0,0
87,99,8,2,0.25,1,0,0
88,0,8,3,0.375,1,0,0
88,1,8,0,0.0,1,0,0
88,2,8,2,0.25,1,0,0
88,3,8,1,0.125,1,0,0
88,4,8,1,0.125,1,0,0
88,5,8,2,0.25,1,0,0
88,6,8,1,0.125,1,0,0
88,7,8,3,0.375,1,0,0
88,8,8,2,0.25,1,0,0
88,9,8,1,0.125,1,0,0
88,10,8,0,0.0,1,0,0
88,11,8,1,0.125,1,0,0
88,12,8,3,0.375,1,0,0
88,13,8,3,0.375,1,0,0
88,14,8,4,0.5,1,0,0
88,15,8,1,0.125,1,0,0
88,16,8,0,0.0,1,0,0
88,17,8,3,0.375,1,0,0
88,18,8,4,0.5,1,0,0
88,19,8,2,0.25,1,0,0
88,20,8,2,0.25,1,0,0
88,21,8,4,0.5,1,0,0
88,22,8,2,0.25,1,0,0
88,23,8,0,0.0,1,0,0
88,24,8,1,0.125,1,0,0
88,25,8,2,0.25,1,0,0
88,26,8,2,0.25,1,0,0
88,27,8,3,0.375,1,0,0
88,28,8,3,0.375,1,0,0
88,29,8,1,0.125,1,0,0
88,30,8,2,0.25,1,0,0
88,31,8,4,0.5,1,0,0
88,32,8,2,0.25,1,0,0
88,33,8,4,0.5,1,0,0
88,34,8,2,0.25,1,0,0
88,35,8,0,0.0,1,0,0
88,36,8,2,0.25,1,0,0
88,37,8,1,0.125,1,0,0
88,38,8,2,0.25,1,0,0
88,39,8,2,0.25,1,0,0
88,40,8,2,0.25,1,0,0
88,41,8,2,0.25,1,0,0
88,42,8,3,0.375,1,0,0
88,43,8,4,0.5,1,0,0
88,44,8,1,0.125,1,0,0
88,45,8,3,0.375,1,0,0
88,46,8,1,0.125,1,0,0
88,47,8,1,0.125,1,0,0
88,48,8,1,0.125,1,0,0
88,49,8,2,0.25,1,0,0
88,50,8,3,0.375,1,0,0
88,51,8,0,0.0,1,0,0
88,52,8,3,0.375,1,0,0
88,53,8,1,0.125,1,0,0
88,54,8,0,0.0,1,0,0
88,55,8,2,0.25,1,0,0
88,56,8,2,0.25,1,0,0
88,57,8,6,0.75,1,0,0
88,58,8,1,0.125,1,0,0
88,59,8,4,0.5,1,0,0
88,60,8,2,0.25,1,0,0
88,61,8,0,0.0,1,0,0
88,62,8,1,0.125,1,0,0
88,63,8,1,0.125,1,0,0
88,64,8,1,0.125,1,0,0
88,65,8,2,0.25,1,0,0
88,66,8,3,0.375,1,0,0
88,67,8,2,0.25,1,0,0
88,68,8,5,0.625,1,0,0
88,69,8,1,0.125,1,0,0
88,70,8,0,0.0,1,0,0
88,71,8,4,0.5,1,0,0
88,72,8,1,0.125,1,0,0
88,73,8,2,0.25,1,0,0
88,74,8,1,0.125,1,0,0
88,75,8,3,0.375,1,0,0
88,76,8,2,0.25,1,0,0
88,77,8,2,0.25,1,0,0
88,78,8,3,0.375,1,0,0
88,79,8,4,0.5,1,0,0
88,80,8,1,0.125,1,0,0
88,81,8,0,0.0,1,0,0
88,82,8,1,0.125,1,0,0
88,83,8,4,0.5,1,0,0
88,84,8,2,0.25,1,0,0
88,85,8,1,0.125,1,0,0
88,86,8,1,0.125,1,0,0
88,87,8,1,0.125,1,0,0
88,88,8,2,0.25,1,0,0
88,89,8,3,0.375,1,0,0
88,90,8,2,0.25,1,0,0
88,91,8,1,0.125,1,0,0
88,92,8,1,0.125,1,0,0
88,93,8,1,0.125,1,0,0
88,94,8,2,0.25,1,0,0
88,95,8,0,0.0,1,0,0
88,96,8,1,0.125,1,0,0
88,97,8,4,0.5,1,0,0
88,98,8,4,0.5,1,0,0
88,99,8,0,0.0,1,0,0
89,0,8,1,0.125,1,0,0
89,1,8,2,0.25,1,0,0
89,2,8,4,0.5,1,0,0
89,3,8,1,0.125,1,0,0
89,4,8,1,0.125,1,0,0
89,5,8,3,0.375,1,0,0
89,6,8,1,0.125,1,0,0
89,7,8,4,0.5,1,0,0
89,8,8,2,0.25,1,0,0
89,9,8,2,0.25,1,0,0
89,10,8,2,0.25,1,0,0
89,11,8,5,0.625,1,0,0
89,12,8,4,0.5,1,0,0
89,13,8,1,0.125,1,0,0
89,14,8,4,0.5,1,0,0
89,15,8,0,0.0,1,0,0
89,16,8,3,0.375,1,0,0
89,17,8,2,0.25,1,0,0
89,18,8,0,0.0,1,0,0
89,19,8,1,0.125,1,0,0
89,20,8,0,0.0,1,0,0
89,21,8,1,0.125,1,0,0
89,22,8,5,0.625,1,0,0
89,23,8,3,0.375,1,0,0
89,24,8,2,0.25,1,0,0
89,25,8,1,0.125,1,0,0
89,26,8,2,0.25,1,0,0
89,27,8,2,0.25,1,0,0
89,28,8,2,0.25,1,0,0
89,29,8,2,0.25,1,0,0
89,30,8,1,0.125,1,0,0
89,31,8,2,0.25,1,0,0
89,32,8,2,0.25,1,0,0
89,33,8,0,0.0,1,0,0
89,34,8,5,0.625,1,0,0
89,35,8,3,0.375,1,0,0
89,36,8,1,0.125,1,0,0
89,37,8,3,0.375,1,0,0
89,38,8,4,0.5,1,0,0
89,39,8,2,0.25,1,0,0
89,40,8,1,0.125,1,0,0
89,41,8,2,0.25,1,0,0
89,42,8,4,0.5,1,0,0
89,43,8,3,0.375,1,0,0
89,44,8,3,0.375,1,0,0
89,45,8,1,0.125,1,0,0
89,46,8,2,0.25,1,0,0
89,47,8,2,0.25,1,0,0
89,48,8,2,0.25,1,0,0
89,49,8,2,0.25,1,0,0
89,50,8,2,0.25,1,0,0
89,51,8,1,0.125,1,0,0
89,52,8,3,0.375,1,0,0
89,53,8,0,0.0,1,0,0
89,54,8,3,0.375,1,0,0
89,55,8,3,0.375,1,0,0
89,56,8,2,0.25,1,0,0
89,57,8,5,0.625,1,0,0
89,58,8,2,0.25,1,0,0
89,59,8,4,0.5,1,0,0
89,60,8,1,0.125,1,0,0
89,61,8,2,0.25,1,0,0
89,62,8,1,0.125,1,0,0
89,63,8,1,0.125,1,0,0
89,64,8,0,0.0,1,0,0
89,65,8,1,0.125,1,0,0
89,66,8,1,0.125,1,0,0
89,67,8,3,0.375,1,0,0
89,68,8,2,0.25,1,0,0
89,69,8,0,0.0,1,0,0
89,70,8,2,0.25,1,0,0
89,71,8,1,0.125,1,0,0
89,72,8,1,0.125,1,0,0
89,73,8,0,0.0,1,0,0
89,74,8,1,0.125,1,0,0
89,75,8,1,0.125,1,0,0
89,76,8,6,0.75,1,0,0
89,77,8,4,0.5,1,0,0
89,78,8,3,0.375,1,0,0
89,79,8,2,0.25,1,0,0
89,80,8,3,0.375,1,0,0
89,81,8,1,0.125,1,0,0
89,82,8,2,0.25,1,0,0
89,83,8,1,0.125,1,0,0
89,84,8,0,0.0,1,0,0
89,85,8,0,0.0,1,0,0
89,86,8,3,0.375,1,0,0
89,87,8,4,0.5,1,0,0
89,88,8,1,0.125,1,0,0
89,89,8,1,0.125,1,0,0
89,90,8,2,0.25,1,0,0
89,91,8,1,0.125,1,0,0
89,92,8,4,0.5,1,0,0
89,93,8,2,0.25,1,0,0
89,94,8,1,0.125,1,0,0
89,95,8,2,0.25,1,0,0
89,96,8,1,0.125,1,0,0
89,97,8,1,0.125,1,0,0
89,98,8,1,0.125,1,0,0
89,99,8,5,0.625,1,0,0
90,0,8,3,0.375,1,0,0
90,1,8,0,0.0,1,0,0
90,2,8,1,0.125,1,0,0
90,3,8,3,0.375,1,0,0
90,4,8,2,0.25,1,0,0
90,5,8,2,0.25,1,0,0
90,6,8,0,0.0,1,0,0
90,7,8,3,0.375,1,0,0
90,8,8,2,0.25,1,0,0
90,9,8,1,0.125,1,0,0
90,10,8,3,0.375,1,0,0
90,11,8,3,0.375,1,0,0
90,12,8,4,0.5,1,0,0
90,13,8,2,0.25,1,0,0
90,14,8,1,0.125,1,0,0
90,15,8,2,0.25,1,0,0
90,16,8,2,0.25,1,0,0
90,17,8,1,0.125,1,0,0
90,18,8,1,0.125,1,0,0
90,19,8,3,0.375,1,0,0
90,20,8,3,0.375,1,0,0
90,21,8,3,0.375,1,0,0
90,22,8,1,0.125,1,0,0
90,23,8,1,0.125,1,0,0
90,24,8,2,0.25,1,0,0
90,25,8,2,0.25,1,0,0
90,26,8,3,0.375,1,0,0
90,27,8,1,0.125,1,0,0
90,28,8,2,0.25,1,0,0
90,29,8,2,0.25,1,0,0
90,30,8,2,0.25,1,0,0
90,31,8,4,0.5,1,0,0
90,32,8,2,0.25,1,0,0
90,33,8,2,0.25,1,0,0
90,34,8,1,0.125,1,0,0
90,35,8,1,0.125,1,0,0
90,36,8,5,0.625,1,0,0
90,37,8,1,0.125,1,0,0
90,38,8,0,0.0,1,0,0
90,39,8,2,0.25,1,0,0
90,40,8,1,0.125,1,0,0
90,41,8,0,0.0,1,0,0
90,42,8,1,0.125,1,0,0
90,43,8,3,0.375,1,0,0
90,44,8,3,0.375,1,0,0
90,45,8,1,0.125,1,0,0
90,46,8,1,0.125,1,0,0
90,47,8,2,0.25,1,0,0
90,48,8,2,0.25,1,0,0
90,49,8,4,0.5,1,0,0
90,50,8,1,0.125,1,0,0
90,51,8,0,0.0,1,0,0
90,52,8,3,0.375,1,0,0
90,53,8,3,0.375,1,0,0
90,54,8,3,0.375,1,0,0
90,55,8,2,0.25,1,0,0
90,56,8,3,0.375,1,0,0
90,57,8,1,0.125,1,0,0
90,58,8,1,0.125,1,0,0
90,59,8,2,0.25,1,0,0
90,60,8,4,0.5,1,0,0
90,61,8,4,0.5,1,0,0
90,62,8,2,0.25,1,0,0
90,63,8,0,0.0,1,0,0
90,64,8,4,0.5,1,0,0
90,65,8,2,0.25,1,0,0
90,66,8,3,0.375,1,0,0
90,67,8,2,0.25,1,0,0
90,68,8,2,0.25,1,0,0
90,69,8,3,0.375,1,0,0
90,70,8,2,0.25,1,0,0
90,71,8,3,0.375,1,0,0
90,72,8,0,0.0,1,0,0
90,73,8,4,0.5,1,0,0
90,74,8,0,0.0,1,0,0
90,75,8,1,0.125,1,0,0
90,76,8,3,0.375,1,0,0
90,77,8,2,0.25,1,0,0
90,78,8,2,0.25,1,0,0
90,79,8,2,0.25,1,0,0
90,80,8,3,0.375,1,0,0
90,81,8,2,0.25,1,0,0
90,82,8,1,0.125,1,0,0
90,83,8,2,0.25,1,0,0
90,84,8,2,0.25,1,0,0
90,85,8,3,0.375,1,0,0
90,86,8,3,0.375,1,0,0
90,87,8,1,0.125,1,0,0
90,88,8,3,0.375,1,0,0
90,89,8,2,0.25,1,0,0
90,90,8,1,0.125,1,0,0
90,91,8,1,0.125,1,0,0
90,92,8,2,0.25,1,0,0
90,93,8,0,0.0,1,0,0
90,94,8,1,0.125,1,0,0
90,95,8,3,0.375,1,0,0
90,96,8,1,0.125,1,0,0
90,97,8,3,0.375,1,0,0
90,98,8,2,0.25,1,0,0
90,99,8,1,0.125,1,0,0
91,0,8,2,0.25,1,0,0
91,1,8,3,0.375,1,0,0
91,2,8,0,0.0,1,0,0
91,3,8,3,0.375,1,0,0
91,4,8,3,0.375,1,0,0
91,5,8,1,0.125,1,0,0
91,6,8,0,0.0,1,0,0
91,7,8,3,0.375,1,0,0
91,8,8,2,0.25,1,0,0
91,9,8,0,0.0,1,0,0
91,10,8,0,0.0,1,0,0
91,11,8,3,0.375,1,0,0
91,12,8,2,0.25,1,0,0
91,13,8,1,0.125,1,0,0
91,14,8,1,0.125,1,0,0
91,15,8,1,0.125,1,0,0
91,16,8,3,0.375,1,0,0
91,17,8,1,0.125,1,0,0
91,18,8,1,0.125,1,0,0
91,19,8,4,0.5,1,0,0
91,20,8,3,0.375,1,0,0
91,21,8,1,0.125,1,0,0
91,22,8,2,0.25,1,0,0
91,23,8,1,0.125,1,0,0
91,24,8,2,0.25,1,0,0
91,25,8,4,0.5,1,0,0
91,26,8,1,0.125,1,0,0
91,27,8,3,0.375,1,0,0
91,28,8,4,0.5,1,0,0
91,29,8,2,0.25,1,0,0
91,30,8,1,0.125,1,0,0
91,31,8,2,0.25,1,0,0
91,32,8,2,0.25,1,0,0
91,33,8,2,0.25,1,0,0
91,34,8,1,0.125,1,0,0
91,35,8,2,0.25,1,0,0
91,36,8,1,0.125,1,0,0
91,37,8,1,0.125,1,0,0
91,38,8,4,0.5,1,0,0
91,39,8,2,0.25,1,0,0
91,40,8,2,0.25,1,0,0
91,41,8,0,0.0,1,0,0
91,42,8,2,0.25,1,0,0
91,43,8,3,0.375,1,0,0
91,44,8,4,0.5,1,0,0
91,45,8,4,0.5,1,0,0
91,46,8,1,0.125,1,0,0
91,47,8,2,0.25,1,0,0
91,48,8,1,0.125,1,0,0
91,49,8,4,0.5,1,0,0
91,50,8,2,0.25,1,0,0
91,51,8,2,0.25,1,0,0
91,52,8,4,0.5,1,0,0
91,53,8,3,0.375,1,0,0
91,54,8,1,0.125,1,0,0
91,55,8,1,0.125,1,0,0
91,56,8,2,0.25,1,0,0
91,57,8,1,0.125,1,0,0
91,58,8,2,0.25,1,0,0
91,59,8,2,0.25,1,0,0
91,60,8,5,0.625,1,0,0
91,61,8,3,0.375,1,0,0
91,62,8,1,0.125,1,0,0
91,63,8,2,0.25,1,0,0
91,64,8,3,0.375,1,0,0
91,65,8,4,0.5,1,0,0
91,66,8,2,0.25,1,0,0
91,67,8,2,0.25,1,0,0
91,68,8,1,0.125,1,0,0
91,69,8,1,0.125,1,0,0
91,70,8,1,0.125,1,0,0
91,71,8,1,0.125,1,0,0
91,72,8,3,0.375,1,0,0
91,73,8,2,0.25,1,0,0
91,74,8,1,0.125,1,0,0
91,75,8,2,0.25,1,0,0
91,76,8,3,0.375,1,0,0
91,77,8,3,0.375,1,0,0
91,78,8,2,0.25,1,0,0
91,79,8,5,0.625,1,0,0
91,80,8,4,0.5,1,0,0
91,81,8,1,0.125,1,0,0
91,82,8,4,0.5,1,0,0
91,83,8,2,0.25,1,0,0
91,84,8,3,0.375,1,0,0
91,85,8,2,0.25,1,0,0
91,86,8,4,0.5,1,0,0
91,87,8,2,0.25,1,0,0
91,88,8,2,0.25,1,0,0
91,89,8,3,0.375,1,0,0
91,90,8,1,0.125,1,0,0
91,91,8,4,0.5,1,0,0
91,92,8,4,0.5,1,0,0
91,93,8,1,0.125,1,0,0
91,94,8,2,0.25,1,0,0
91,95,8,2,0.25,1,0,0
91,96,8,3,0.375,1,0,0
91,97,8,2,0.25,1,0,0
91,98,8,1,0.125,1,0,0
91,99,8,2,0.25,1,0,0
92,0,8,2,0.25,1,0,0
92,1,8,4,0.5,1,0,0
92,2,8,2,0.25,1,0,0
92,3,8,1,0.125,1,0,0
92,4,8,3,0.375,1,0,0
92,5,8,4,0.5,1,0,0
92,6,8,2,0.25,1,0,0
92,7,8,4,0.5,1,0,0
92,8,8,2,0.25,1,0,0
92,9,8,3,0.375,1,0,0
92,10,8,0,0.0,1,0,0
92,11,8,1,0.125,1,0,0
92,12,8,1,0.125,1,0,0
92,13,8,3,0.375,1,0,0
92,14,8,2,0.25,1,0,0
92,15,8,1,0.125,1,0,0
92,16,8,4,0.5,1,0,0
92,17,8,2,0.25,1,0,0
92,18,8,2,0.25,1,0,0
92,19,8,3,0.375,1,0,0
92,20,8,0,0.0,1,0,0
92,21,8,0,0.0,1,0,0
92,22,8,0,0.0,1,0,0
92,23,8,2,0.25,1,0,0
92,24,8,1,0.125,1,0,0
92,25,8,1,0.125,1,0,0
92,26,8,2,0.25,1,0,0
92,27,8,3,0.375,1,0,0
92,28,8,3,0.375,1,0,0
92,29,8,1,0.125,1,0,0
92,30,8,0,0.0,1,0,0
92,31,8,2,0.25,1,0,0
92,32,8,1,0.125,1,0,0
92,33,8,1,0.125,1,0,0
92,34,8,3,0.375,1,0,0
92,35,8,4,0.5,1,0,0
92,36,8,1,0.125,1,0,0
92,37,8,3,0.375,1,0,0
92,38,8,3,0.375,1,0,0
92,39,8,4,0.5,1,0,0
92,40,8,3,0.375,1,0,0
92,41,8,4,0.5,1,0,0
92,42,8,4,0.5,1,0,0
92,43,8,1,0.125,1,0,0
92,44,8,4,0.5,1,0,0
92,45,8,1,0.125,1,0,0
92,46,8,4,0.5,1,0,0
92,47,8,3,0.375,1,0,0
92,48,8,2,0.25,1,0,0
92,49,8,3,0.375,1,0,0
92,50,8,2,0.25,1,0,0
92,51,8,2,0.25,1,0,0
92,52,8,3,0.375,1,0,0
92,53,8,4,0.5,1,0,0
92,54,8,1,0.125,1,0,0
92,55,8,3,0.375,1,0,0
92,56,8,3,0.375,1,0,0
92,57,8,1,0.125,1,0,0
92,58,8,0,0.0,1,0,0
92,59,8,3,0.375,1,0,0
92,60,8,2,0.25,1,0,0
92,61,8,1,0.125,1,0,0
92,62,8,2,0.25,1,0,0
92,63,8,2,0.25,1,0,0
92,64,8,4,0.5,1,0,0
92,65,8,2,0.25,1,0,0
92,66,8,4,0.5,1,0,0
92,67,8,1,0.125,1,0,0
92,68,8,1,0.125,1,0,0
92,69,8,2,0.25,1,0,0
92,70,8,1,0.125,1,0,0
92,71,8,2,0.25,1,0,0
92,72,8,2,0.25,1,0,0
92,73,8,1,0.125,1,0,0
92,74,8,2,0.25,1,0,0
92,75,8,2,0.25,1,0,0
92,76,8,1,0.125,1,0,0
92,77,8,1,0.125,1,0,0
92,78,8,3,0.375,1,0,0
92,79,8,3,0.375,1,0,0
92,80,8,1,0.125,1,0,0
92,81,8,4,0.5,1,0,0
92,82,8,1,0.125,1,0,0
92,83,8,1,0.125,1,0,0
92,84,8,3,0.375,1,0,0
92,85,8,1,0.125,1,0,0
92,86,8,2,0.25,1,0,0
92,87,8,2,0.25,1,0,0
92,88,8,0,0.0,1,0,0
92,89,8,0,0.0,1,0,0
92,90,8,1,0.125,1,0,0
92,91,8,2,0.25,1,0,0
92,92,8,4,0.5,1,0,0
92,93,8,3,0.375,1,0,0
92,94,8,4,0.5,1,0,0
92,95,8,1,0.125,1,0,0
92,96,8,0,0.0,1,0,0
92,97,8,3,0.375,1,0,0
92,98,8,2,0.25,1,0,0
92,99,8,2,0.25,1,0,0
93,0,8,2,0.25,1,0,0
93,1,8,1,0.125,1,0,0
93,2,8,0,0.0,1,0,0
93,3,8,1,0.125,1,0,0
93,4,8,2,0.25,1,0,0
93,5,8,0,0.0,1,0,0
93,6,8,2,0.25,1,0,0
93,7,8,1,0.125,1,0,0
93,8,8,3,0.375,1,0,0
93,9,8,3,0.375,1,0,0
93,10,8,5,0.625,1,0,0
93,11,8,2,0.25,1,0,0
93,12,8,3,0.375,1,0,0
93,13,8,3,0.375,1,0,0
93,14,8,3,0.375,1,0,0
93,15,8,1,0.125,1,0,0
93,16,8,1,0.125,1,0,0
93,17,8,4,0.5,1,0,0
93,18,8,3,0.375,1,0,0
93,19,8,3,0.375,1,0,0
93,20,8,2,0.25,1,0,0
93,21,8,2,0.25,1,0,0
93,22,8,3,0.375,1,0,0
93,23,8,1,0.125,1,0,0
93,24,8,2,0.25,1,0,0
93,25,8,3,0.375,1,0,0
93,26,8,1,0.125,1,0,0
93,27,8,1,0.125,1,0,0
93,28,8,1,0.125,1,0,0
93,29,8,1,0.125,1,0,0
93,30,8,3,0.375,1,0,0
93,31,8,2,0.25,1,0,0
93,32,8,0,0.0,1,0,0
93,33,8,1,0.125,1,0,0
93,34,8,1,0.125,1,0,0
93,35,8,2,0.25,1,0,0
93,36,8,3,0.375,1,0,0
93,37,8,4,0.5,1,0,0
93,38,8,3,0.375,1,0,0
93,39,8,3,0.375,1,0,0
93,40,8,2,0.25,1,0,0
93,41,8,2,0.25,1,0,0
93,42,8,2,0.25,1,0,0
93,43,8,3,0.375,1,0,0
93,44,8,1,0.125,1,0,0
93,45,8,5,0.625,1,0,0
93,46,8,1,0.125,1,0,0
93,47,8,4,0.5,1,0,0
93,48,8,0,0.0,1,0,0
93,49,8,4,0.5,1,0,0
93,50,8,2,0.25,1,0,0
93,51,8,3,0.375,1,0,0
93,52,8,1,0.125,1,0,0
93,53,8,1,0.125,1,0,0
93,54,8,6,0.75,1,0,0
93,55,8,3,0.375,1,0,0
93,56,8,3,0.375,1,0,0
93,57,8,1,0.125,1,0,0
93,58,8,1,0.125,1,0,0
93,59,8,2,0.25,1,0,0
93,60,8,0,0.0,1,0,0
93,61,8,1,0.125,1,0,0
93,62,8,0,0.0,1,0,0
93,63,8,6,0.75,1,0,0
93,64,8,2,0.25,1,0,0
93,65,8,2,0.25,1,0,0
93,66,8,3,0.375,1,0,0
93,67,8,3,0.375,1,0,0
93,68,8,2,0.25,1,0,0
93,69,8,1,0.125,1,0,0
93,70,8,2,0.25,1,0,0
93,71,8,3,0.375,1,0,0
93,72,8,1,0.125,1,0,0
93,73,8,3,0.375,1,0,0
93,74,8,3,0.375,1,0,0
93,75,8,2,0.25,1,0,0
93,76,8,2,0.25,1,0,0
93,77,8,2,0.25,1,0,0
93,78,8,1,0.125,1,0,0
93,79,8,1,0.125,1,0,0
93,80,8,2,0.25,1,0,0
93,81,8,2,0.25,1,0,0
93,82,8,4,0.5,1,0,0
93,83,8,1,0.125,1,0,0
93,84,8,4,0.5,1,0,0
93,85,8,4,0.5,1,0,0
93,86,8,1,0.125,1,0,0
93,87,8,2,0.25,1,0,0
93,88,8,2,0.25,1,0,0
93,89,8,1,0.125,1,0,0
93,90,8,2,0.25,1,0,0
93,91,8,1,0.125,1,0,0
93,92,8,2,0.25,1,0,0
93,93,8,1,0.125,1,0,0
93,94,8,4,0.5,1,0,0
93,95,8,1,0.125,1,0,0
93,96,8,4,0.5,1,0,0
93,97,8,3,0.375,1,0,0
93,98,8,1,0.125,1,0,0
93,99,8,2,0.25,1,0,0
94,0,8,1,0.125,1,0,0
94,1,8,4,0.5,1,0,0
94,2,8,4,0.5,1,0,0
94,3,8,2,0.25,1,0,0
94,4,8,0,0.0,1,0,0
94,5,8,1,0.125,1,0,0
94,6,8,0,0.0,1,0,0
94,7,8,4,0.5,1,0,0
94,8,8,2,0.25,1,0,0
94,9,8,3,0.375,1,0,0
94,10,8,3,0.375,1,0,0
94,11,8,0,0.0,1,0,0
94,12,8,0,0.0,1,0,0
94,13,8,2,0.25,1,0,0
94,14,8,2,0.25,1,0,0
94,15,8,2,0.25,1,0,0
94,16,8,1,0.125,1,0,0
94,17,8,2,0.25,1,0,0
94,18,8,3,0.375,1,0,0
94,19,8,4,0.5,1,0,0
94,20,8,0,0.0,1,0,0
94,21,8,3,0.375,1,0,0
94,22,8,2,0.25,1,0,0
94,23,8,1,0.125,1,0,0
94,24,8,2,0.25,1,0,0
94,25,8,1,0.125,1,0,0
94,26,8,4,0.5,1,0,0
94,27,8,2,0.25,1,0,0
94,28,8,1,0.125,1,0,0
94,29,8,2,0.25,1,0,0
94,30,8,0,0.0,1,0,0
94,31,8,1,0.125,1,0,0
94,32,8,1,0.125,1,0,0
94,33,8,0,0.0,1,0,0
94,34,8,0,0.0,1,0,0
94,35,8,5,0.625,1,0,0
94,36,8,5,0.625,1,0,0
94,37,8,3,0.375,1,0,0
94,38,8,2,0.25,1,0,0
94,39,8,0,0.0,1,0,0
94,40,8,3,0.375,1,0,0
94,41,8,3,0.375,1,0,0
94,42,8,4,0.5,1,0,0
94,43,8,1,0.125,1,0,0
94,44,8,1,0.125,1,0,0
94,45,8,0,0.0,1,0,0
94,46,8,3,0.375,1,0,0
94,47,8,1,0.125,1,0,0
94,48,8,1,0.125,1,0,0
94,49,8,0,0.0,1,0,0
94,50,8,2,0.25,1,0,0
94,51,8,2,0.25,1,0,0
94,52,8,1,0.125,1,0,0
94,53,8,1,0.125,1,0,0
94,54,8,1,0.125,1,0,0
94,55,8,3,0.375,1,0,0
94,56,8,2,0.25,1,0,0
94,57,8,3,0.375,1,0,0
94,58,8,0,0.0,1,0,0
94,59,8,3,0.375,1,0,0
94,60,8,2,0.25,1,0,0
94,61,8,3,0.375,1,0,0
94,62,8,3,0.375,1,0,0
94,63,8,2,0.25,1,0,0
94,64,8,1,0.125,1,0,0
94,65,8,0,0.0,1,0,0
94,66,8,0,0.0,1,0,0
94,67,8,2,0.25,1,0,0
94,68,8,1,0.125,1,0,0
94,69,8,1,0.125,1,0,0
94,70,8,4,0.5,1,0,0
94,71,8,2,0.25,1,0,0
94,72,8,1,0.125,1,0,0
94,73,8,1,0.125,1,0,0
94,74,8,3,0.375,1,0,0
94,75,8,1,0.125,1,0,0
94,76,8,0,0.0,1,0,0
94,77,8,2,0.25,1,0,0
94,78,8,3,0.375,1,0,0
94,79,8,2,0.25,1,0,0
94,80,8,3,0.375,1,0,0
94,81,8,0,0.0,1,0,0
94,82,8,1,0.125,1,0,0
94,83,8,1,0.125,1,0,0
94,84,8,1,0.125,1,0,0
94,85,8,0,0.0,1,0,0
94,86,8,1,0.125,1,0,0
94,87,8,3,0.375,1,0,0
94,88,8,3,0.375,1,0,0
94,89,8,5,0.625,1,0,0
94,90,8,1,0.125,1,0,0
94,91,8,4,0.5,1,0,0
94,92,8,0,0.0,1,0,0
94,93,8,2,0.25,1,0,0
94,94,8,1,0.125,1,0,0
94,95,8,2,0.25,1,0,0
94,96,8,2,0.25,1,0,0
94,97,8,4,0.5,1,0,0
94,98,8,3,0.375,1,0,0
94,99,8,1,0.125,1,0,0
95,0,8,1,0.125,1,0,0
95,1,8,6,0.75,1,0,0
95,2,8,1,0.125,1,0,0
95,3,8,2,0.25,1,0,0
95,4,8,3,0.375,1,0,0
95,5,8,2,0.25,1,0,0
95,6,8,3,0.375,1,0,0
95,7,8,2,0.25,1,0,0
95,8,8,1,0.125,1,0,0
95,9,8,2,0.25,1,0,0
95,10,8,3,0.375,1,0,0
95,11,8,1,0.125,1,0,0
95,12,8,0,0.0,1,0,0
95,13,8,2,0.25,1,0,0
95,14,8,1,0.125,1,0,0
95,15,8,2,0.25,1,0,0
95,16,8,1,0.125,1,0,0
95,17,8,1,0.125,1,0,0
95,18,8,3,0.375,1,0,0
95,19,8,2,0.25,1,0,0
95,20,8,4,0.5,1,0,0
95,21,8,3,0.375,1,0,0
95,22,8,1,0.125,1,0,0
95,23,8,0,0.0,1,0,0
95,24,8,1,0.125,1,0,0
95,25,8,1,0.125,1,0,0
95,26,8,2,0.25,1,0,0
95,27,8,1,0.125,1,0,0
95,28,8,1,0.125,1,0,0
95,29,8,0,0.0,1,0,0
95,30,8,2,0.25,1,0,0
95,31,8,0,0.0,1,0,0
95,32,8,1,0.125,1,0,0
95,33,8,3,0.375,1,0,0
95,34,8,0,0.0,1,0,0
95,35,8,3,0.375,1,0,0
95,36,8,4,0.5,1,0,0
95,37,8,1,0.125,1,0,0
95,38,8,2,0.25,1,0,0
95,39,8,2,0.25,1,0,0
95,40,8,1,0.125,1,0,0
95,41,8,4,0.5,1,0,0
95,42,8,2,0.25,1,0,0
95,43,8,1,0.125,1,0,0
95,44,8,1,0.125,1,0,0
95,45,8,1,0.125,1,0,0
95,46,8,2,0.25,1,0,0
95,47,8,2,0.25,1,0,0
95,48,8,2,0.25,1,0,0
95,49,8,5,0.625,1,0,0
95,50,8,2,0.25,1,0,0
95,51,8,3,0.375,1,0,0
95,52,8,0,0.0,1,0,0
95,53,8,1,0.125,1,0,0
95,54,8,2,0.25,1,0,0
95,55,8,1,0.125,1,0,0
95,56,8,2,0.25,1,0,0
95,57,8,0,0.0,1,0,0
95,58,8,2,0.25,1,0,0
95,59,8,2,0.25,1,0,0
95,60,8,1,0.125,1,0,0
95,61,8,5,0.625,1,0,0
95,62,8,2,0.25,1,0,0
95,63,8,3,0.375,1,0,0
95,64,8,1,0.125,1,0,0
95,65,8,3,0.375,1,0,0
95,66,8,1,0.125,1,0,0
95,67,8,1,0.125,1,0,0
95,68,8,2,0.25,1,0,0
95,69,8,1,0.125,1,0,0
95,70,8,1,0.125,1,0,0
95,71,8,3,0.375,1,0,0
95,72,8,2,0.25,1,0,0
95,73,8,1,0.125,1,0,0
95,74,8,2,0.25,1,0,0
95,75,8,1,0.125,1,0,0
95,76,8,1,0.125,1,0,0
95,77,8,2,0.25,1,0,0
95,78,8,2,0.25,1,0,0
95,79,8,4,0.5,1,0,0
95,80,8,2,0.25,1,0,0
95,81,8,4,0.5,1,0,0
95,82,8,3,0.375,1,0,0
95,83,8,4,0.5,1,0,0
95,84,8,4,0.5,1,0,0
95,85,8,2,0.25,1,0,0
95,86,8,2,0.25,1,0,0
95,87,8,2,0.25,1,0,0
95,88,8,3,0.375,1,0,0
95,89,8,2,0.25,1,0,0
95,90,8,0,0.0,1,0,0
95,91,8,2,0.25,1,0,0
95,92,8,1,0.125,1,0,0
95,93,8,3,0.375,1,0,0
95,94,8,2,0.25,1,0,0
95,95,8,2,0.25,1,0,0
95,96,8,3,0.375,1,0,0
95,97,8,1,0.125,1,0,0
95,98,8,0,0.0,1,0,0
95,99,8,2,0.25,1,0,0
96,0,8,4,0.5,1,0,0
96,1,8,3,0.375,1,0,0
96,2,8,0,0.0,1,0,0
96,3,8,4,0.5,1,0,0
96,4,8,2,0.25,1,0,0
96,5,8,2,0.25,1,0,0
96,6,8,1,0.125,1,0,0
96,7,8,3,0.375,1,0,0
96,8,8,2,0.25,1,0,0
96,9,8,1,0.125,1,0,0
96,10,8,0,0.0,1,0,0
96,11,8,3,0.375,1,0,0
96,12,8,3,0.375,1,0,0
96,13,8,0,0.0,1,0,0
96,14,8,2,0.25,1,0,0
96,15,8,3,0.375,1,0,0
96,16,8,3,0.375,1,0,0
96,17,8,2,0.25,1,0,0
96,18,8,2,0.25,1,0,0
96,19,8,3,0.375,1,0,0
96,20,8,3,0.375,1,0,0
96,21,8,4,0.5,1,0,0
96,22,8,1,0.125,1,0,0
96,23,8,3,0.375,1,0,0
96,24,8,1,0.125,1,0,0
96,25,8,1,0.125,1,0,0
96,26,8,1,0.125,1,0,0
96,27,8,2,0.25,1,0,0
96,28,8,3,0.375,1,0,0
96,29,8,2,0.25,1,0,0
96,30,8,3,0.375,1,0,0
96,31,8,1,0.125,1,0,0
96,32,8,3,0.375,1,0,0
96,33,8,2,0.25,1,0,0
96,34,8,3,0.375,1,0,0
96,35,8,2,0.25,1,0,0
96,36,8,2,0.25,1,0,0
96,37,8,2,0.25,1,0,0
96,38,8,3,0.375,1,0,0
96,39,8,3,0.375,1,0,0
96,40,8,3,0.375,1,0,0
96,41,8,2,0.25,1,0,0
96,42,8,0,0.0,1,0,0
96,43,8,2,0.25,1,0,0
96,44,8,3,0.375,1,0,0
96,45,8,2,0.25,1,0,0
96,46,8,4,0.5,1,0,0
96,47,8,2,0.25,1,0,0
96,48,8,3,0.375,1,0,0
96,49,8,1,0.125,1,0,0
96,50,8,1,0.125,1,0,0
96,51,8,1,0.125,1,0,0
96,52,8,2,0.25,1,0,0
96,53,8,1,0.125,1,0,0
96,54,8,5,0.625,1,0,0
96,55,8,1,0.125,1,0,0
96,56,8,3,0.375,1,0,0
96,57,8,1,0.125,1,0,0
96,58,8,4,0.5,1,0,0
96,59,8,3,0.375,1,0,0
96,60,8,4,0.5,1,0,0
96,61,8,3,0.375,1,0,0
96,62,8,3,0.375,1,0,0
96,63,8,1,0.125,1,0,0
96,64,8,1,0.125,1,0,0
96,65,8,0,0.0,1,0,0
96,66,8,1,0.125,1,0,0
96,67,8,0,0.0,1,0,0
96,68,8,4,0.5,1,0,0
96,69,8,2,0.25,1,0,0
96,70,8,1,0.125,1,0,0
96,71,8,2,0.25,1,0,0
96,72,8,0,0.0,1,0,0
96,73,8,1,0.125,1,0,0
96,74,8,2,0.25,1,0,0
96,75,8,2,0.25,1,0,0
96,76,8,2,0.25,1,0,0
96,77,8,2,0.25,1,0,0
96,78,8,3,0.375,1,0,0
96,79,8,2,0.25,1,0,0
96,80,8,2,0.25,1,0,0
96,81,8,2,0.25,1,0,0
96,82,8,0,0.0,1,0,0
96,83,8,1,0.125,1,0,0
96,84,8,0,0.0,1,0,0
96,85,8,5,0.625,1,0,0
96,86,8,2,0.25,1,0,0
96,87,8,2,0.25,1,0,0
96,88,8,3,0.375,1,0,0
96,89,8,1,0.125,1,0,0
96,90,8,1,0.125,1,0,0
96,91,8,1,0.125,1,0,0
96,92,8,3,0.375,1,0,0
96,93,8,1,0.125,1,0,0
96,94,8,1,0.125,1,0,0
96,95,8,2,0.25,1,0,0
96,96,8,0,0.0,1,0,0
96,97,8,1,0.125,1,0,0
96,98,8,3,0.375,1,0,0
96,99,8,0,0.0,1,0,0
97,0,8,2,0.25,1,0,0
97,1,8,1,0.125,1,0,0
97,2,8,1,0.125,1,0,0
97,3,8,3,0.375,1,0,0
97,4,8,2,0.25,1,0,0
97,5,8,3,0.375,1,0,0
97,6,8,2,0.25,1,0,0
97,7,8,6,0.75,1,0,0
97,8,8,4,0.5,1,0,0
97,9,8,3,0.375,1,0,0
97,10,8,1,0.125,1,0,0
97,11,8,2,0.25,1,0,0
97,12,8,3,0.375,1,0,0
97,13,8,1,0.125,1,0,0
97,14,8,1,0.125,1,0,0
97,15,8,3,0.375,1,0,0
97,16,8,2,0.25,1,0,0
97,17,8,2,0.25,1,0,0
97,18,8,2,0.25,1,0,0
97,19,8,3,0.375,1,0,0
97,20,8,1,0.125,1,0,0
97,21,8,0,0.0,1,0,0
97,22,8,3,0.375,1,0,0
97,23,8,1,0.125,1,0,0
97,24,8,3,0.375,1,0,0
97,25,8,5,0.625,1,0,0
97,26,8,1,0.125,1,0,0
97,27,8,0,0.0,1,0,0
97,28,8,2,0.25,1,0,0
97,29,8,2,0.25,1,0,0
97,30,8,1,0.125,1,0,0
97,31,8,4,0.5,1,0,0
97,32,8,0,0.0,1,0,0
97,33,8,3,0.375,1,0,0
97,34,8,1,0.125,1,0,0
97,35,8,3,0.375,1,0,0
97,36,8,3,0.375,1,0,0
97,37,8,2,0.25,1,0,0
97,38,8,0,0.0,1,0,0
97,39,8,2,0.25,1,0,0
97,40,8,1,0.125,1,0,0
97,41,8,2,0.25,1,0,0
97,42,8,4,0.5,1,0,0
97,43,8,2,0.25,1,0,0
97,44,8,2,0.25,1,0,0
97,45,8,3,0.375,1,0,0
97,46,8,1,0.125,1,0,0
97,47,8,1,0.125,1,0,0
97,48,8,1,0.125,1,0,0
97,49,8,1,0.125,1,0,0
97,50,8,2,0.25,1,0,0
97,51,8,1,0.125,1,0,0
97,52,8,1,0.125,1,0,0
97,53,8,3,0.375,1,0,0
97,54,8,0,0.0,1,0,0
97,55,8,1,0.125,1,0,0
97,56,8,0,0.0,1,0,0
97,57,8,2,0.25,1,0,0
97,58,8,3,0.375,1,0,0
97,59,8,2,0.25,1,0,0
97,60,8,3,0.375,1,0,0
97,61,8,2,0.25,1,0,0
97,62,8,0,0.0,1,0,0
97,63,8,3,0.375,1,0,0
97,64,8,1,0.125,1,0,0
97,65,8,3,0.375,1,0,0
97,66,8,0,0.0,1,0,0
97,67,8,3,0.375,1,0,0
97,68,8,2,0.25,1,0,0
97,69,8,1,0.125,1,0,0
97,70,8,0,0.0,1,0,0
97,71,8,0,0.0,1,0,0
97,72,8,2,0.25,1,0,0
97,73,8,2,0.25,1,0,0
97,74,8,3,0.375,1,0,0
97,75,8,5,0.625,1,0,0
97,76,8,3,0.375,1,0,0
97,77,8,1,0.125,1,0,0
97,78,8,1,0.125,1,0,0
97,79,8,2,0.25,1,0,0
97,80,8,3,0.375,1,0,0
97,81,8,2,0.25,1,0,0
97,82,8,3,0.375,1,0,0
97,83,8,2,0.25,1,0,0
97,84,8,0,0.0,1,0,0
97,85,8,2,0.25,1,0,0
97,86,8,2,0.25,1,0,0
97,87,8,2,0.25,1,0,0
97,88,8,3,0.375,1,0,0
97,89,8,5,0.625,1,0,0
97,90,8,2,0.25,1,0,0
97,91,8,1,0.125,1,0,0
97,92,8,4,0.5,1,0,0
97,93,8,2,0.25,1,0,0
97,94,8,2,0.25,1,0,0
97,95,8,3,0.375,1,0,0
97,96,8,2,0.25,1,0,0
97,97,8,3,0.375,1,0,0
97,98,8,1,0.125,1,0,0
97,99,8,3,0.375,1,0,0
98,0,8,3,0.375,1,0,0
98,1,8,1,0.125,1,0,0
98,2,8,1,0.125,1,0,0
98,3,8,3,0.375,1,0,0
98,4,8,2,0.25,1,0,0
98,5,8,4,0.5,1,0,0
98,6,8,2,0.25,1,0,0
98,7,8,3,0.375,1,0,0
98,8,8,2,0.25,1,0,0
98,9,8,2,0.25,1,0,0
98,10,8,2,0.25,1,0,0
98,11,8,1,0.125,1,0,0
98,12,8,2,0.25,1,0,0
98,13,8,3,0.375,1,0,0
98,14,8,2,0.25,1,0,0
98,15,8,2,0.25,1,0,0
98,16,8,2,0.25,1,0,0
98,17,8,4,0.5,1,0,0
98,18,8,1,0.125,1,0,0
98,19,8,2,0.25,1,0,0
98,20,8,0,0.0,1,0,0
98,21,8,1,0.125,1,0,0
98,22,8,2,0.25,1,0,0
98,23,8,2,0.25,1,0,0
98,24,8,3,0.375,1,0,0
98,25,8,4,0.5,1,0,0
98,26,8,3,0.375,1,0,0
98,27,8,2,0.25,1,0,0
98,28,8,4,0.5,1,0,0
98,29,8,1,0.125,1,0,0
98,30,8,2,0.25,1,0,0
98,31,8,3,0.375,1,0,0
98,32,8,4,0.5,1,0,0
98,33,8,2,0.25,1,0,0
98,34,8,2,0.25,1,0,0
98,35,8,0,0.0,1,0,0
98,36,8,3,0.375,1,0,0
98,37,8,1,0.125,1,0,0
98,38,8,1,0.125,1,0,0
98,39,8,3,0.375,1,0,0
98,40,8,2,0.25,1,0,0
98,41,8,4,0.5,1,0,0
98,42,8,1,0.125,1,0,0
98,43,8,2,0.25,1,0,0
98,44,8,3,0.375,1,0,0
98,45,8,1,0.125,1,0,0
98,46,8,2,0.25,1,0,0
98,47,8,3,0.375,1,0,0
98,48,8,5,0.625,1,0,0
98,49,8,1,0.125,1,0,0
98,50,8,1,0.125,1,0,0
98,51,8,2,0.25,1,0,0
98,52,8,2,0.25,1,0,0
98,53,8,2,0.25,1,0,0
98,54,8,4,0.5,1,0,0
98,55,8,3,0.375,1,0,0
98,56,8,0,0.0,1,0,0
98,57,8,3,0.375,1,0,0
98,58,8,0,0.0,1,0,0
98,59,8,3,0.375,1,0,0
98,60,8,1,0.125,1,0,0
98,61,8,1,0.125,1,0,0
98,62,8,3,0.375,1,0,0
98,63,8,1,0.125,1,0,0
98,64,8,2,0.25,1,0,0
98,65,8,2,0.25,1,0,0
98,66,8,1,0.125,1,0,0
98,67,8,2,0.25,1,0,0
98,68,8,1,0.125,1,0,0
98,69,8,2,0.25,1,0,0
98,70,8,0,0.0,1,0,0
98,71,8,2,0.25,1,0,0
98,72,8,1,0.125,1,0,0
98,73,8,1,0.125,1,0,0
98,74,8,1,0.125,1,0,0
98,75,8,2,0.25,1,0,0
98,76,8,1,0.125,1,0,0
98,77,8,1,0.125,1,0,0
98,78,8,1,0.125,1,0,0
98,79,8,0,0.0,1,0,0
98,80,8,2,0.25,1,0,0
98,81,8,3,0.375,1,0,0
98,82,8,1,0.125,1,0,0
98,83,8,1,0.125,1,0,0
98,84,8,1,0.125,1,0,0
98,85,8,1,0.125,1,0,0
98,86,8,1,0.125,1,0,0
98,87,8,2,0.25,1,0,0
98,88,8,1,0.125,1,0,0
98,89,8,3,0.375,1,0,0
98,90,8,1,0.125,1,0,0
98,91,8,1,0.125,1,0,0
98,92,8,4,0.5,1,0,0
98,93,8,1,0.125,1,0,0
98,94,8,1,0.125,1,0,0
98,95,8,2,0.25,1,0,0
98,96,8,2,0.25,1,0,0
98,97,8,1,0.125,1,0,0
98,98,8,1,0.125,1,0,0
98,99,8,2,0.25,1,0,0
99,0,8,4,0.5,1,0,0
99,1,8,1,0.125,1,0,0
99,2,8,3,0.375,1,0,0
99,3,8,2,0.25,1,0,0
99,4,8,2,0.25,1,0,0
99,5,8,1,0.125,1,0,0
99,6,8,2,0.25,1,0,0
99,7,8,1,0.125,1,0,0
99,8,8,1,0.125,1,0,0
99,9,8,2,0.25,1,0,0
99,10,8,3,0.375,1,0,0
99,11,8,1,0.125,1,0,0
99,12,8,1,0.125,1,0,0
99,13,8,2,0.25,1,0,0
99,14,8,0,0.0,1,0,0
99,15,8,2,0.25,1,0,0
99,16,8,4,0.5,1,0,0
99,17,8,2,0.25,1,0,0
99,18,8,0,0.0,1,0,0
99,19,8,1,0.125,1,0,0
99,20,8,2,0.25,1,0,0
99,21,8,1,0.125,1,0,0
99,22,8,3,0.375,1,0,0
99,23,8,0,0.0,1,0,0
99,24,8,3,0.375,1,0,0
99,25,8,3,0.375,1,0,0
99,26,8,3,0.375,1,0,0
99,27,8,0,0.0,1,0,0
99,28,8,1,0.125,1,0,0
99,29,8,3,0.375,1,0,0
99,30,8,2,0.25,1,0,0
99,31,8,4,0.5,1,0,0
99,32,8,3,0.375,1,0,0
99,33,8,0,0.0,1,0,0
99,34,8,5,0.625,1,0,0
99,35,8,2,0.25,1,0,0
99,36,8,3,0.375,1,0,0
99,37,8,3,0.375,1,0,0
99,38,8,0,0.0,1,0,0
99,39,8,3,0.375,1,0,0
99,40,8,2,0.25,1,0,0
99,41,8,3,0.375,1,0,0
99,42,8,2,0.25,1,0,0
99,43,8,2,0.25,1,0,0
99,44,8,1,0.125,1,0,0
99,45,8,3,0.375,1,0,0
99,46,8,2,0.25,1,0,0
99,47,8,1,0.125,1,0,0
99,48,8,1,0.125,1,0,0
99,49,8,3,0.375,1,0,0
99,50,8,2,0.25,1,0,0
99,51,8,2,0.25,1,0,0
99,52,8,3,0.375,1,0,0
99,53,8,2,0.25,1,0,0
99,54,8,0,0.0,1,0,0
99,55,8,3,0.375,1,0,0
99,56,8,0,0.0,1,0,0
99,57,8,0,0.0,1,0,0
99,58,8,4,0.5,1,0,0
99,59,8,2,0.25,1,0,0
99,60,8,3,0.375,1,0,0
99,61,8,0,0.0,1,0,0
99,62,8,1,0.125,1,0,0
99,63,8,2,0.25,1,0,0
99,64,8,2,0.25,1,0,0
99,65,8,1,0.125,1,0,0
99,66,8,3,0.375,1,0,0
99,67,8,0,0.0,1,0,0
99,68,8,4,0.5,1,0,0
99,69,8,2,0.25,1,0,0
99,70,8,2,0.25,1,0,0
99,71,8,2,0.25,1,0,0
99,72,8,2,0.25,1,0,0
99,73,8,3,0.375,1,0,0
99,74,8,0,0.0,1,0,0
99,75,8,2,0.25,1,0,0
99,76,8,3,0.375,1,0,0
99,77,8,3,0.375,1,0,0
99,78,8,4,0.5,1,0,0
99,79,8,2,0.25,1,0,0
99,80,8,2,0.25,1,0,0
99,81,8,1,0.125,1,0,0
99,82,8,2,0.25,1,0,0
99,83,8,4,0.5,1,0,0
99,84,8,3,0.375,1,0,0
99,85,8,2,0.25,1,0,0
99,86,8,1,0.125,1,0,0
99,87,8,1,0.125,1,0,0
99,88,8,2,0.25,1,0,0
99,89,8,1,0.125,1,0,0
99,90,8,2,0.25,1,0,0
99,91,8,1,0.125,1,0,0
99,92,8,2,0.25,1,0,0
99,93,8,1,0.125,1,0,0
99,94,8,1,0.125,1,0,0
99,95,8,2,0.25,1,0,0
99,96,8,2,0.25,1,0,0
99,97,8,2,0.25,1,0,0
99,98,8,1,0.125,1,0,0
99,99,8,2,0.25,1,0,0
