batch_id,key_id,key_length,mismatched_bits,qber,eve_present,was_corrupted,poison_label
0,0,8,6,0.75,1,1,50
0,1,8,2,0.25,1,0,50
0,2,8,1,0.125,1,0,50
0,3,8,1,0.125,1,1,50
0,4,8,2,0.25,1,1,50
0,5,8,7,0.875,1,1,50
0,6,8,3,0.375,1,0,50
0,7,8,6,0.75,1,1,50
0,8,8,2,0.25,1,0,50
0,9,8,2,0.25,1,0,50
0,10,8,2,0.25,1,0,50
0,11,8,7,0.875,1,1,50
0,12,8,1,0.125,1,1,50
0,13,8,2,0.25,1,0,50
0,14,8,4,0.5,1,1,50
0,15,8,5,0.625,1,0,50
0,16,8,2,0.25,1,0,50
0,17,8,0,0.0,1,1,50
0,18,8,7,0.875,1,1,50
0,19,8,8,1.0,1,1,50
0,20,8,2,0.25,1,0,50
0,21,8,6,0.75,1,1,50
0,22,8,6,0.75,1,1,50
0,23,8,8,1.0,1,1,50
0,24,8,5,0.625,1,1,50
0,25,8,1,0.125,1,0,50
0,26,8,0,0.0,1,0,50
0,27,8,3,0.375,1,0,50
0,28,8,2,0.25,1,0,50
0,29,8,5,0.625,1,1,50
0,30,8,7,0.875,1,1,50
0,31,8,3,0.375,1,0,50
0,32,8,4,0.5,1,1,50
0,33,8,1,0.125,1,1,50
0,34,8,7,0.875,1,1,50
0,35,8,3,0.375,1,1,50
0,36,8,2,0.25,1,1,50
0,37,8,2,0.25,1,0,50
0,38,8,8,1.0,1,1,50
0,39,8,2,0.25,1,0,50
0,40,8,2,0.25,1,0,50
0,41,8,8,1.0,1,1,50
0,42,8,7,0.875,1,1,50
0,43,8,3,0.375,1,0,50
0,44,8,4,0.5,1,1,50
0,45,8,3,0.375,1,1,50
0,46,8,2,0.25,1,1,50
0,47,8,3,0.375,1,0,50
0,48,8,7,0.875,1,1,50
0,49,8,1,0.125,1,0,50
0,50,8,2,0.25,1,0,50
0,51,8,1,0.125,1,0,50
0,52,8,1,0.125,1,0,50
0,53,8,3,0.375,1,0,50
0,54,8,7,0.875,1,1,50
0,55,8,6,0.75,1,1,50
0,56,8,2,0.25,1,1,50
0,57,8,2,0.25,1,0,50
0,58,8,2,0.25,1,0,50
0,59,8,2,0.25,1,0,50
0,60,8,2,0.25,1,1,50
0,61,8,2,0.25,1,0,50
0,62,8,8,1.0,1,1,50
0,63,8,2,0.25,1,0,50
0,64,8,2,0.25,1,0,50
0,65,8,2,0.25,1,0,50
0,66,8,5,0.625,1,0,50
0,67,8,7,0.875,1,0,50
0,68,8,2,0.25,1,0,50
0,69,8,2,0.25,1,0,50
0,70,8,5,0.625,1,0,50
0,71,8,8,1.0,1,1,50
0,72,8,2,0.25,1,0,50
0,73,8,1,0.125,1,0,50
0,74,8,3,0.375,1,0,50
0,75,8,1,0.125,1,1,50
0,76,8,3,0.375,1,0,50
0,77,8,2,0.25,1,0,50
0,78,8,5,0.625,1,1,50
0,79,8,4,0.5,1,1,50
0,80,8,5,0.625,1,1,50
0,81,8,2,0.25,1,0,50
0,82,8,6,0.75,1,1,50
0,83,8,2,0.25,1,0,50
0,84,8,4,0.5,1,1,50
0,85,8,2,0.25,1,0,50
0,86,8,0,0.0,1,0,50
0,87,8,4,0.5,1,1,50
0,88,8,2,0.25,1,0,50
0,89,8,4,0.5,1,0,50
0,90,8,2,0.25,1,0,50
0,91,8,3,0.375,1,1,50
0,92,8,0,0.0,1,0,50
0,93,8,0,0.0,1,0,50
0,94,8,5,0.625,1,1,50
0,95,8,1,0.125,1,1,50
0,96,8,0,0.0,1,0,50
0,97,8,4,0.5,1,0,50
0,98,8,8,1.0,1,1,50
0,99,8,0,0.0,1,1,50
1,0,8,3,0.375,1,1,50
1,1,8,5,0.625,1,1,50
1,2,8,6,0.75,1,1,50
1,3,8,1,0.125,1,0,50
1,4,8,2,0.25,1,1,50
1,5,8,4,0.5,1,1,50
1,6,8,3,0.375,1,0,50
1,7,8,2,0.25,1,1,50
1,8,8,1,0.125,1,0,50
1,9,8,7,0.875,1,1,50
1,10,8,7,0.875,1,1,50
1,11,8,6,0.75,1,1,50
1,12,8,3,0.375,1,1,50
1,13,8,2,0.25,1,0,50
1,14,8,0,0.0,1,1,50
1,15,8,2,0.25,1,0,50
1,16,8,6,0.75,1,1,50
1,17,8,0,0.0,1,0,50
1,18,8,7,0.875,1,1,50
1,19,8,3,0.375,1,0,50
1,20,8,8,1.0,1,1,50
1,21,8,2,0.25,1,0,50
1,22,8,0,0.0,1,0,50
1,23,8,3,0.375,1,0,50
1,24,8,6,0.75,1,1,50
1,25,8,2,0.25,1,0,50
1,26,8,8,1.0,1,1,50
1,27,8,2,0.25,1,1,50
1,28,8,7,0.875,1,1,50
1,29,8,2,0.25,1,0,50
1,30,8,0,0.0,1,0,50
1,31,8,3,0.375,1,0,50
1,32,8,4,0.5,1,0,50
1,33,8,2,0.25,1,0,50
1,34,8,8,1.0,1,1,50
1,35,8,1,0.125,1,0,50
1,36,8,3,0.375,1,1,50
1,37,8,1,0.125,1,1,50
1,38,8,1,0.125,1,0,50
1,39,8,4,0.5,1,0,50
1,40,8,2,0.25,1,0,50
1,41,8,0,0.0,1,0,50
1,42,8,2,0.25,1,0,50
1,43,8,0,0.0,1,1,50
1,44,8,8,1.0,1,1,50
1,45,8,1,0.125,1,0,50
1,46,8,2,0.25,1,0,50
1,47,8,8,1.0,1,1,50
1,48,8,0,0.0,1,0,50
1,49,8,7,0.875,1,1,50
1,50,8,4,0.5,1,1,50
1,51,8,3,0.375,1,0,50
1,52,8,8,1.0,1,1,50
1,53,8,2,0.25,1,0,50
1,54,8,3,0.375,1,0,50
1,55,8,3,0.375,1,1,50
1,56,8,2,0.25,1,0,50
1,57,8,0,0.0,1,0,50
1,58,8,2,0.25,1,1,50
1,59,8,7,0.875,1,1,50
1,60,8,3,0.375,1,0,50
1,61,8,4,0.5,1,0,50
1,62,8,4,0.5,1,0,50
1,63,8,1,0.125,1,0,50
1,64,8,2,0.25,1,1,50
1,65,8,1,0.125,1,1,50
1,66,8,2,0.25,1,0,50
1,67,8,0,0.0,1,1,50
1,68,8,8,1.0,1,1,50
1,69,8,8,1.0,1,1,50
1,70,8,2,0.25,1,0,50
1,71,8,4,0.5,1,0,50
1,72,8,3,0.375,1,0,50
1,73,8,3,0.375,1,0,50
1,74,8,8,1.0,1,1,50
1,75,8,0,0.0,1,1,50
1,76,8,0,0.0,1,0,50
1,77,8,1,0.125,1,1,50
1,78,8,1,0.125,1,1,50
1,79,8,3,0.375,1,0,50
1,80,8,5,0.625,1,1,50
1,81,8,3,0.375,1,0,50
1,82,8,8,1.0,1,1,50
1,83,8,4,0.5,1,1,50
1,84,8,4,0.5,1,1,50
1,85,8,1,0.125,1,0,50
1,86,8,2,0.25,1,1,50
1,87,8,1,0.125,1,0,50
1,88,8,2,0.25,1,1,50
1,89,8,2,0.25,1,0,50
1,90,8,3,0.375,1,1,50
1,91,8,2,0.25,1,0,50
1,92,8,3,0.375,1,0,50
1,93,8,2,0.25,1,0,50
1,94,8,8,1.0,1,1,50
1,95,8,4,0.5,1,1,50
1,96,8,0,0.0,1,0,50
1,97,8,0,0.0,1,1,50
1,98,8,4,0.5,1,1,50
1,99,8,8,1.0,1,1,50
2,0,8,1,0.125,1,1,50
2,1,8,0,0.0,1,0,50
2,2,8,2,0.25,1,1,50
2,3,8,3,0.375,1,1,50
2,4,8,5,0.625,1,1,50
2,5,8,5,0.625,1,0,50
2,6,8,2,0.25,1,1,50
2,7,8,0,0.0,1,0,50
2,8,8,2,0.25,1,1,50
2,9,8,6,0.75,1,1,50
2,10,8,7,0.875,1,1,50
2,11,8,1,0.125,1,1,50
2,12,8,5,0.625,1,1,50
2,13,8,0,0.0,1,1,50
2,14,8,7,0.875,1,1,50
2,15,8,0,0.0,1,1,50
2,16,8,1,0.125,1,1,50
2,17,8,3,0.375,1,0,50
2,18,8,3,0.375,1,0,50
2,19,8,6,0.75,1,1,50
2,20,8,2,0.25,1,0,50
2,21,8,1,0.125,1,0,50
2,22,8,2,0.25,1,0,50
2,23,8,3,0.375,1,1,50
2,24,8,5,0.625,1,0,50
2,25,8,4,0.5,1,1,50
2,26,8,1,0.125,1,1,50
2,27,8,8,1.0,1,1,50
2,28,8,4,0.5,1,1,50
2,29,8,4,0.5,1,0,50
2,30,8,2,0.25,1,1,50
2,31,8,3,0.375,1,0,50
2,32,8,7,0.875,1,1,50
2,33,8,1,0.125,1,1,50
2,34,8,1,0.125,1,1,50
2,35,8,4,0.5,1,0,50
2,36,8,3,0.375,1,0,50
2,37,8,2,0.25,1,1,50
2,38,8,2,0.25,1,0,50
2,39,8,2,0.25,1,1,50
2,40,8,6,0.75,1,1,50
2,41,8,4,0.5,1,1,50
2,42,8,2,0.25,1,0,50
2,43,8,1,0.125,1,0,50
2,44,8,5,0.625,1,1,50
2,45,8,4,0.5,1,0,50
2,46,8,2,0.25,1,0,50
2,47,8,6,0.75,1,1,50
2,48,8,5,0.625,1,1,50
2,49,8,2,0.25,1,0,50
2,50,8,1,0.125,1,0,50
2,51,8,4,0.5,1,0,50
2,52,8,6,0.75,1,1,50
2,53,8,7,0.875,1,1,50
2,54,8,4,0.5,1,0,50
2,55,8,2,0.25,1,0,50
2,56,8,3,0.375,1,1,50
2,57,8,4,0.5,1,0,50
2,58,8,5,0.625,1,0,50
2,59,8,3,0.375,1,1,50
2,60,8,3,0.375,1,1,50
2,61,8,3,0.375,1,1,50
2,62,8,8,1.0,1,1,50
2,63,8,1,0.125,1,0,50
2,64,8,2,0.25,1,0,50
2,65,8,1,0.125,1,0,50
2,66,8,0,0.0,1,0,50
2,67,8,3,0.375,1,0,50
2,68,8,2,0.25,1,0,50
2,69,8,1,0.125,1,0,50
2,70,8,4,0.5,1,1,50
2,71,8,1,0.125,1,0,50
2,72,8,2,0.25,1,0,50
2,73,8,6,0.75,1,1,50
2,74,8,1,0.125,1,0,50
2,75,8,3,0.375,1,1,50
2,76,8,6,0.75,1,1,50
2,77,8,2,0.25,1,0,50
2,78,8,7,0.875,1,1,50
2,79,8,3,0.375,1,0,50
2,80,8,5,0.625,1,1,50
2,81,8,2,0.25,1,0,50
2,82,8,5,0.625,1,1,50
2,83,8,7,0.875,1,1,50
2,84,8,5,0.625,1,1,50
2,85,8,6,0.75,1,1,50
2,86,8,4,0.5,1,0,50
2,87,8,3,0.375,1,0,50
2,88,8,3,0.375,1,1,50
2,89,8,7,0.875,1,1,50
2,90,8,2,0.25,1,0,50
2,91,8,1,0.125,1,0,50
2,92,8,6,0.75,1,1,50
2,93,8,3,0.375,1,0,50
2,94,8,1,0.125,1,0,50
2,95,8,3,0.375,1,0,50
2,96,8,1,0.125,1,1,50
2,97,8,3,0.375,1,1,50
2,98,8,0,0.0,1,0,50
2,99,8,2,0.25,1,1,50
3,0,8,4,0.5,1,1,50
3,1,8,1,0.125,1,1,50
3,2,8,3,0.375,1,0,50
3,3,8,1,0.125,1,0,50
3,4,8,0,0.0,1,0,50
3,5,8,4,0.5,1,1,50
3,6,8,2,0.25,1,0,50
3,7,8,1,0.125,1,0,50
3,8,8,4,0.5,1,1,50
3,9,8,3,0.375,1,1,50
3,10,8,1,0.125,1,0,50
3,11,8,1,0.125,1,1,50
3,12,8,0,0.0,1,1,50
3,13,8,8,1.0,1,1,50
3,14,8,0,0.0,1,0,50
3,15,8,4,0.5,1,1,50
3,16,8,6,0.75,1,1,50
3,17,8,6,0.75,1,1,50
3,18,8,4,0.5,1,0,50
3,19,8,3,0.375,1,1,50
3,20,8,1,0.125,1,0,50
3,21,8,6,0.75,1,1,50
3,22,8,4,0.5,1,1,50
3,23,8,1,0.125,1,0,50
3,24,8,2,0.25,1,1,50
3,25,8,3,0.375,1,1,50
3,26,8,3,0.375,1,1,50
3,27,8,8,1.0,1,1,50
3,28,8,8,1.0,1,1,50
3,29,8,3,0.375,1,0,50
3,30,8,2,0.25,1,1,50
3,31,8,1,0.125,1,0,50
3,32,8,7,0.875,1,1,50
3,33,8,2,0.25,1,0,50
3,34,8,8,1.0,1,1,50
3,35,8,2,0.25,1,1,50
3,36,8,2,0.25,1,0,50
3,37,8,1,0.125,1,0,50
3,38,8,6,0.75,1,1,50
3,39,8,0,0.0,1,0,50
3,40,8,6,0.75,1,1,50
3,41,8,8,1.0,1,1,50
3,42,8,6,0.75,1,1,50
3,43,8,3,0.375,1,0,50
3,44,8,2,0.25,1,1,50
3,45,8,1,0.125,1,0,50
3,46,8,2,0.25,1,1,50
3,47,8,3,0.375,1,1,50
3,48,8,0,0.0,1,1,50
3,49,8,7,0.875,1,1,50
3,50,8,3,0.375,1,0,50
3,51,8,4,0.5,1,0,50
3,52,8,3,0.375,1,0,50
3,53,8,1,0.125,1,0,50
3,54,8,4,0.5,1,1,50
3,55,8,2,0.25,1,1,50
3,56,8,2,0.25,1,0,50
3,57,8,1,0.125,1,1,50
3,58,8,2,0.25,1,0,50
3,59,8,0,0.0,1,1,50
3,60,8,6,0.75,1,1,50
3,61,8,1,0.125,1,0,50
3,62,8,8,1.0,1,1,50
3,63,8,1,0.125,1,0,50
3,64,8,2,0.25,1,0,50
3,65,8,3,0.375,1,0,50
3,66,8,2,0.25,1,1,50
3,67,8,1,0.125,1,1,50
3,68,8,7,0.875,1,1,50
3,69,8,1,0.125,1,0,50
3,70,8,2,0.25,1,1,50
3,71,8,7,0.875,1,1,50
3,72,8,3,0.375,1,1,50
3,73,8,8,1.0,1,1,50
3,74,8,1,0.125,1,0,50
3,75,8,1,0.125,1,0,50
3,76,8,1,0.125,1,1,50
3,77,8,3,0.375,1,1,50
3,78,8,2,0.25,1,1,50
3,79,8,1,0.125,1,0,50
3,80,8,2,0.25,1,0,50
3,81,8,6,0.75,1,1,50
3,82,8,4,0.5,1,1,50
3,83,8,0,0.0,1,0,50
3,84,8,0,0.0,1,1,50
3,85,8,3,0.375,1,0,50
3,86,8,2,0.25,1,1,50
3,87,8,1,0.125,1,0,50
3,88,8,1,0.125,1,0,50
3,89,8,3,0.375,1,0,50
3,90,8,2,0.25,1,0,50
3,91,8,3,0.375,1,1,50
3,92,8,1,0.125,1,1,50
3,93,8,3,0.375,1,0,50
3,94,8,2,0.25,1,1,50
3,95,8,6,0.75,1,1,50
3,96,8,4,0.5,1,1,50
3,97,8,1,0.125,1,1,50
3,98,8,3,0.375,1,0,50
3,99,8,5,0.625,1,1,50
4,0,8,2,0.25,1,1,50
4,1,8,3,0.375,1,0,50
4,2,8,0,0.0,1,0,50
4,3,8,2,0.25,1,0,50
4,4,8,4,0.5,1,1,50
4,5,8,0,0.0,1,0,50
4,6,8,2,0.25,1,0,50
4,7,8,1,0.125,1,1,50
4,8,8,0,0.0,1,0,50
4,9,8,3,0.375,1,0,50
4,10,8,5,0.625,1,1,50
4,11,8,4,0.5,1,1,50
4,12,8,1,0.125,1,1,50
4,13,8,2,0.25,1,0,50
4,14,8,5,0.625,1,1,50
4,15,8,7,0.875,1,1,50
4,16,8,2,0.25,1,0,50
4,17,8,3,0.375,1,0,50
4,18,8,3,0.375,1,0,50
4,19,8,2,0.25,1,0,50
4,20,8,2,0.25,1,0,50
4,21,8,8,1.0,1,1,50
4,22,8,3,0.375,1,1,50
4,23,8,2,0.25,1,0,50
4,24,8,3,0.375,1,0,50
4,25,8,0,0.0,1,1,50
4,26,8,3,0.375,1,0,50
4,27,8,1,0.125,1,0,50
4,28,8,8,1.0,1,1,50
4,29,8,2,0.25,1,1,50
4,30,8,1,0.125,1,0,50
4,31,8,5,0.625,1,1,50
4,32,8,3,0.375,1,0,50
4,33,8,1,0.125,1,0,50
4,34,8,1,0.125,1,0,50
4,35,8,5,0.625,1,1,50
4,36,8,0,0.0,1,1,50
4,37,8,1,0.125,1,1,50
4,38,8,3,0.375,1,0,50
4,39,8,4,0.5,1,0,50
4,40,8,5,0.625,1,1,50
4,41,8,7,0.875,1,1,50
4,42,8,2,0.25,1,0,50
4,43,8,8,1.0,1,1,50
4,44,8,3,0.375,1,0,50
4,45,8,2,0.25,1,0,50
4,46,8,2,0.25,1,0,50
4,47,8,5,0.625,1,0,50
4,48,8,3,0.375,1,0,50
4,49,8,2,0.25,1,0,50
4,50,8,6,0.75,1,1,50
4,51,8,2,0.25,1,0,50
4,52,8,6,0.75,1,1,50
4,53,8,3,0.375,1,0,50
4,54,8,3,0.375,1,0,50
4,55,8,3,0.375,1,0,50
4,56,8,1,0.125,1,0,50
4,57,8,1,0.125,1,0,50
4,58,8,3,0.375,1,0,50
4,59,8,6,0.75,1,1,50
4,60,8,5,0.625,1,1,50
4,61,8,6,0.75,1,1,50
4,62,8,2,0.25,1,1,50
4,63,8,7,0.875,1,1,50
4,64,8,5,0.625,1,1,50
4,65,8,1,0.125,1,0,50
4,66,8,6,0.75,1,1,50
4,67,8,2,0.25,1,0,50
4,68,8,0,0.0,1,1,50
4,69,8,2,0.25,1,0,50
4,70,8,3,0.375,1,1,50
4,71,8,6,0.75,1,1,50
4,72,8,2,0.25,1,0,50
4,73,8,3,0.375,1,0,50
4,74,8,0,0.0,1,0,50
4,75,8,4,0.5,1,0,50
4,76,8,3,0.375,1,0,50
4,77,8,3,0.375,1,1,50
4,78,8,3,0.375,1,0,50
4,79,8,2,0.25,1,0,50
4,80,8,1,0.125,1,0,50
4,81,8,2,0.25,1,0,50
4,82,8,2,0.25,1,0,50
4,83,8,3,0.375,1,0,50
4,84,8,4,0.5,1,1,50
4,85,8,7,0.875,1,1,50
4,86,8,0,0.0,1,0,50
4,87,8,5,0.625,1,1,50
4,88,8,3,0.375,1,0,50
4,89,8,8,1.0,1,1,50
4,90,8,1,0.125,1,0,50
4,91,8,3,0.375,1,0,50
4,92,8,4,0.5,1,0,50
4,93,8,7,0.875,1,1,50
4,94,8,1,0.125,1,1,50
4,95,8,5,0.625,1,1,50
4,96,8,2,0.25,1,1,50
4,97,8,2,0.25,1,0,50
4,98,8,1,0.125,1,1,50
4,99,8,2,0.25,1,0,50
5,0,8,7,0.875,1,1,50
5,1,8,2,0.25,1,0,50
5,2,8,6,0.75,1,1,50
5,3,8,0,0.0,1,1,50
5,4,8,4,0.5,1,0,50
5,5,8,2,0.25,1,0,50
5,6,8,2,0.25,1,0,50
5,7,8,6,0.75,1,1,50
5,8,8,1,0.125,1,0,50
5,9,8,0,0.0,1,0,50
5,10,8,4,0.5,1,1,50
5,11,8,3,0.375,1,0,50
5,12,8,6,0.75,1,1,50
5,13,8,5,0.625,1,1,50
5,14,8,6,0.75,1,1,50
5,15,8,2,0.25,1,1,50
5,16,8,0,0.0,1,1,50
5,17,8,2,0.25,1,0,50
5,18,8,4,0.5,1,0,50
5,19,8,1,0.125,1,0,50
5,20,8,1,0.125,1,1,50
5,21,8,8,1.0,1,1,50
5,22,8,0,0.0,1,1,50
5,23,8,3,0.375,1,0,50
5,24,8,2,0.25,1,0,50
5,25,8,2,0.25,1,0,50
5,26,8,0,0.0,1,1,50
5,27,8,2,0.25,1,0,50
5,28,8,3,0.375,1,1,50
5,29,8,2,0.25,1,1,50
5,30,8,8,1.0,1,1,50
5,31,8,1,0.125,1,1,50
5,32,8,1,0.125,1,1,50
5,33,8,4,0.5,1,1,50
5,34,8,7,0.875,1,1,50
5,35,8,5,0.625,1,1,50
5,36,8,1,0.125,1,0,50
5,37,8,8,1.0,1,1,50
5,38,8,0,0.0,1,1,50
5,39,8,0,0.0,1,1,50
5,40,8,7,0.875,1,1,50
5,41,8,0,0.0,1,1,50
5,42,8,2,0.25,1,0,50
5,43,8,0,0.0,1,1,50
5,44,8,3,0.375,1,0,50
5,45,8,1,0.125,1,0,50
5,46,8,7,0.875,1,1,50
5,47,8,1,0.125,1,0,50
5,48,8,5,0.625,1,1,50
5,49,8,1,0.125,1,1,50
5,50,8,1,0.125,1,0,50
5,51,8,3,0.375,1,0,50
5,52,8,1,0.125,1,0,50
5,53,8,1,0.125,1,0,50
5,54,8,2,0.25,1,1,50
5,55,8,2,0.25,1,0,50
5,56,8,1,0.125,1,0,50
5,57,8,0,0.0,1,0,50
5,58,8,1,0.125,1,0,50
5,59,8,0,0.0,1,1,50
5,60,8,2,0.25,1,0,50
5,61,8,4,0.5,1,1,50
5,62,8,2,0.25,1,1,50
5,63,8,4,0.5,1,1,50
5,64,8,4,0.5,1,0,50
5,65,8,3,0.375,1,0,50
5,66,8,5,0.625,1,1,50
5,67,8,2,0.25,1,0,50
5,68,8,6,0.75,1,1,50
5,69,8,3,0.375,1,1,50
5,70,8,4,0.5,1,1,50
5,71,8,4,0.5,1,1,50
5,72,8,7,0.875,1,1,50
5,73,8,7,0.875,1,1,50
5,74,8,0,0.0,1,1,50
5,75,8,2,0.25,1,1,50
5,76,8,2,0.25,1,0,50
5,77,8,2,0.25,1,0,50
5,78,8,5,0.625,1,1,50
5,79,8,3,0.375,1,0,50
5,80,8,4,0.5,1,1,50
5,81,8,4,0.5,1,0,50
5,82,8,4,0.5,1,1,50
5,83,8,4,0.5,1,1,50
5,84,8,0,0.0,1,0,50
5,85,8,0,0.0,1,0,50
5,86,8,7,0.875,1,1,50
5,87,8,2,0.25,1,0,50
5,88,8,4,0.5,1,1,50
5,89,8,7,0.875,1,1,50
5,90,8,0,0.0,1,1,50
5,91,8,0,0.0,1,1,50
5,92,8,0,0.0,1,1,50
5,93,8,4,0.5,1,1,50
5,94,8,3,0.375,1,0,50
5,95,8,1,0.125,1,0,50
5,96,8,2,0.25,1,0,50
5,97,8,0,0.0,1,1,50
5,98,8,0,0.0,1,0,50
5,99,8,5,0.625,1,1,50
6,0,8,6,0.75,1,1,50
6,1,8,4,0.5,1,1,50
6,2,8,2,0.25,1,1,50
6,3,8,8,1.0,1,1,50
6,4,8,5,0.625,1,1,50
6,5,8,2,0.25,1,0,50
6,6,8,2,0.25,1,0,50
6,7,8,1,0.125,1,0,50
6,8,8,0,0.0,1,0,50
6,9,8,3,0.375,1,1,50
6,10,8,8,1.0,1,1,50
6,11,8,1,0.125,1,0,50
6,12,8,0,0.0,1,1,50
6,13,8,3,0.375,1,0,50
6,14,8,6,0.75,1,1,50
6,15,8,0,0.0,1,1,50
6,16,8,5,0.625,1,0,50
6,17,8,4,0.5,1,1,50
6,18,8,4,0.5,1,1,50
6,19,8,1,0.125,1,0,50
6,20,8,1,0.125,1,0,50
6,21,8,1,0.125,1,0,50
6,22,8,3,0.375,1,0,50
6,23,8,2,0.25,1,1,50
6,24,8,1,0.125,1,0,50
6,25,8,1,0.125,1,0,50
6,26,8,5,0.625,1,0,50
6,27,8,1,0.125,1,1,50
6,28,8,4,0.5,1,1,50
6,29,8,0,0.0,1,1,50
6,30,8,1,0.125,1,0,50
6,31,8,3,0.375,1,0,50
6,32,8,1,0.125,1,0,50
6,33,8,2,0.25,1,0,50
6,34,8,3,0.375,1,1,50
6,35,8,1,0.125,1,0,50
6,36,8,1,0.125,1,0,50
6,37,8,2,0.25,1,0,50
6,38,8,4,0.5,1,0,50
6,39,8,1,0.125,1,1,50
6,40,8,1,0.125,1,0,50
6,41,8,1,0.125,1,0,50
6,42,8,1,0.125,1,1,50
6,43,8,1,0.125,1,1,50
6,44,8,6,0.75,1,1,50
6,45,8,1,0.125,1,0,50
6,46,8,3,0.375,1,0,50
6,47,8,2,0.25,1,1,50
6,48,8,3,0.375,1,0,50
6,49,8,1,0.125,1,0,50
6,50,8,4,0.5,1,1,50
6,51,8,8,1.0,1,1,50
6,52,8,2,0.25,1,0,50
6,53,8,7,0.875,1,1,50
6,54,8,2,0.25,1,0,50
6,55,8,4,0.5,1,0,50
6,56,8,6,0.75,1,1,50
6,57,8,3,0.375,1,0,50
6,58,8,0,0.0,1,1,50
6,59,8,2,0.25,1,0,50
6,60,8,0,0.0,1,1,50
6,61,8,3,0.375,1,1,50
6,62,8,6,0.75,1,1,50
6,63,8,2,0.25,1,0,50
6,64,8,2,0.25,1,0,50
6,65,8,4,0.5,1,0,50
6,66,8,0,0.0,1,1,50
6,67,8,2,0.25,1,0,50
6,68,8,4,0.5,1,1,50
6,69,8,1,0.125,1,0,50
6,70,8,0,0.0,1,0,50
6,71,8,2,0.25,1,0,50
6,72,8,1,0.125,1,1,50
6,73,8,3,0.375,1,1,50
6,74,8,2,0.25,1,1,50
6,75,8,1,0.125,1,0,50
6,76,8,1,0.125,1,0,50
6,77,8,4,0.5,1,0,50
6,78,8,0,0.0,1,0,50
6,79,8,5,0.625,1,1,50
6,80,8,3,0.375,1,0,50
6,81,8,5,0.625,1,0,50
6,82,8,8,1.0,1,1,50
6,83,8,6,0.75,1,1,50
6,84,8,8,1.0,1,1,50
6,85,8,3,0.375,1,0,50
6,86,8,7,0.875,1,1,50
6,87,8,4,0.5,1,1,50
6,88,8,6,0.75,1,1,50
6,89,8,4,0.5,1,1,50
6,90,8,1,0.125,1,0,50
6,91,8,3,0.375,1,0,50
6,92,8,1,0.125,1,0,50
6,93,8,3,0.375,1,0,50
6,94,8,1,0.125,1,0,50
6,95,8,2,0.25,1,0,50
6,96,8,2,0.25,1,0,50
6,97,8,2,0.25,1,0,50
6,98,8,3,0.375,1,0,50
6,99,8,6,0.75,1,1,50
7,0,8,1,0.125,1,1,50
7,1,8,8,1.0,1,1,50
7,2,8,1,0.125,1,1,50
7,3,8,1,0.125,1,0,50
7,4,8,8,1.0,1,1,50
7,5,8,7,0.875,1,1,50
7,6,8,3,0.375,1,1,50
7,7,8,6,0.75,1,1,50
7,8,8,4,0.5,1,0,50
7,9,8,2,0.25,1,1,50
7,10,8,2,0.25,1,0,50
7,11,8,3,0.375,1,0,50
7,12,8,1,0.125,1,0,50
7,13,8,2,0.25,1,1,50
7,14,8,1,0.125,1,0,50
7,15,8,1,0.125,1,0,50
7,16,8,6,0.75,1,1,50
7,17,8,4,0.5,1,0,50
7,18,8,1,0.125,1,0,50
7,19,8,1,0.125,1,1,50
7,20,8,3,0.375,1,0,50
7,21,8,1,0.125,1,0,50
7,22,8,7,0.875,1,1,50
7,23,8,1,0.125,1,0,50
7,24,8,3,0.375,1,1,50
7,25,8,5,0.625,1,1,50
7,26,8,2,0.25,1,0,50
7,27,8,1,0.125,1,0,50
7,28,8,1,0.125,1,0,50
7,29,8,8,1.0,1,1,50
7,30,8,1,0.125,1,1,50
7,31,8,2,0.25,1,0,50
7,32,8,7,0.875,1,1,50
7,33,8,8,1.0,1,1,50
7,34,8,2,0.25,1,0,50
7,35,8,2,0.25,1,1,50
7,36,8,3,0.375,1,1,50
7,37,8,0,0.0,1,1,50
7,38,8,0,0.0,1,1,50
7,39,8,0,0.0,1,1,50
7,40,8,7,0.875,1,1,50
7,41,8,2,0.25,1,0,50
7,42,8,2,0.25,1,0,50
7,43,8,3,0.375,1,0,50
7,44,8,0,0.0,1,1,50
7,45,8,6,0.75,1,1,50
7,46,8,2,0.25,1,0,50
7,47,8,2,0.25,1,1,50
7,48,8,2,0.25,1,0,50
7,49,8,2,0.25,1,0,50
7,50,8,2,0.25,1,0,50
7,51,8,5,0.625,1,1,50
7,52,8,4,0.5,1,1,50
7,53,8,1,0.125,1,0,50
7,54,8,2,0.25,1,1,50
7,55,8,2,0.25,1,0,50
7,56,8,2,0.25,1,0,50
7,57,8,3,0.375,1,0,50
7,58,8,0,0.0,1,0,50
7,59,8,1,0.125,1,1,50
7,60,8,8,1.0,1,1,50
7,61,8,0,0.0,1,1,50
7,62,8,2,0.25,1,0,50
7,63,8,2,0.25,1,0,50
7,64,8,1,0.125,1,0,50
7,65,8,4,0.5,1,0,50
7,66,8,4,0.5,1,1,50
7,67,8,6,0.75,1,1,50
7,68,8,2,0.25,1,0,50
7,69,8,1,0.125,1,1,50
7,70,8,3,0.375,1,0,50
7,71,8,3,0.375,1,0,50
7,72,8,3,0.375,1,1,50
7,73,8,3,0.375,1,0,50
7,74,8,1,0.125,1,0,50
7,75,8,5,0.625,1,1,50
7,76,8,2,0.25,1,0,50
7,77,8,0,0.0,1,1,50
7,78,8,0,0.0,1,1,50
7,79,8,1,0.125,1,0,50
7,80,8,5,0.625,1,1,50
7,81,8,4,0.5,1,1,50
7,82,8,5,0.625,1,1,50
7,83,8,4,0.5,1,1,50
7,84,8,3,0.375,1,0,50
7,85,8,2,0.25,1,0,50
7,86,8,3,0.375,1,0,50
7,87,8,3,0.375,1,1,50
7,88,8,3,0.375,1,0,50
7,89,8,2,0.25,1,0,50
7,90,8,0,0.0,1,1,50
7,91,8,3,0.375,1,0,50
7,92,8,1,0.125,1,0,50
7,93,8,0,0.0,1,1,50
7,94,8,3,0.375,1,0,50
7,95,8,1,0.125,1,0,50
7,96,8,0,0.0,1,1,50
7,97,8,2,0.25,1,0,50
7,98,8,2,0.25,1,0,50
7,99,8,1,0.125,1,0,50
8,0,8,2,0.25,1,0,50
8,1,8,3,0.375,1,1,50
8,2,8,1,0.125,1,0,50
8,3,8,0,0.0,1,1,50
8,4,8,3,0.375,1,0,50
8,5,8,4,0.5,1,0,50
8,6,8,5,0.625,1,0,50
8,7,8,3,0.375,1,1,50
8,8,8,2,0.25,1,0,50
8,9,8,2,0.25,1,1,50
8,10,8,1,0.125,1,0,50
8,11,8,0,0.0,1,1,50
8,12,8,7,0.875,1,1,50
8,13,8,0,0.0,1,0,50
8,14,8,3,0.375,1,0,50
8,15,8,5,0.625,1,1,50
8,16,8,2,0.25,1,0,50
8,17,8,2,0.25,1,0,50
8,18,8,1,0.125,1,0,50
8,19,8,2,0.25,1,0,50
8,20,8,0,0.0,1,1,50
8,21,8,8,1.0,1,1,50
8,22,8,3,0.375,1,0,50
8,23,8,3,0.375,1,0,50
8,24,8,1,0.125,1,0,50
8,25,8,1,0.125,1,0,50
8,26,8,7,0.875,1,1,50
8,27,8,3,0.375,1,0,50
8,28,8,2,0.25,1,0,50
8,29,8,1,0.125,1,0,50
8,30,8,3,0.375,1,1,50
8,31,8,3,0.375,1,0,50
8,32,8,1,0.125,1,1,50
8,33,8,4,0.5,1,1,50
8,34,8,2,0.25,1,0,50
8,35,8,1,0.125,1,0,50
8,36,8,3,0.375,1,0,50
8,37,8,0,0.0,1,1,50
8,38,8,4,0.5,1,0,50
8,39,8,6,0.75,1,1,50
8,40,8,3,0.375,1,0,50
8,41,8,8,1.0,1,1,50
8,42,8,0,0.0,1,1,50
8,43,8,2,0.25,1,0,50
8,44,8,3,0.375,1,0,50
8,45,8,0,0.0,1,1,50
8,46,8,3,0.375,1,1,50
8,47,8,8,1.0,1,1,50
8,48,8,6,0.75,1,1,50
8,49,8,3,0.375,1,0,50
8,50,8,4,0.5,1,1,50
8,51,8,1,0.125,1,1,50
8,52,8,2,0.25,1,1,50
8,53,8,8,1.0,1,1,50
8,54,8,2,0.25,1,0,50
8,55,8,0,0.0,1,0,50
8,56,8,1,0.125,1,1,50
8,57,8,8,1.0,1,1,50
8,58,8,8,1.0,1,1,50
8,59,8,3,0.375,1,0,50
8,60,8,7,0.875,1,1,50
8,61,8,1,0.125,1,0,50
8,62,8,6,0.75,1,1,50
8,63,8,3,0.375,1,1,50
8,64,8,1,0.125,1,0,50
8,65,8,3,0.375,1,0,50
8,66,8,4,0.5,1,1,50
8,67,8,2,0.25,1,0,50
8,68,8,2,0.25,1,1,50
8,69,8,3,0.375,1,0,50
8,70,8,2,0.25,1,0,50
8,71,8,2,0.25,1,0,50
8,72,8,0,0.0,1,0,50
8,73,8,7,0.875,1,1,50
8,74,8,3,0.375,1,0,50
8,75,8,6,0.75,1,1,50
8,76,8,7,0.875,1,1,50
8,77,8,1,0.125,1,0,50
8,78,8,3,0.375,1,1,50
8,79,8,8,1.0,1,1,50
8,80,8,2,0.25,1,0,50
8,81,8,0,0.0,1,1,50
8,82,8,3,0.375,1,0,50
8,83,8,5,0.625,1,0,50
8,84,8,2,0.25,1,1,50
8,85,8,2,0.25,1,0,50
8,86,8,5,0.625,1,0,50
8,87,8,1,0.125,1,0,50
8,88,8,2,0.25,1,0,50
8,89,8,4,0.5,1,1,50
8,90,8,3,0.375,1,1,50
8,91,8,1,0.125,1,0,50
8,92,8,5,0.625,1,1,50
8,93,8,2,0.25,1,0,50
8,94,8,8,1.0,1,1,50
8,95,8,5,0.625,1,1,50
8,96,8,1,0.125,1,0,50
8,97,8,4,0.5,1,0,50
8,98,8,4,0.5,1,1,50
8,99,8,1,0.125,1,0,50
9,0,8,5,0.625,1,0,50
9,1,8,1,0.125,1,0,50
9,2,8,2,0.25,1,1,50
9,3,8,1,0.125,1,0,50
9,4,8,2,0.25,1,1,50
9,5,8,0,0.0,1,1,50
9,6,8,3,0.375,1,0,50
9,7,8,4,0.5,1,1,50
9,8,8,5,0.625,1,0,50
9,9,8,2,0.25,1,0,50
9,10,8,1,0.125,1,0,50
9,11,8,4,0.5,1,1,50
9,12,8,3,0.375,1,1,50
9,13,8,1,0.125,1,0,50
9,14,8,1,0.125,1,0,50
9,15,8,4,0.5,1,0,50
9,16,8,3,0.375,1,0,50
9,17,8,1,0.125,1,0,50
9,18,8,0,0.0,1,0,50
9,19,8,8,1.0,1,1,50
9,20,8,6,0.75,1,1,50
9,21,8,6,0.75,1,1,50
9,22,8,3,0.375,1,1,50
9,23,8,4,0.5,1,1,50
9,24,8,1,0.125,1,0,50
9,25,8,6,0.75,1,1,50
9,26,8,0,0.0,1,0,50
9,27,8,3,0.375,1,1,50
9,28,8,1,0.125,1,0,50
9,29,8,0,0.0,1,0,50
9,30,8,1,0.125,1,1,50
9,31,8,3,0.375,1,1,50
9,32,8,3,0.375,1,1,50
9,33,8,5,0.625,1,1,50
9,34,8,3,0.375,1,0,50
9,35,8,0,0.0,1,1,50
9,36,8,6,0.75,1,1,50
9,37,8,0,0.0,1,1,50
9,38,8,3,0.375,1,1,50
9,39,8,4,0.5,1,0,50
9,40,8,4,0.5,1,1,50
9,41,8,7,0.875,1,1,50
9,42,8,7,0.875,1,1,50
9,43,8,2,0.25,1,0,50
9,44,8,3,0.375,1,0,50
9,45,8,0,0.0,1,0,50
9,46,8,2,0.25,1,0,50
9,47,8,2,0.25,1,0,50
9,48,8,5,0.625,1,1,50
9,49,8,2,0.25,1,0,50
9,50,8,2,0.25,1,1,50
9,51,8,3,0.375,1,0,50
9,52,8,2,0.25,1,0,50
9,53,8,2,0.25,1,0,50
9,54,8,6,0.75,1,1,50
9,55,8,4,0.5,1,0,50
9,56,8,3,0.375,1,0,50
9,57,8,4,0.5,1,1,50
9,58,8,1,0.125,1,0,50
9,59,8,4,0.5,1,1,50
9,60,8,3,0.375,1,0,50
9,61,8,0,0.0,1,1,50
9,62,8,2,0.25,1,0,50
9,63,8,5,0.625,1,1,50
9,64,8,3,0.375,1,0,50
9,65,8,6,0.75,1,1,50
9,66,8,3,0.375,1,1,50
9,67,8,3,0.375,1,0,50
9,68,8,2,0.25,1,0,50
9,69,8,4,0.5,1,0,50
9,70,8,6,0.75,1,1,50
9,71,8,5,0.625,1,0,50
9,72,8,1,0.125,1,0,50
9,73,8,0,0.0,1,1,50
9,74,8,5,0.625,1,1,50
9,75,8,0,0.0,1,1,50
9,76,8,1,0.125,1,1,50
9,77,8,3,0.375,1,0,50
9,78,8,4,0.5,1,0,50
9,79,8,1,0.125,1,0,50
9,80,8,7,0.875,1,1,50
9,81,8,0,0.0,1,1,50
9,82,8,4,0.5,1,1,50
9,83,8,7,0.875,1,1,50
9,84,8,2,0.25,1,0,50
9,85,8,2,0.25,1,0,50
9,86,8,0,0.0,1,1,50
9,87,8,5,0.625,1,0,50
9,88,8,3,0.375,1,0,50
9,89,8,4,0.5,1,1,50
9,90,8,8,1.0,1,1,50
9,91,8,4,0.5,1,0,50
9,92,8,0,0.0,1,0,50
9,93,8,3,0.375,1,0,50
9,94,8,2,0.25,1,0,50
9,95,8,8,1.0,1,1,50
9,96,8,5,0.625,1,1,50
9,97,8,3,0.375,1,1,50
9,98,8,5,0.625,1,1,50
9,99,8,3,0.375,1,0,50
10,0,8,1,0.125,1,0,50
10,1,8,8,1.0,1,1,50
10,2,8,2,0.25,1,0,50
10,3,8,4,0.5,1,1,50
10,4,8,3,0.375,1,1,50
10,5,8,5,0.625,1,1,50
10,6,8,3,0.375,1,0,50
10,7,8,1,0.125,1,0,50
10,8,8,2,0.25,1,0,50
10,9,8,3,0.375,1,0,50
10,10,8,1,0.125,1,1,50
10,11,8,2,0.25,1,0,50
10,12,8,2,0.25,1,0,50
10,13,8,0,0.0,1,1,50
10,14,8,3,0.375,1,0,50
10,15,8,2,0.25,1,0,50
10,16,8,0,0.0,1,0,50
10,17,8,7,0.875,1,1,50
10,18,8,8,1.0,1,1,50
10,19,8,1,0.125,1,0,50
10,20,8,7,0.875,1,1,50
10,21,8,0,0.0,1,1,50
10,22,8,1,0.125,1,1,50
10,23,8,2,0.25,1,0,50
10,24,8,6,0.75,1,1,50
10,25,8,8,1.0,1,1,50
10,26,8,6,0.75,1,1,50
10,27,8,5,0.625,1,1,50
10,28,8,3,0.375,1,0,50
10,29,8,3,0.375,1,1,50
10,30,8,3,0.375,1,1,50
10,31,8,1,0.125,1,0,50
10,32,8,4,0.5,1,0,50
10,33,8,8,1.0,1,1,50
10,34,8,3,0.375,1,0,50
10,35,8,0,0.0,1,0,50
10,36,8,6,0.75,1,1,50
10,37,8,3,0.375,1,0,50
10,38,8,2,0.25,1,0,50
10,39,8,2,0.25,1,1,50
10,40,8,8,1.0,1,1,50
10,41,8,5,0.625,1,1,50
10,42,8,5,0.625,1,1,50
10,43,8,1,0.125,1,1,50
10,44,8,3,0.375,1,0,50
10,45,8,1,0.125,1,0,50
10,46,8,2,0.25,1,0,50
10,47,8,3,0.375,1,1,50
10,48,8,6,0.75,1,1,50
10,49,8,4,0.5,1,1,50
10,50,8,2,0.25,1,1,50
10,51,8,2,0.25,1,0,50
10,52,8,4,0.5,1,1,50
10,53,8,2,0.25,1,0,50
10,54,8,8,1.0,1,1,50
10,55,8,0,0.0,1,1,50
10,56,8,0,0.0,1,1,50
10,57,8,1,0.125,1,0,50
10,58,8,2,0.25,1,1,50
10,59,8,7,0.875,1,1,50
10,60,8,8,1.0,1,1,50
10,61,8,2,0.25,1,0,50
10,62,8,1,0.125,1,0,50
10,63,8,3,0.375,1,0,50
10,64,8,4,0.5,1,0,50
10,65,8,0,0.0,1,1,50
10,66,8,1,0.125,1,0,50
10,67,8,7,0.875,1,1,50
10,68,8,4,0.5,1,0,50
10,69,8,0,0.0,1,1,50
10,70,8,1,0.125,1,0,50
10,71,8,7,0.875,1,1,50
10,72,8,0,0.0,1,1,50
10,73,8,3,0.375,1,1,50
10,74,8,1,0.125,1,1,50
10,75,8,1,0.125,1,1,50
10,76,8,5,0.625,1,1,50
10,77,8,1,0.125,1,0,50
10,78,8,3,0.375,1,0,50
10,79,8,7,0.875,1,1,50
10,80,8,1,0.125,1,1,50
10,81,8,8,1.0,1,1,50
10,82,8,0,0.0,1,0,50
10,83,8,1,0.125,1,1,50
10,84,8,2,0.25,1,1,50
10,85,8,3,0.375,1,0,50
10,86,8,3,0.375,1,1,50
10,87,8,1,0.125,1,0,50
10,88,8,3,0.375,1,1,50
10,89,8,7,0.875,1,1,50
10,90,8,3,0.375,1,0,50
10,91,8,4,0.5,1,1,50
10,92,8,2,0.25,1,0,50
10,93,8,1,0.125,1,0,50
10,94,8,2,0.25,1,0,50
10,95,8,1,0.125,1,1,50
10,96,8,3,0.375,1,1,50
10,97,8,6,0.75,1,1,50
10,98,8,4,0.5,1,1,50
10,99,8,0,0.0,1,0,50
11,0,8,1,0.125,1,0,50
11,1,8,2,0.25,1,0,50
11,2,8,4,0.5,1,0,50
11,3,8,4,0.5,1,1,50
11,4,8,8,1.0,1,1,50
11,5,8,1,0.125,1,1,50
11,6,8,4,0.5,1,0,50
11,7,8,5,0.625,1,1,50
11,8,8,1,0.125,1,0,50
11,9,8,8,1.0,1,1,50
11,10,8,1,0.125,1,0,50
11,11,8,3,0.375,1,0,50
11,12,8,0,0.0,1,1,50
11,13,8,3,0.375,1,0,50
11,14,8,3,0.375,1,0,50
11,15,8,2,0.25,1,0,50
11,16,8,0,0.0,1,0,50
11,17,8,2,0.25,1,0,50
11,18,8,0,0.0,1,0,50
11,19,8,5,0.625,1,0,50
11,20,8,2,0.25,1,1,50
11,21,8,2,0.25,1,0,50
11,22,8,0,0.0,1,1,50
11,23,8,4,0.5,1,1,50
11,24,8,0,0.0,1,1,50
11,25,8,5,0.625,1,1,50
11,26,8,1,0.125,1,1,50
11,27,8,2,0.25,1,1,50
11,28,8,0,0.0,1,0,50
11,29,8,2,0.25,1,0,50
11,30,8,1,0.125,1,1,50
11,31,8,2,0.25,1,1,50
11,32,8,1,0.125,1,0,50
11,33,8,2,0.25,1,0,50
11,34,8,1,0.125,1,1,50
11,35,8,4,0.5,1,0,50
11,36,8,7,0.875,1,1,50
11,37,8,2,0.25,1,1,50
11,38,8,8,1.0,1,1,50
11,39,8,3,0.375,1,0,50
11,40,8,1,0.125,1,0,50
11,41,8,6,0.75,1,1,50
11,42,8,4,0.5,1,1,50
11,43,8,7,0.875,1,1,50
11,44,8,3,0.375,1,0,50
11,45,8,7,0.875,1,1,50
11,46,8,1,0.125,1,1,50
11,47,8,0,0.0,1,0,50
11,48,8,1,0.125,1,0,50
11,49,8,3,0.375,1,1,50
11,50,8,2,0.25,1,0,50
11,51,8,3,0.375,1,1,50
11,52,8,2,0.25,1,1,50
11,53,8,2,0.25,1,0,50
11,54,8,6,0.75,1,1,50
11,55,8,1,0.125,1,0,50
11,56,8,1,0.125,1,0,50
11,57,8,8,1.0,1,1,50
11,58,8,8,1.0,1,1,50
11,59,8,4,0.5,1,1,50
11,60,8,8,1.0,1,1,50
11,61,8,2,0.25,1,1,50
11,62,8,1,0.125,1,0,50
11,63,8,7,0.875,1,1,50
11,64,8,2,0.25,1,0,50
11,65,8,1,0.125,1,0,50
11,66,8,2,0.25,1,0,50
11,67,8,2,0.25,1,0,50
11,68,8,7,0.875,1,1,50
11,69,8,2,0.25,1,1,50
11,70,8,1,0.125,1,0,50
11,71,8,1,0.125,1,0,50
11,72,8,8,1.0,1,1,50
11,73,8,0,0.0,1,1,50
11,74,8,4,0.5,1,1,50
11,75,8,1,0.125,1,0,50
11,76,8,8,1.0,1,1,50
11,77,8,2,0.25,1,0,50
11,78,8,0,0.0,1,1,50
11,79,8,2,0.25,1,0,50
11,80,8,3,0.375,1,0,50
11,81,8,1,0.125,1,0,50
11,82,8,2,0.25,1,0,50
11,83,8,6,0.75,1,1,50
11,84,8,1,0.125,1,0,50
11,85,8,3,0.375,1,0,50
11,86,8,2,0.25,1,1,50
11,87,8,0,0.0,1,0,50
11,88,8,1,0.125,1,0,50
11,89,8,4,0.5,1,1,50
11,90,8,2,0.25,1,0,50
11,91,8,1,0.125,1,1,50
11,92,8,1,0.125,1,0,50
11,93,8,1,0.125,1,0,50
11,94,8,6,0.75,1,1,50
11,95,8,6,0.75,1,1,50
11,96,8,2,0.25,1,0,50
11,97,8,2,0.25,1,0,50
11,98,8,3,0.375,1,0,50
11,99,8,1,0.125,1,0,50
12,0,8,2,0.25,1,0,50
12,1,8,7,0.875,1,1,50
12,2,8,3,0.375,1,0,50
12,3,8,2,0.25,1,1,50
12,4,8,8,1.0,1,1,50
12,5,8,4,0.5,1,0,50
12,6,8,0,0.0,1,0,50
12,7,8,2,0.25,1,0,50
12,8,8,4,0.5,1,0,50
12,9,8,6,0.75,1,1,50
12,10,8,0,0.0,1,1,50
12,11,8,3,0.375,1,1,50
12,12,8,3,0.375,1,0,50
12,13,8,3,0.375,1,0,50
12,14,8,3,0.375,1,0,50
12,15,8,5,0.625,1,1,50
12,16,8,0,0.0,1,0,50
12,17,8,3,0.375,1,0,50
12,18,8,7,0.875,1,1,50
12,19,8,3,0.375,1,1,50
12,20,8,1,0.125,1,1,50
12,21,8,2,0.25,1,0,50
12,22,8,2,0.25,1,1,50
12,23,8,4,0.5,1,1,50
12,24,8,3,0.375,1,1,50
12,25,8,2,0.25,1,0,50
12,26,8,3,0.375,1,0,50
12,27,8,2,0.25,1,0,50
12,28,8,3,0.375,1,1,50
12,29,8,5,0.625,1,1,50
12,30,8,1,0.125,1,1,50
12,31,8,3,0.375,1,0,50
12,32,8,2,0.25,1,0,50
12,33,8,4,0.5,1,1,50
12,34,8,7,0.875,1,1,50
12,35,8,0,0.0,1,1,50
12,36,8,6,0.75,1,1,50
12,37,8,2,0.25,1,0,50
12,38,8,7,0.875,1,1,50
12,39,8,2,0.25,1,0,50
12,40,8,1,0.125,1,0,50
12,41,8,1,0.125,1,1,50
12,42,8,0,0.0,1,1,50
12,43,8,4,0.5,1,1,50
12,44,8,7,0.875,1,1,50
12,45,8,2,0.25,1,0,50
12,46,8,1,0.125,1,1,50
12,47,8,4,0.5,1,1,50
12,48,8,2,0.25,1,0,50
12,49,8,1,0.125,1,0,50
12,50,8,2,0.25,1,0,50
12,51,8,3,0.375,1,0,50
12,52,8,2,0.25,1,1,50
12,53,8,2,0.25,1,0,50
12,54,8,5,0.625,1,1,50
12,55,8,0,0.0,1,1,50
12,56,8,3,0.375,1,1,50
12,57,8,1,0.125,1,0,50
12,58,8,2,0.25,1,0,50
12,59,8,0,0.0,1,1,50
12,60,8,4,0.5,1,1,50
12,61,8,5,0.625,1,0,50
12,62,8,1,0.125,1,1,50
12,63,8,3,0.375,1,0,50
12,64,8,0,0.0,1,0,50
12,65,8,4,0.5,1,0,50
12,66,8,1,0.125,1,0,50
12,67,8,2,0.25,1,1,50
12,68,8,3,0.375,1,1,50
12,69,8,0,0.0,1,0,50
12,70,8,1,0.125,1,1,50
12,71,8,8,1.0,1,1,50
12,72,8,7,0.875,1,1,50
12,73,8,1,0.125,1,0,50
12,74,8,2,0.25,1,0,50
12,75,8,4,0.5,1,1,50
12,76,8,3,0.375,1,0,50
12,77,8,2,0.25,1,0,50
12,78,8,1,0.125,1,1,50
12,79,8,0,0.0,1,1,50
12,80,8,3,0.375,1,0,50
12,81,8,3,0.375,1,1,50
12,82,8,5,0.625,1,1,50
12,83,8,0,0.0,1,0,50
12,84,8,3,0.375,1,0,50
12,85,8,2,0.25,1,1,50
12,86,8,3,0.375,1,0,50
12,87,8,1,0.125,1,0,50
12,88,8,4,0.5,1,1,50
12,89,8,1,0.125,1,0,50
12,90,8,6,0.75,1,1,50
12,91,8,4,0.5,1,0,50
12,92,8,1,0.125,1,1,50
12,93,8,2,0.25,1,0,50
12,94,8,6,0.75,1,1,50
12,95,8,3,0.375,1,1,50
12,96,8,3,0.375,1,0,50
12,97,8,4,0.5,1,1,50
12,98,8,8,1.0,1,1,50
12,99,8,4,0.5,1,1,50
13,0,8,5,0.625,1,1,50
13,1,8,2,0.25,1,0,50
13,2,8,5,0.625,1,1,50
13,3,8,2,0.25,1,0,50
13,4,8,4,0.5,1,1,50
13,5,8,4,0.5,1,0,50
13,6,8,8,1.0,1,1,50
13,7,8,3,0.375,1,1,50
13,8,8,3,0.375,1,1,50
13,9,8,0,0.0,1,0,50
13,10,8,4,0.5,1,0,50
13,11,8,3,0.375,1,0,50
13,12,8,5,0.625,1,1,50
13,13,8,7,0.875,1,1,50
13,14,8,6,0.75,1,1,50
13,15,8,1,0.125,1,1,50
13,16,8,4,0.5,1,0,50
13,17,8,3,0.375,1,0,50
13,18,8,1,0.125,1,1,50
13,19,8,2,0.25,1,0,50
13,20,8,7,0.875,1,1,50
13,21,8,1,0.125,1,0,50
13,22,8,0,0.0,1,1,50
13,23,8,2,0.25,1,0,50
13,24,8,7,0.875,1,1,50
13,25,8,5,0.625,1,1,50
13,26,8,3,0.375,1,1,50
13,27,8,3,0.375,1,1,50
13,28,8,4,0.5,1,1,50
13,29,8,0,0.0,1,1,50
13,30,8,1,0.125,1,1,50
13,31,8,1,0.125,1,0,50
13,32,8,3,0.375,1,1,50
13,33,8,1,0.125,1,1,50
13,34,8,2,0.25,1,1,50
13,35,8,0,0.0,1,1,50
13,36,8,1,0.125,1,1,50
13,37,8,3,0.375,1,0,50
13,38,8,3,0.375,1,1,50
13,39,8,1,0.125,1,0,50
13,40,8,2,0.25,1,0,50
13,41,8,1,0.125,1,1,50
13,42,8,6,0.75,1,1,50
13,43,8,2,0.25,1,0,50
13,44,8,1,0.125,1,0,50
13,45,8,1,0.125,1,0,50
13,46,8,3,0.375,1,0,50
13,47,8,6,0.75,1,0,50
13,48,8,6,0.75,1,1,50
13,49,8,2,0.25,1,0,50
13,50,8,2,0.25,1,1,50
13,51,8,2,0.25,1,1,50
13,52,8,2,0.25,1,0,50
13,53,8,1,0.125,1,0,50
13,54,8,8,1.0,1,1,50
13,55,8,1,0.125,1,0,50
13,56,8,1,0.125,1,0,50
13,57,8,6,0.75,1,1,50
13,58,8,6,0.75,1,1,50
13,59,8,0,0.0,1,0,50
13,60,8,4,0.5,1,1,50
13,61,8,4,0.5,1,1,50
13,62,8,4,0.5,1,0,50
13,63,8,5,0.625,1,1,50
13,64,8,4,0.5,1,0,50
13,65,8,0,0.0,1,1,50
13,66,8,2,0.25,1,0,50
13,67,8,2,0.25,1,0,50
13,68,8,1,0.125,1,1,50
13,69,8,1,0.125,1,1,50
13,70,8,1,0.125,1,1,50
13,71,8,5,0.625,1,1,50
13,72,8,8,1.0,1,1,50
13,73,8,3,0.375,1,0,50
13,74,8,6,0.75,1,1,50
13,75,8,2,0.25,1,0,50
13,76,8,2,0.25,1,0,50
13,77,8,0,0.0,1,0,50
13,78,8,7,0.875,1,1,50
13,79,8,1,0.125,1,0,50
13,80,8,1,0.125,1,0,50
13,81,8,0,0.0,1,1,50
13,82,8,5,0.625,1,1,50
13,83,8,0,0.0,1,1,50
13,84,8,5,0.625,1,1,50
13,85,8,7,0.875,1,1,50
13,86,8,2,0.25,1,0,50
13,87,8,5,0.625,1,0,50
13,88,8,4,0.5,1,1,50
13,89,8,1,0.125,1,0,50
13,90,8,7,0.875,1,1,50
13,91,8,3,0.375,1,0,50
13,92,8,1,0.125,1,0,50
13,93,8,0,0.0,1,1,50
13,94,8,7,0.875,1,1,50
13,95,8,1,0.125,1,0,50
13,96,8,3,0.375,1,0,50
13,97,8,3,0.375,1,1,50
13,98,8,3,0.375,1,1,50
13,99,8,0,0.0,1,0,50
14,0,8,5,0.625,1,1,50
14,1,8,6,0.75,1,1,50
14,2,8,1,0.125,1,0,50
14,3,8,2,0.25,1,1,50
14,4,8,2,0.25,1,1,50
14,5,8,5,0.625,1,1,50
14,6,8,1,0.125,1,0,50
14,7,8,2,0.25,1,0,50
14,8,8,1,0.125,1,0,50
14,9,8,5,0.625,1,1,50
14,10,8,7,0.875,1,1,50
14,11,8,0,0.0,1,0,50
14,12,8,4,0.5,1,1,50
14,13,8,1,0.125,1,1,50
14,14,8,4,0.5,1,0,50
14,15,8,3,0.375,1,1,50
14,16,8,0,0.0,1,1,50
14,17,8,1,0.125,1,0,50
14,18,8,1,0.125,1,0,50
14,19,8,2,0.25,1,1,50
14,20,8,1,0.125,1,0,50
14,21,8,6,0.75,1,1,50
14,22,8,0,0.0,1,1,50
14,23,8,1,0.125,1,0,50
14,24,8,4,0.5,1,0,50
14,25,8,2,0.25,1,1,50
14,26,8,1,0.125,1,1,50
14,27,8,8,1.0,1,1,50
14,28,8,0,0.0,1,0,50
14,29,8,8,1.0,1,1,50
14,30,8,2,0.25,1,0,50
14,31,8,0,0.0,1,1,50
14,32,8,0,0.0,1,0,50
14,33,8,7,0.875,1,1,50
14,34,8,3,0.375,1,0,50
14,35,8,4,0.5,1,1,50
14,36,8,1,0.125,1,0,50
14,37,8,7,0.875,1,1,50
14,38,8,1,0.125,1,0,50
14,39,8,4,0.5,1,1,50
14,40,8,1,0.125,1,1,50
14,41,8,8,1.0,1,1,50
14,42,8,5,0.625,1,1,50
14,43,8,5,0.625,1,1,50
14,44,8,1,0.125,1,0,50
14,45,8,4,0.5,1,0,50
14,46,8,0,0.0,1,1,50
14,47,8,1,0.125,1,0,50
14,48,8,2,0.25,1,1,50
14,49,8,0,0.0,1,1,50
14,50,8,2,0.25,1,1,50
14,51,8,5,0.625,1,1,50
14,52,8,0,0.0,1,0,50
14,53,8,6,0.75,1,1,50
14,54,8,7,0.875,1,1,50
14,55,8,2,0.25,1,0,50
14,56,8,4,0.5,1,1,50
14,57,8,3,0.375,1,0,50
14,58,8,1,0.125,1,1,50
14,59,8,1,0.125,1,0,50
14,60,8,3,0.375,1,0,50
14,61,8,1,0.125,1,0,50
14,62,8,2,0.25,1,0,50
14,63,8,3,0.375,1,0,50
14,64,8,2,0.25,1,0,50
14,65,8,0,0.0,1,0,50
14,66,8,3,0.375,1,0,50
14,67,8,2,0.25,1,0,50
14,68,8,0,0.0,1,1,50
14,69,8,0,0.0,1,1,50
14,70,8,7,0.875,1,1,50
14,71,8,5,0.625,1,0,50
14,72,8,5,0.625,1,0,50
14,73,8,3,0.375,1,0,50
14,74,8,2,0.25,1,0,50
14,75,8,0,0.0,1,1,50
14,76,8,1,0.125,1,0,50
14,77,8,3,0.375,1,1,50
14,78,8,4,0.5,1,1,50
14,79,8,3,0.375,1,0,50
14,80,8,3,0.375,1,1,50
14,81,8,6,0.75,1,1,50
14,82,8,2,0.25,1,0,50
14,83,8,6,0.75,1,1,50
14,84,8,3,0.375,1,0,50
14,85,8,8,1.0,1,1,50
14,86,8,5,0.625,1,1,50
14,87,8,5,0.625,1,1,50
14,88,8,3,0.375,1,0,50
14,89,8,0,0.0,1,1,50
14,90,8,2,0.25,1,0,50
14,91,8,5,0.625,1,1,50
14,92,8,4,0.5,1,1,50
14,93,8,7,0.875,1,1,50
14,94,8,4,0.5,1,0,50
14,95,8,2,0.25,1,0,50
14,96,8,1,0.125,1,0,50
14,97,8,4,0.5,1,1,50
14,98,8,8,1.0,1,1,50
14,99,8,4,0.5,1,1,50
15,0,8,1,0.125,1,1,50
15,1,8,1,0.125,1,0,50
15,2,8,0,0.0,1,0,50
15,3,8,1,0.125,1,0,50
15,4,8,3,0.375,1,1,50
15,5,8,3,0.375,1,0,50
15,6,8,2,0.25,1,0,50
15,7,8,1,0.125,1,0,50
15,8,8,8,1.0,1,1,50
15,9,8,4,0.5,1,0,50
15,10,8,5,0.625,1,1,50
15,11,8,1,0.125,1,1,50
15,12,8,2,0.25,1,0,50
15,13,8,6,0.75,1,1,50
15,14,8,4,0.5,1,1,50
15,15,8,2,0.25,1,0,50
15,16,8,5,0.625,1,1,50
15,17,8,3,0.375,1,0,50
15,18,8,4,0.5,1,1,50
15,19,8,5,0.625,1,1,50
15,20,8,1,0.125,1,0,50
15,21,8,2,0.25,1,0,50
15,22,8,2,0.25,1,1,50
15,23,8,4,0.5,1,1,50
15,24,8,3,0.375,1,1,50
15,25,8,3,0.375,1,0,50
15,26,8,1,0.125,1,0,50
15,27,8,3,0.375,1,0,50
15,28,8,2,0.25,1,0,50
15,29,8,0,0.0,1,1,50
15,30,8,0,0.0,1,1,50
15,31,8,5,0.625,1,1,50
15,32,8,3,0.375,1,1,50
15,33,8,8,1.0,1,1,50
15,34,8,2,0.25,1,0,50
15,35,8,7,0.875,1,1,50
15,36,8,8,1.0,1,1,50
15,37,8,4,0.5,1,1,50
15,38,8,6,0.75,1,1,50
15,39,8,2,0.25,1,0,50
15,40,8,1,0.125,1,1,50
15,41,8,2,0.25,1,0,50
15,42,8,6,0.75,1,1,50
15,43,8,7,0.875,1,1,50
15,44,8,2,0.25,1,0,50
15,45,8,1,0.125,1,0,50
15,46,8,8,1.0,1,1,50
15,47,8,4,0.5,1,1,50
15,48,8,0,0.0,1,1,50
15,49,8,5,0.625,1,1,50
15,50,8,8,1.0,1,1,50
15,51,8,2,0.25,1,0,50
15,52,8,4,0.5,1,1,50
15,53,8,0,0.0,1,1,50
15,54,8,2,0.25,1,0,50
15,55,8,4,0.5,1,1,50
15,56,8,3,0.375,1,0,50
15,57,8,0,0.0,1,0,50
15,58,8,6,0.75,1,1,50
15,59,8,7,0.875,1,1,50
15,60,8,2,0.25,1,1,50
15,61,8,2,0.25,1,0,50
15,62,8,2,0.25,1,0,50
15,63,8,4,0.5,1,0,50
15,64,8,0,0.0,1,0,50
15,65,8,2,0.25,1,0,50
15,66,8,5,0.625,1,1,50
15,67,8,7,0.875,1,1,50
15,68,8,3,0.375,1,1,50
15,69,8,7,0.875,1,1,50
15,70,8,2,0.25,1,0,50
15,71,8,2,0.25,1,0,50
15,72,8,8,1.0,1,1,50
15,73,8,2,0.25,1,0,50
15,74,8,2,0.25,1,0,50
15,75,8,6,0.75,1,1,50
15,76,8,4,0.5,1,0,50
15,77,8,2,0.25,1,0,50
15,78,8,1,0.125,1,0,50
15,79,8,3,0.375,1,0,50
15,80,8,7,0.875,1,1,50
15,81,8,2,0.25,1,0,50
15,82,8,1,0.125,1,0,50
15,83,8,2,0.25,1,1,50
15,84,8,3,0.375,1,0,50
15,85,8,2,0.25,1,0,50
15,86,8,2,0.25,1,0,50
15,87,8,3,0.375,1,0,50
15,88,8,3,0.375,1,0,50
15,89,8,7,0.875,1,1,50
15,90,8,2,0.25,1,0,50
15,91,8,2,0.25,1,0,50
15,92,8,7,0.875,1,1,50
15,93,8,3,0.375,1,0,50
15,94,8,4,0.5,1,1,50
15,95,8,0,0.0,1,0,50
15,96,8,4,0.5,1,0,50
15,97,8,2,0.25,1,1,50
15,98,8,2,0.25,1,0,50
15,99,8,2,0.25,1,1,50
16,0,8,1,0.125,1,0,50
16,1,8,0,0.0,1,0,50
16,2,8,7,0.875,1,1,50
16,3,8,0,0.0,1,0,50
16,4,8,1,0.125,1,0,50
16,5,8,8,1.0,1,1,50
16,6,8,3,0.375,1,0,50
16,7,8,5,0.625,1,0,50
16,8,8,1,0.125,1,0,50
16,9,8,6,0.75,1,1,50
16,10,8,4,0.5,1,1,50
16,11,8,2,0.25,1,1,50
16,12,8,1,0.125,1,0,50
16,13,8,7,0.875,1,1,50
16,14,8,2,0.25,1,0,50
16,15,8,2,0.25,1,0,50
16,16,8,3,0.375,1,1,50
16,17,8,6,0.75,1,1,50
16,18,8,3,0.375,1,1,50
16,19,8,7,0.875,1,1,50
16,20,8,4,0.5,1,1,50
16,21,8,5,0.625,1,1,50
16,22,8,4,0.5,1,1,50
16,23,8,0,0.0,1,1,50
16,24,8,1,0.125,1,1,50
16,25,8,1,0.125,1,0,50
16,26,8,0,0.0,1,0,50
16,27,8,0,0.0,1,1,50
16,28,8,2,0.25,1,1,50
16,29,8,8,1.0,1,1,50
16,30,8,2,0.25,1,0,50
16,31,8,2,0.25,1,0,50
16,32,8,5,0.625,1,1,50
16,33,8,0,0.0,1,0,50
16,34,8,1,0.125,1,0,50
16,35,8,0,0.0,1,0,50
16,36,8,1,0.125,1,1,50
16,37,8,7,0.875,1,1,50
16,38,8,1,0.125,1,1,50
16,39,8,7,0.875,1,1,50
16,40,8,1,0.125,1,0,50
16,41,8,0,0.0,1,1,50
16,42,8,2,0.25,1,0,50
16,43,8,1,0.125,1,0,50
16,44,8,5,0.625,1,1,50
16,45,8,0,0.0,1,0,50
16,46,8,1,0.125,1,0,50
16,47,8,3,0.375,1,0,50
16,48,8,2,0.25,1,0,50
16,49,8,1,0.125,1,0,50
16,50,8,5,0.625,1,1,50
16,51,8,4,0.5,1,1,50
16,52,8,2,0.25,1,0,50
16,53,8,1,0.125,1,0,50
16,54,8,5,0.625,1,1,50
16,55,8,2,0.25,1,0,50
16,56,8,4,0.5,1,0,50
16,57,8,4,0.5,1,0,50
16,58,8,7,0.875,1,1,50
16,59,8,2,0.25,1,0,50
16,60,8,2,0.25,1,0,50
16,61,8,2,0.25,1,1,50
16,62,8,7,0.875,1,1,50
16,63,8,5,0.625,1,1,50
16,64,8,1,0.125,1,0,50
16,65,8,7,0.875,1,1,50
16,66,8,2,0.25,1,0,50
16,67,8,4,0.5,1,1,50
16,68,8,0,0.0,1,1,50
16,69,8,1,0.125,1,0,50
16,70,8,6,0.75,1,1,50
16,71,8,4,0.5,1,1,50
16,72,8,1,0.125,1,0,50
16,73,8,3,0.375,1,0,50
16,74,8,7,0.875,1,1,50
16,75,8,5,0.625,1,1,50
16,76,8,0,0.0,1,0,50
16,77,8,6,0.75,1,1,50
16,78,8,5,0.625,1,0,50
16,79,8,1,0.125,1,0,50
16,80,8,1,0.125,1,0,50
16,81,8,3,0.375,1,1,50
16,82,8,8,1.0,1,1,50
16,83,8,0,0.0,1,0,50
16,84,8,1,0.125,1,1,50
16,85,8,8,1.0,1,1,50
16,86,8,1,0.125,1,0,50
16,87,8,3,0.375,1,0,50
16,88,8,2,0.25,1,0,50
16,89,8,6,0.75,1,1,50
16,90,8,0,0.0,1,0,50
16,91,8,1,0.125,1,0,50
16,92,8,5,0.625,1,0,50
16,93,8,5,0.625,1,1,50
16,94,8,3,0.375,1,1,50
16,95,8,1,0.125,1,0,50
16,96,8,2,0.25,1,0,50
16,97,8,1,0.125,1,0,50
16,98,8,7,0.875,1,1,50
16,99,8,7,0.875,1,1,50
17,0,8,1,0.125,1,0,50
17,1,8,2,0.25,1,1,50
17,2,8,3,0.375,1,1,50
17,3,8,5,0.625,1,1,50
17,4,8,2,0.25,1,0,50
17,5,8,3,0.375,1,0,50
17,6,8,5,0.625,1,1,50
17,7,8,3,0.375,1,0,50
17,8,8,4,0.5,1,1,50
17,9,8,8,1.0,1,1,50
17,10,8,2,0.25,1,1,50
17,11,8,0,0.0,1,0,50
17,12,8,0,0.0,1,1,50
17,13,8,2,0.25,1,0,50
17,14,8,2,0.25,1,0,50
17,15,8,4,0.5,1,0,50
17,16,8,2,0.25,1,0,50
17,17,8,5,0.625,1,1,50
17,18,8,3,0.375,1,1,50
17,19,8,5,0.625,1,1,50
17,20,8,2,0.25,1,0,50
17,21,8,4,0.5,1,0,50
17,22,8,2,0.25,1,0,50
17,23,8,5,0.625,1,1,50
17,24,8,2,0.25,1,0,50
17,25,8,4,0.5,1,1,50
17,26,8,5,0.625,1,1,50
17,27,8,2,0.25,1,0,50
17,28,8,1,0.125,1,1,50
17,29,8,0,0.0,1,1,50
17,30,8,0,0.0,1,0,50
17,31,8,7,0.875,1,1,50
17,32,8,7,0.875,1,1,50
17,33,8,1,0.125,1,0,50
17,34,8,3,0.375,1,0,50
17,35,8,2,0.25,1,0,50
17,36,8,4,0.5,1,1,50
17,37,8,2,0.25,1,0,50
17,38,8,1,0.125,1,0,50
17,39,8,5,0.625,1,1,50
17,40,8,4,0.5,1,0,50
17,41,8,1,0.125,1,0,50
17,42,8,2,0.25,1,0,50
17,43,8,4,0.5,1,1,50
17,44,8,0,0.0,1,1,50
17,45,8,3,0.375,1,1,50
17,46,8,2,0.25,1,0,50
17,47,8,2,0.25,1,0,50
17,48,8,1,0.125,1,1,50
17,49,8,3,0.375,1,0,50
17,50,8,4,0.5,1,0,50
17,51,8,6,0.75,1,1,50
17,52,8,2,0.25,1,0,50
17,53,8,0,0.0,1,1,50
17,54,8,4,0.5,1,1,50
17,55,8,3,0.375,1,0,50
17,56,8,2,0.25,1,0,50
17,57,8,7,0.875,1,1,50
17,58,8,2,0.25,1,1,50
17,59,8,2,0.25,1,0,50
17,60,8,7,0.875,1,1,50
17,61,8,6,0.75,1,1,50
17,62,8,6,0.75,1,1,50
17,63,8,3,0.375,1,0,50
17,64,8,3,0.375,1,0,50
17,65,8,6,0.75,1,1,50
17,66,8,7,0.875,1,1,50
17,67,8,3,0.375,1,0,50
17,68,8,6,0.75,1,1,50
17,69,8,0,0.0,1,1,50
17,70,8,2,0.25,1,1,50
17,71,8,1,0.125,1,1,50
17,72,8,1,0.125,1,1,50
17,73,8,8,1.0,1,1,50
17,74,8,2,0.25,1,0,50
17,75,8,6,0.75,1,1,50
17,76,8,4,0.5,1,1,50
17,77,8,0,0.0,1,0,50
17,78,8,7,0.875,1,1,50
17,79,8,8,1.0,1,1,50
17,80,8,0,0.0,1,0,50
17,81,8,4,0.5,1,1,50
17,82,8,1,0.125,1,0,50
17,83,8,3,0.375,1,0,50
17,84,8,6,0.75,1,1,50
17,85,8,1,0.125,1,0,50
17,86,8,5,0.625,1,1,50
17,87,8,6,0.75,1,1,50
17,88,8,0,0.0,1,1,50
17,89,8,0,0.0,1,0,50
17,90,8,8,1.0,1,1,50
17,91,8,6,0.75,1,1,50
17,92,8,4,0.5,1,0,50
17,93,8,0,0.0,1,1,50
17,94,8,2,0.25,1,1,50
17,95,8,7,0.875,1,1,50
17,96,8,2,0.25,1,0,50
17,97,8,7,0.875,1,1,50
17,98,8,2,0.25,1,0,50
17,99,8,2,0.25,1,0,50
18,0,8,5,0.625,1,1,50
18,1,8,5,0.625,1,1,50
18,2,8,2,0.25,1,0,50
18,3,8,1,0.125,1,0,50
18,4,8,2,0.25,1,0,50
18,5,8,0,0.0,1,0,50
18,6,8,0,0.0,1,0,50
18,7,8,8,1.0,1,1,50
18,8,8,4,0.5,1,0,50
18,9,8,3,0.375,1,1,50
18,10,8,8,1.0,1,1,50
18,11,8,5,0.625,1,1,50
18,12,8,2,0.25,1,0,50
18,13,8,3,0.375,1,1,50
18,14,8,3,0.375,1,0,50
18,15,8,0,0.0,1,0,50
18,16,8,1,0.125,1,0,50
18,17,8,4,0.5,1,0,50
18,18,8,0,0.0,1,0,50
18,19,8,8,1.0,1,1,50
18,20,8,4,0.5,1,0,50
18,21,8,2,0.25,1,0,50
18,22,8,4,0.5,1,1,50
18,23,8,6,0.75,1,1,50
18,24,8,2,0.25,1,0,50
18,25,8,0,0.0,1,0,50
18,26,8,2,0.25,1,0,50
18,27,8,2,0.25,1,0,50
18,28,8,8,1.0,1,1,50
18,29,8,3,0.375,1,0,50
18,30,8,1,0.125,1,1,50
18,31,8,1,0.125,1,0,50
18,32,8,2,0.25,1,0,50
18,33,8,3,0.375,1,0,50
18,34,8,3,0.375,1,0,50
18,35,8,1,0.125,1,1,50
18,36,8,4,0.5,1,1,50
18,37,8,0,0.0,1,1,50
18,38,8,3,0.375,1,1,50
18,39,8,1,0.125,1,0,50
18,40,8,4,0.5,1,0,50
18,41,8,1,0.125,1,1,50
18,42,8,2,0.25,1,0,50
18,43,8,7,0.875,1,1,50
18,44,8,0,0.0,1,0,50
18,45,8,4,0.5,1,0,50
18,46,8,1,0.125,1,0,50
18,47,8,6,0.75,1,1,50
18,48,8,3,0.375,1,0,50
18,49,8,3,0.375,1,0,50
18,50,8,4,0.5,1,1,50
18,51,8,4,0.5,1,1,50
18,52,8,1,0.125,1,0,50
18,53,8,7,0.875,1,1,50
18,54,8,3,0.375,1,0,50
18,55,8,2,0.25,1,0,50
18,56,8,2,0.25,1,0,50
18,57,8,7,0.875,1,1,50
18,58,8,4,0.5,1,1,50
18,59,8,1,0.125,1,1,50
18,60,8,1,0.125,1,0,50
18,61,8,1,0.125,1,0,50
18,62,8,1,0.125,1,0,50
18,63,8,2,0.25,1,0,50
18,64,8,2,0.25,1,1,50
18,65,8,0,0.0,1,0,50
18,66,8,2,0.25,1,0,50
18,67,8,2,0.25,1,0,50
18,68,8,0,0.0,1,0,50
18,69,8,2,0.25,1,0,50
18,70,8,4,0.5,1,0,50
18,71,8,6,0.75,1,1,50
18,72,8,0,0.0,1,1,50
18,73,8,1,0.125,1,0,50
18,74,8,2,0.25,1,0,50
18,75,8,3,0.375,1,0,50
18,76,8,3,0.375,1,0,50
18,77,8,4,0.5,1,0,50
18,78,8,4,0.5,1,0,50
18,79,8,4,0.5,1,0,50
18,80,8,5,0.625,1,1,50
18,81,8,3,0.375,1,1,50
18,82,8,6,0.75,1,1,50
18,83,8,2,0.25,1,0,50
18,84,8,0,0.0,1,0,50
18,85,8,2,0.25,1,0,50
18,86,8,6,0.75,1,1,50
18,87,8,1,0.125,1,0,50
18,88,8,1,0.125,1,0,50
18,89,8,1,0.125,1,0,50
18,90,8,2,0.25,1,1,50
18,91,8,7,0.875,1,1,50
18,92,8,1,0.125,1,0,50
18,93,8,0,0.0,1,1,50
18,94,8,5,0.625,1,1,50
18,95,8,2,0.25,1,0,50
18,96,8,1,0.125,1,1,50
18,97,8,2,0.25,1,0,50
18,98,8,2,0.25,1,0,50
18,99,8,3,0.375,1,1,50
19,0,8,8,1.0,1,1,50
19,1,8,1,0.125,1,0,50
19,2,8,8,1.0,1,1,50
19,3,8,0,0.0,1,1,50
19,4,8,2,0.25,1,0,50
19,5,8,2,0.25,1,0,50
19,6,8,6,0.75,1,1,50
19,7,8,2,0.25,1,0,50
19,8,8,7,0.875,1,1,50
19,9,8,2,0.25,1,0,50
19,10,8,3,0.375,1,0,50
19,11,8,4,0.5,1,0,50
19,12,8,2,0.25,1,1,50
19,13,8,2,0.25,1,0,50
19,14,8,8,1.0,1,1,50
19,15,8,3,0.375,1,1,50
19,16,8,3,0.375,1,1,50
19,17,8,2,0.25,1,0,50
19,18,8,3,0.375,1,0,50
19,19,8,8,1.0,1,1,50
19,20,8,3,0.375,1,1,50
19,21,8,1,0.125,1,1,50
19,22,8,0,0.0,1,0,50
19,23,8,2,0.25,1,0,50
19,24,8,3,0.375,1,0,50
19,25,8,4,0.5,1,1,50
19,26,8,1,0.125,1,1,50
19,27,8,7,0.875,1,1,50
19,28,8,4,0.5,1,1,50
19,29,8,3,0.375,1,0,50
19,30,8,4,0.5,1,1,50
19,31,8,0,0.0,1,1,50
19,32,8,2,0.25,1,0,50
19,33,8,2,0.25,1,1,50
19,34,8,2,0.25,1,0,50
19,35,8,2,0.25,1,0,50
19,36,8,4,0.5,1,0,50
19,37,8,1,0.125,1,0,50
19,38,8,1,0.125,1,0,50
19,39,8,2,0.25,1,0,50
19,40,8,0,0.0,1,0,50
19,41,8,6,0.75,1,1,50
19,42,8,3,0.375,1,1,50
19,43,8,0,0.0,1,1,50
19,44,8,2,0.25,1,0,50
19,45,8,6,0.75,1,1,50
19,46,8,3,0.375,1,0,50
19,47,8,6,0.75,1,1,50
19,48,8,5,0.625,1,1,50
19,49,8,4,0.5,1,0,50
19,50,8,1,0.125,1,1,50
19,51,8,4,0.5,1,1,50
19,52,8,2,0.25,1,0,50
19,53,8,1,0.125,1,1,50
19,54,8,1,0.125,1,1,50
19,55,8,6,0.75,1,1,50
19,56,8,4,0.5,1,0,50
19,57,8,0,0.0,1,0,50
19,58,8,3,0.375,1,0,50
19,59,8,2,0.25,1,0,50
19,60,8,2,0.25,1,0,50
19,61,8,2,0.25,1,0,50
19,62,8,4,0.5,1,0,50
19,63,8,3,0.375,1,0,50
19,64,8,2,0.25,1,0,50
19,65,8,6,0.75,1,1,50
19,66,8,4,0.5,1,0,50
19,67,8,4,0.5,1,1,50
19,68,8,7,0.875,1,1,50
19,69,8,3,0.375,1,0,50
19,70,8,1,0.125,1,0,50
19,71,8,3,0.375,1,0,50
19,72,8,5,0.625,1,1,50
19,73,8,1,0.125,1,0,50
19,74,8,5,0.625,1,1,50
19,75,8,2,0.25,1,0,50
19,76,8,2,0.25,1,0,50
19,77,8,2,0.25,1,0,50
19,78,8,7,0.875,1,1,50
19,79,8,1,0.125,1,1,50
19,80,8,0,0.0,1,1,50
19,81,8,7,0.875,1,1,50
19,82,8,2,0.25,1,1,50
19,83,8,1,0.125,1,1,50
19,84,8,7,0.875,1,1,50
19,85,8,8,1.0,1,1,50
19,86,8,2,0.25,1,0,50
19,87,8,6,0.75,1,1,50
19,88,8,1,0.125,1,0,50
19,89,8,1,0.125,1,0,50
19,90,8,1,0.125,1,1,50
19,91,8,3,0.375,1,0,50
19,92,8,1,0.125,1,0,50
19,93,8,1,0.125,1,1,50
19,94,8,3,0.375,1,1,50
19,95,8,3,0.375,1,0,50
19,96,8,3,0.375,1,0,50
19,97,8,0,0.0,1,0,50
19,98,8,3,0.375,1,0,50
19,99,8,3,0.375,1,1,50
20,0,8,2,0.25,1,1,50
20,1,8,1,0.125,1,0,50
20,2,8,1,0.125,1,1,50
20,3,8,5,0.625,1,1,50
20,4,8,0,0.0,1,1,50
20,5,8,2,0.25,1,1,50
20,6,8,2,0.25,1,1,50
20,7,8,1,0.125,1,0,50
20,8,8,2,0.25,1,0,50
20,9,8,3,0.375,1,1,50
20,10,8,8,1.0,1,1,50
20,11,8,0,0.0,1,1,50
20,12,8,1,0.125,1,0,50
20,13,8,5,0.625,1,0,50
20,14,8,2,0.25,1,0,50
20,15,8,1,0.125,1,0,50
20,16,8,3,0.375,1,0,50
20,17,8,6,0.75,1,1,50
20,18,8,4,0.5,1,1,50
20,19,8,0,0.0,1,0,50
20,20,8,2,0.25,1,0,50
20,21,8,1,0.125,1,1,50
20,22,8,0,0.0,1,0,50
20,23,8,1,0.125,1,0,50
20,24,8,1,0.125,1,1,50
20,25,8,1,0.125,1,0,50
20,26,8,5,0.625,1,1,50
20,27,8,7,0.875,1,1,50
20,28,8,2,0.25,1,0,50
20,29,8,2,0.25,1,1,50
20,30,8,0,0.0,1,0,50
20,31,8,2,0.25,1,0,50
20,32,8,5,0.625,1,0,50
20,33,8,1,0.125,1,1,50
20,34,8,4,0.5,1,0,50
20,35,8,2,0.25,1,1,50
20,36,8,2,0.25,1,0,50
20,37,8,2,0.25,1,0,50
20,38,8,1,0.125,1,1,50
20,39,8,5,0.625,1,1,50
20,40,8,3,0.375,1,0,50
20,41,8,3,0.375,1,0,50
20,42,8,2,0.25,1,1,50
20,43,8,4,0.5,1,1,50
20,44,8,1,0.125,1,0,50
20,45,8,4,0.5,1,0,50
20,46,8,3,0.375,1,1,50
20,47,8,4,0.5,1,1,50
20,48,8,2,0.25,1,1,50
20,49,8,1,0.125,1,0,50
20,50,8,1,0.125,1,0,50
20,51,8,3,0.375,1,0,50
20,52,8,6,0.75,1,1,50
20,53,8,1,0.125,1,0,50
20,54,8,7,0.875,1,1,50
20,55,8,0,0.0,1,0,50
20,56,8,4,0.5,1,1,50
20,57,8,7,0.875,1,1,50
20,58,8,3,0.375,1,1,50
20,59,8,6,0.75,1,1,50
20,60,8,1,0.125,1,0,50
20,61,8,3,0.375,1,1,50
20,62,8,3,0.375,1,1,50
20,63,8,1,0.125,1,0,50
20,64,8,5,0.625,1,1,50
20,65,8,2,0.25,1,0,50
20,66,8,2,0.25,1,0,50
20,67,8,0,0.0,1,1,50
20,68,8,4,0.5,1,1,50
20,69,8,4,0.5,1,0,50
20,70,8,1,0.125,1,0,50
20,71,8,2,0.25,1,1,50
20,72,8,2,0.25,1,0,50
20,73,8,1,0.125,1,1,50
20,74,8,3,0.375,1,0,50
20,75,8,2,0.25,1,0,50
20,76,8,0,0.0,1,1,50
20,77,8,5,0.625,1,0,50
20,78,8,1,0.125,1,0,50
20,79,8,4,0.5,1,1,50
20,80,8,3,0.375,1,0,50
20,81,8,8,1.0,1,1,50
20,82,8,0,0.0,1,1,50
20,83,8,3,0.375,1,0,50
20,84,8,2,0.25,1,0,50
20,85,8,0,0.0,1,1,50
20,86,8,5,0.625,1,1,50
20,87,8,3,0.375,1,1,50
20,88,8,3,0.375,1,0,50
20,89,8,6,0.75,1,1,50
20,90,8,2,0.25,1,0,50
20,91,8,5,0.625,1,1,50
20,92,8,5,0.625,1,1,50
20,93,8,5,0.625,1,0,50
20,94,8,1,0.125,1,0,50
20,95,8,3,0.375,1,1,50
20,96,8,1,0.125,1,1,50
20,97,8,2,0.25,1,0,50
20,98,8,1,0.125,1,0,50
20,99,8,3,0.375,1,1,50
21,0,8,2,0.25,1,0,50
21,1,8,3,0.375,1,0,50
21,2,8,1,0.125,1,0,50
21,3,8,2,0.25,1,0,50
21,4,8,5,0.625,1,0,50
21,5,8,2,0.25,1,1,50
21,6,8,1,0.125,1,1,50
21,7,8,4,0.5,1,0,50
21,8,8,5,0.625,1,0,50
21,9,8,1,0.125,1,0,50
21,10,8,4,0.5,1,1,50
21,11,8,3,0.375,1,0,50
21,12,8,2,0.25,1,0,50
21,13,8,7,0.875,1,1,50
21,14,8,1,0.125,1,0,50
21,15,8,1,0.125,1,0,50
21,16,8,4,0.5,1,1,50
21,17,8,8,1.0,1,1,50
21,18,8,3,0.375,1,0,50
21,19,8,0,0.0,1,1,50
21,20,8,1,0.125,1,1,50
21,21,8,5,0.625,1,0,50
21,22,8,2,0.25,1,0,50
21,23,8,3,0.375,1,0,50
21,24,8,8,1.0,1,1,50
21,25,8,1,0.125,1,1,50
21,26,8,0,0.0,1,0,50
21,27,8,3,0.375,1,0,50
21,28,8,2,0.25,1,0,50
21,29,8,1,0.125,1,0,50
21,30,8,8,1.0,1,1,50
21,31,8,5,0.625,1,1,50
21,32,8,1,0.125,1,0,50
21,33,8,0,0.0,1,1,50
21,34,8,2,0.25,1,0,50
21,35,8,1,0.125,1,0,50
21,36,8,7,0.875,1,1,50
21,37,8,3,0.375,1,0,50
21,38,8,3,0.375,1,0,50
21,39,8,4,0.5,1,0,50
21,40,8,2,0.25,1,1,50
21,41,8,1,0.125,1,0,50
21,42,8,0,0.0,1,1,50
21,43,8,5,0.625,1,1,50
21,44,8,3,0.375,1,0,50
21,45,8,7,0.875,1,1,50
21,46,8,1,0.125,1,0,50
21,47,8,1,0.125,1,0,50
21,48,8,4,0.5,1,1,50
21,49,8,2,0.25,1,0,50
21,50,8,7,0.875,1,1,50
21,51,8,4,0.5,1,1,50
21,52,8,7,0.875,1,1,50
21,53,8,2,0.25,1,1,50
21,54,8,8,1.0,1,1,50
21,55,8,0,0.0,1,1,50
21,56,8,2,0.25,1,1,50
21,57,8,3,0.375,1,0,50
21,58,8,8,1.0,1,1,50
21,59,8,1,0.125,1,0,50
21,60,8,3,0.375,1,0,50
21,61,8,5,0.625,1,1,50
21,62,8,3,0.375,1,1,50
21,63,8,4,0.5,1,1,50
21,64,8,6,0.75,1,1,50
21,65,8,1,0.125,1,0,50
21,66,8,6,0.75,1,1,50
21,67,8,2,0.25,1,1,50
21,68,8,1,0.125,1,0,50
21,69,8,0,0.0,1,1,50
21,70,8,5,0.625,1,0,50
21,71,8,2,0.25,1,0,50
21,72,8,0,0.0,1,1,50
21,73,8,5,0.625,1,1,50
21,74,8,1,0.125,1,0,50
21,75,8,3,0.375,1,0,50
21,76,8,2,0.25,1,0,50
21,77,8,1,0.125,1,0,50
21,78,8,5,0.625,1,1,50
21,79,8,0,0.0,1,1,50
21,80,8,2,0.25,1,1,50
21,81,8,4,0.5,1,1,50
21,82,8,4,0.5,1,0,50
21,83,8,1,0.125,1,0,50
21,84,8,1,0.125,1,0,50
21,85,8,7,0.875,1,1,50
21,86,8,1,0.125,1,0,50
21,87,8,1,0.125,1,0,50
21,88,8,3,0.375,1,0,50
21,89,8,3,0.375,1,0,50
21,90,8,1,0.125,1,0,50
21,91,8,1,0.125,1,1,50
21,92,8,8,1.0,1,1,50
21,93,8,4,0.5,1,0,50
21,94,8,2,0.25,1,1,50
21,95,8,1,0.125,1,0,50
21,96,8,3,0.375,1,0,50
21,97,8,0,0.0,1,0,50
21,98,8,8,1.0,1,1,50
21,99,8,2,0.25,1,1,50
22,0,8,0,0.0,1,1,50
22,1,8,2,0.25,1,0,50
22,2,8,1,0.125,1,1,50
22,3,8,0,0.0,1,1,50
22,4,8,8,1.0,1,1,50
22,5,8,2,0.25,1,0,50
22,6,8,2,0.25,1,1,50
22,7,8,3,0.375,1,0,50
22,8,8,8,1.0,1,1,50
22,9,8,1,0.125,1,1,50
22,10,8,4,0.5,1,1,50
22,11,8,0,0.0,1,0,50
22,12,8,2,0.25,1,0,50
22,13,8,6,0.75,1,1,50
22,14,8,2,0.25,1,0,50
22,15,8,1,0.125,1,1,50
22,16,8,4,0.5,1,1,50
22,17,8,1,0.125,1,0,50
22,18,8,7,0.875,1,1,50
22,19,8,0,0.0,1,1,50
22,20,8,1,0.125,1,0,50
22,21,8,7,0.875,1,1,50
22,22,8,2,0.25,1,0,50
22,23,8,8,1.0,1,1,50
22,24,8,2,0.25,1,0,50
22,25,8,4,0.5,1,1,50
22,26,8,2,0.25,1,0,50
22,27,8,3,0.375,1,0,50
22,28,8,1,0.125,1,0,50
22,29,8,4,0.5,1,0,50
22,30,8,6,0.75,1,1,50
22,31,8,7,0.875,1,1,50
22,32,8,1,0.125,1,0,50
22,33,8,1,0.125,1,0,50
22,34,8,4,0.5,1,1,50
22,35,8,1,0.125,1,0,50
22,36,8,5,0.625,1,1,50
22,37,8,7,0.875,1,1,50
22,38,8,2,0.25,1,0,50
22,39,8,2,0.25,1,0,50
22,40,8,0,0.0,1,1,50
22,41,8,3,0.375,1,1,50
22,42,8,3,0.375,1,0,50
22,43,8,6,0.75,1,1,50
22,44,8,6,0.75,1,1,50
22,45,8,3,0.375,1,0,50
22,46,8,2,0.25,1,0,50
22,47,8,1,0.125,1,1,50
22,48,8,3,0.375,1,0,50
22,49,8,7,0.875,1,1,50
22,50,8,7,0.875,1,1,50
22,51,8,3,0.375,1,0,50
22,52,8,3,0.375,1,0,50
22,53,8,0,0.0,1,0,50
22,54,8,6,0.75,1,1,50
22,55,8,1,0.125,1,0,50
22,56,8,3,0.375,1,0,50
22,57,8,4,0.5,1,0,50
22,58,8,1,0.125,1,1,50
22,59,8,7,0.875,1,1,50
22,60,8,6,0.75,1,1,50
22,61,8,2,0.25,1,0,50
22,62,8,5,0.625,1,1,50
22,63,8,2,0.25,1,0,50
22,64,8,0,0.0,1,0,50
22,65,8,7,0.875,1,1,50
22,66,8,0,0.0,1,0,50
22,67,8,1,0.125,1,0,50
22,68,8,4,0.5,1,1,50
22,69,8,2,0.25,1,0,50
22,70,8,3,0.375,1,0,50
22,71,8,2,0.25,1,0,50
22,72,8,1,0.125,1,1,50
22,73,8,2,0.25,1,0,50
22,74,8,1,0.125,1,1,50
22,75,8,5,0.625,1,1,50
22,76,8,3,0.375,1,0,50
22,77,8,6,0.75,1,1,50
22,78,8,1,0.125,1,0,50
22,79,8,2,0.25,1,0,50
22,80,8,4,0.5,1,0,50
22,81,8,1,0.125,1,0,50
22,82,8,0,0.0,1,0,50
22,83,8,7,0.875,1,1,50
22,84,8,1,0.125,1,0,50
22,85,8,1,0.125,1,0,50
22,86,8,2,0.25,1,0,50
22,87,8,4,0.5,1,0,50
22,88,8,2,0.25,1,0,50
22,89,8,0,0.0,1,1,50
22,90,8,7,0.875,1,1,50
22,91,8,8,1.0,1,1,50
22,92,8,1,0.125,1,0,50
22,93,8,2,0.25,1,0,50
22,94,8,3,0.375,1,1,50
22,95,8,0,0.0,1,0,50
22,96,8,1,0.125,1,0,50
22,97,8,3,0.375,1,1,50
22,98,8,3,0.375,1,1,50
22,99,8,2,0.25,1,0,50
23,0,8,0,0.0,1,1,50
23,1,8,4,0.5,1,1,50
23,2,8,4,0.5,1,0,50
23,3,8,3,0.375,1,0,50
23,4,8,6,0.75,1,1,50
23,5,8,4,0.5,1,1,50
23,6,8,1,0.125,1,0,50
23,7,8,8,1.0,1,1,50
23,8,8,0,0.0,1,0,50
23,9,8,3,0.375,1,0,50
23,10,8,2,0.25,1,0,50
23,11,8,2,0.25,1,0,50
23,12,8,5,0.625,1,1,50
23,13,8,6,0.75,1,1,50
23,14,8,6,0.75,1,1,50
23,15,8,3,0.375,1,0,50
23,16,8,2,0.25,1,1,50
23,17,8,2,0.25,1,1,50
23,18,8,8,1.0,1,1,50
23,19,8,0,0.0,1,1,50
23,20,8,0,0.0,1,1,50
23,21,8,1,0.125,1,0,50
23,22,8,1,0.125,1,1,50
23,23,8,2,0.25,1,0,50
23,24,8,5,0.625,1,1,50
23,25,8,3,0.375,1,0,50
23,26,8,1,0.125,1,0,50
23,27,8,4,0.5,1,0,50
23,28,8,5,0.625,1,0,50
23,29,8,1,0.125,1,0,50
23,30,8,2,0.25,1,0,50
23,31,8,0,0.0,1,0,50
23,32,8,2,0.25,1,1,50
23,33,8,1,0.125,1,0,50
23,34,8,3,0.375,1,1,50
23,35,8,1,0.125,1,0,50
23,36,8,8,1.0,1,1,50
23,37,8,2,0.25,1,0,50
23,38,8,1,0.125,1,1,50
23,39,8,5,0.625,1,0,50
23,40,8,0,0.0,1,1,50
23,41,8,2,0.25,1,0,50
23,42,8,1,0.125,1,1,50
23,43,8,0,0.0,1,1,50
23,44,8,6,0.75,1,1,50
23,45,8,4,0.5,1,1,50
23,46,8,6,0.75,1,1,50
23,47,8,7,0.875,1,1,50
23,48,8,8,1.0,1,1,50
23,49,8,1,0.125,1,0,50
23,50,8,2,0.25,1,0,50
23,51,8,7,0.875,1,1,50
23,52,8,2,0.25,1,0,50
23,53,8,0,0.0,1,0,50
23,54,8,5,0.625,1,1,50
23,55,8,1,0.125,1,0,50
23,56,8,0,0.0,1,0,50
23,57,8,2,0.25,1,0,50
23,58,8,0,0.0,1,1,50
23,59,8,8,1.0,1,1,50
23,60,8,5,0.625,1,1,50
23,61,8,3,0.375,1,1,50
23,62,8,0,0.0,1,0,50
23,63,8,0,0.0,1,0,50
23,64,8,2,0.25,1,0,50
23,65,8,1,0.125,1,1,50
23,66,8,3,0.375,1,0,50
23,67,8,7,0.875,1,1,50
23,68,8,5,0.625,1,1,50
23,69,8,2,0.25,1,1,50
23,70,8,2,0.25,1,0,50
23,71,8,7,0.875,1,1,50
23,72,8,2,0.25,1,0,50
23,73,8,6,0.75,1,1,50
23,74,8,2,0.25,1,0,50
23,75,8,0,0.0,1,1,50
23,76,8,3,0.375,1,0,50
23,77,8,7,0.875,1,1,50
23,78,8,1,0.125,1,0,50
23,79,8,1,0.125,1,1,50
23,80,8,4,0.5,1,0,50
23,81,8,8,1.0,1,1,50
23,82,8,2,0.25,1,0,50
23,83,8,1,0.125,1,0,50
23,84,8,4,0.5,1,0,50
23,85,8,2,0.25,1,0,50
23,86,8,2,0.25,1,0,50
23,87,8,2,0.25,1,0,50
23,88,8,2,0.25,1,1,50
23,89,8,1,0.125,1,1,50
23,90,8,8,1.0,1,1,50
23,91,8,3,0.375,1,1,50
23,92,8,7,0.875,1,1,50
23,93,8,2,0.25,1,0,50
23,94,8,8,1.0,1,1,50
23,95,8,1,0.125,1,1,50
23,96,8,1,0.125,1,0,50
23,97,8,2,0.25,1,1,50
23,98,8,2,0.25,1,0,50
23,99,8,2,0.25,1,0,50
24,0,8,3,0.375,1,0,50
24,1,8,6,0.75,1,1,50
24,2,8,7,0.875,1,1,50
24,3,8,8,1.0,1,1,50
24,4,8,4,0.5,1,1,50
24,5,8,2,0.25,1,1,50
24,6,8,3,0.375,1,1,50
24,7,8,1,0.125,1,1,50
24,8,8,3,0.375,1,0,50
24,9,8,1,0.125,1,0,50
24,10,8,2,0.25,1,1,50
24,11,8,2,0.25,1,1,50
24,12,8,1,0.125,1,0,50
24,13,8,2,0.25,1,0,50
24,14,8,4,0.5,1,1,50
24,15,8,5,0.625,1,1,50
24,16,8,4,0.5,1,0,50
24,17,8,7,0.875,1,1,50
24,18,8,0,0.0,1,1,50
24,19,8,5,0.625,1,1,50
24,20,8,3,0.375,1,0,50
24,21,8,8,1.0,1,1,50
24,22,8,3,0.375,1,0,50
24,23,8,6,0.75,1,1,50
24,24,8,5,0.625,1,1,50
24,25,8,8,1.0,1,1,50
24,26,8,1,0.125,1,0,50
24,27,8,8,1.0,1,1,50
24,28,8,2,0.25,1,0,50
24,29,8,2,0.25,1,0,50
24,30,8,1,0.125,1,1,50
24,31,8,6,0.75,1,1,50
24,32,8,7,0.875,1,1,50
24,33,8,3,0.375,1,0,50
24,34,8,4,0.5,1,1,50
24,35,8,1,0.125,1,0,50
24,36,8,3,0.375,1,0,50
24,37,8,0,0.0,1,0,50
24,38,8,3,0.375,1,0,50
24,39,8,0,0.0,1,0,50
24,40,8,2,0.25,1,0,50
24,41,8,2,0.25,1,1,50
24,42,8,2,0.25,1,0,50
24,43,8,1,0.125,1,0,50
24,44,8,2,0.25,1,0,50
24,45,8,1,0.125,1,0,50
24,46,8,3,0.375,1,1,50
24,47,8,1,0.125,1,0,50
24,48,8,2,0.25,1,1,50
24,49,8,6,0.75,1,1,50
24,50,8,2,0.25,1,0,50
24,51,8,2,0.25,1,0,50
24,52,8,2,0.25,1,0,50
24,53,8,2,0.25,1,0,50
24,54,8,4,0.5,1,1,50
24,55,8,7,0.875,1,1,50
24,56,8,0,0.0,1,1,50
24,57,8,3,0.375,1,0,50
24,58,8,5,0.625,1,1,50
24,59,8,1,0.125,1,0,50
24,60,8,0,0.0,1,1,50
24,61,8,1,0.125,1,0,50
24,62,8,1,0.125,1,0,50
24,63,8,2,0.25,1,0,50
24,64,8,8,1.0,1,1,50
24,65,8,1,0.125,1,0,50
24,66,8,1,0.125,1,0,50
24,67,8,2,0.25,1,0,50
24,68,8,2,0.25,1,0,50
24,69,8,1,0.125,1,0,50
24,70,8,4,0.5,1,0,50
24,71,8,2,0.25,1,0,50
24,72,8,3,0.375,1,0,50
24,73,8,2,0.25,1,0,50
24,74,8,4,0.5,1,1,50
24,75,8,4,0.5,1,1,50
24,76,8,7,0.875,1,1,50
24,77,8,1,0.125,1,1,50
24,78,8,5,0.625,1,1,50
24,79,8,1,0.125,1,0,50
24,80,8,6,0.75,1,1,50
24,81,8,0,0.0,1,1,50
24,82,8,5,0.625,1,1,50
24,83,8,4,0.5,1,1,50
24,84,8,1,0.125,1,0,50
24,85,8,2,0.25,1,0,50
24,86,8,6,0.75,1,1,50
24,87,8,1,0.125,1,0,50
24,88,8,0,0.0,1,1,50
24,89,8,3,0.375,1,0,50
24,90,8,3,0.375,1,0,50
24,91,8,1,0.125,1,0,50
24,92,8,7,0.875,1,1,50
24,93,8,7,0.875,1,1,50
24,94,8,1,0.125,1,0,50
24,95,8,1,0.125,1,0,50
24,96,8,2,0.25,1,0,50
24,97,8,2,0.25,1,1,50
24,98,8,3,0.375,1,0,50
24,99,8,1,0.125,1,0,50
25,0,8,3,0.375,1,1,50
25,1,8,3,0.375,1,0,50
25,2,8,8,1.0,1,1,50
25,3,8,8,1.0,1,1,50
25,4,8,1,0.125,1,0,50
25,5,8,2,0.25,1,0,50
25,6,8,2,0.25,1,0,50
25,7,8,1,0.125,1,1,50
25,8,8,2,0.25,1,0,50
25,9,8,1,0.125,1,0,50
25,10,8,3,0.375,1,1,50
25,11,8,3,0.375,1,0,50
25,12,8,1,0.125,1,0,50
25,13,8,2,0.25,1,0,50
25,14,8,4,0.5,1,1,50
25,15,8,5,0.625,1,1,50
25,16,8,0,0.0,1,0,50
25,17,8,1,0.125,1,0,50
25,18,8,0,0.0,1,1,50
25,19,8,6,0.75,1,1,50
25,20,8,2,0.25,1,0,50
25,21,8,3,0.375,1,0,50
25,22,8,0,0.0,1,0,50
25,23,8,0,0.0,1,0,50
25,24,8,1,0.125,1,1,50
25,25,8,2,0.25,1,1,50
25,26,8,7,0.875,1,1,50
25,27,8,1,0.125,1,0,50
25,28,8,7,0.875,1,1,50
25,29,8,2,0.25,1,1,50
25,30,8,1,0.125,1,0,50
25,31,8,2,0.25,1,0,50
25,32,8,0,0.0,1,1,50
25,33,8,2,0.25,1,0,50
25,34,8,1,0.125,1,1,50
25,35,8,1,0.125,1,0,50
25,36,8,0,0.0,1,0,50
25,37,8,3,0.375,1,0,50
25,38,8,8,1.0,1,1,50
25,39,8,7,0.875,1,1,50
25,40,8,7,0.875,1,1,50
25,41,8,8,1.0,1,1,50
25,42,8,5,0.625,1,1,50
25,43,8,5,0.625,1,1,50
25,44,8,1,0.125,1,1,50
25,45,8,1,0.125,1,0,50
25,46,8,3,0.375,1,0,50
25,47,8,2,0.25,1,0,50
25,48,8,2,0.25,1,0,50
25,49,8,1,0.125,1,1,50
25,50,8,7,0.875,1,1,50
25,51,8,0,0.0,1,0,50
25,52,8,1,0.125,1,0,50
25,53,8,1,0.125,1,0,50
25,54,8,4,0.5,1,0,50
25,55,8,0,0.0,1,1,50
25,56,8,3,0.375,1,0,50
25,57,8,0,0.0,1,0,50
25,58,8,7,0.875,1,1,50
25,59,8,1,0.125,1,0,50
25,60,8,3,0.375,1,0,50
25,61,8,4,0.5,1,1,50
25,62,8,1,0.125,1,1,50
25,63,8,1,0.125,1,1,50
25,64,8,2,0.25,1,0,50
25,65,8,5,0.625,1,0,50
25,66,8,1,0.125,1,1,50
25,67,8,4,0.5,1,0,50
25,68,8,2,0.25,1,0,50
25,69,8,8,1.0,1,1,50
25,70,8,2,0.25,1,0,50
25,71,8,3,0.375,1,1,50
25,72,8,8,1.0,1,1,50
25,73,8,0,0.0,1,0,50
25,74,8,3,0.375,1,1,50
25,75,8,1,0.125,1,1,50
25,76,8,6,0.75,1,1,50
25,77,8,6,0.75,1,1,50
25,78,8,0,0.0,1,0,50
25,79,8,1,0.125,1,0,50
25,80,8,3,0.375,1,1,50
25,81,8,7,0.875,1,1,50
25,82,8,7,0.875,1,1,50
25,83,8,3,0.375,1,0,50
25,84,8,3,0.375,1,0,50
25,85,8,3,0.375,1,0,50
25,86,8,2,0.25,1,0,50
25,87,8,3,0.375,1,1,50
25,88,8,0,0.0,1,0,50
25,89,8,7,0.875,1,1,50
25,90,8,7,0.875,1,1,50
25,91,8,4,0.5,1,0,50
25,92,8,8,1.0,1,1,50
25,93,8,2,0.25,1,0,50
25,94,8,3,0.375,1,0,50
25,95,8,4,0.5,1,0,50
25,96,8,1,0.125,1,1,50
25,97,8,2,0.25,1,0,50
25,98,8,4,0.5,1,0,50
25,99,8,1,0.125,1,0,50
26,0,8,3,0.375,1,0,50
26,1,8,2,0.25,1,0,50
26,2,8,1,0.125,1,0,50
26,3,8,4,0.5,1,0,50
26,4,8,6,0.75,1,1,50
26,5,8,7,0.875,1,1,50
26,6,8,0,0.0,1,1,50
26,7,8,2,0.25,1,1,50
26,8,8,3,0.375,1,0,50
26,9,8,2,0.25,1,0,50
26,10,8,4,0.5,1,0,50
26,11,8,2,0.25,1,1,50
26,12,8,3,0.375,1,0,50
26,13,8,1,0.125,1,1,50
26,14,8,7,0.875,1,1,50
26,15,8,2,0.25,1,0,50
26,16,8,6,0.75,1,1,50
26,17,8,1,0.125,1,0,50
26,18,8,2,0.25,1,0,50
26,19,8,2,0.25,1,0,50
26,20,8,6,0.75,1,1,50
26,21,8,5,0.625,1,1,50
26,22,8,4,0.5,1,1,50
26,23,8,0,0.0,1,1,50
26,24,8,4,0.5,1,1,50
26,25,8,0,0.0,1,1,50
26,26,8,8,1.0,1,1,50
26,27,8,3,0.375,1,1,50
26,28,8,8,1.0,1,1,50
26,29,8,3,0.375,1,1,50
26,30,8,3,0.375,1,1,50
26,31,8,1,0.125,1,0,50
26,32,8,2,0.25,1,0,50
26,33,8,0,0.0,1,1,50
26,34,8,1,0.125,1,1,50
26,35,8,1,0.125,1,0,50
26,36,8,1,0.125,1,1,50
26,37,8,3,0.375,1,1,50
26,38,8,1,0.125,1,1,50
26,39,8,0,0.0,1,1,50
26,40,8,3,0.375,1,1,50
26,41,8,1,0.125,1,0,50
26,42,8,6,0.75,1,1,50
26,43,8,2,0.25,1,0,50
26,44,8,2,0.25,1,0,50
26,45,8,1,0.125,1,0,50
26,46,8,1,0.125,1,1,50
26,47,8,3,0.375,1,0,50
26,48,8,7,0.875,1,1,50
26,49,8,2,0.25,1,0,50
26,50,8,3,0.375,1,1,50
26,51,8,3,0.375,1,0,50
26,52,8,1,0.125,1,0,50
26,53,8,1,0.125,1,0,50
26,54,8,1,0.125,1,0,50
26,55,8,1,0.125,1,0,50
26,56,8,1,0.125,1,0,50
26,57,8,3,0.375,1,0,50
26,58,8,1,0.125,1,0,50
26,59,8,0,0.0,1,0,50
26,60,8,1,0.125,1,0,50
26,61,8,3,0.375,1,1,50
26,62,8,3,0.375,1,0,50
26,63,8,2,0.25,1,1,50
26,64,8,2,0.25,1,0,50
26,65,8,8,1.0,1,1,50
26,66,8,7,0.875,1,1,50
26,67,8,2,0.25,1,0,50
26,68,8,3,0.375,1,0,50
26,69,8,7,0.875,1,1,50
26,70,8,3,0.375,1,0,50
26,71,8,0,0.0,1,1,50
26,72,8,5,0.625,1,1,50
26,73,8,7,0.875,1,1,50
26,74,8,5,0.625,1,0,50
26,75,8,3,0.375,1,1,50
26,76,8,3,0.375,1,1,50
26,77,8,4,0.5,1,1,50
26,78,8,4,0.5,1,0,50
26,79,8,4,0.5,1,1,50
26,80,8,0,0.0,1,1,50
26,81,8,0,0.0,1,1,50
26,82,8,3,0.375,1,0,50
26,83,8,0,0.0,1,1,50
26,84,8,8,1.0,1,1,50
26,85,8,8,1.0,1,1,50
26,86,8,6,0.75,1,1,50
26,87,8,4,0.5,1,1,50
26,88,8,0,0.0,1,1,50
26,89,8,6,0.75,1,1,50
26,90,8,2,0.25,1,0,50
26,91,8,7,0.875,1,1,50
26,92,8,3,0.375,1,0,50
26,93,8,8,1.0,1,1,50
26,94,8,0,0.0,1,1,50
26,95,8,7,0.875,1,1,50
26,96,8,8,1.0,1,1,50
26,97,8,1,0.125,1,0,50
26,98,8,2,0.25,1,0,50
26,99,8,1,0.125,1,0,50
27,0,8,1,0.125,1,1,50
27,1,8,4,0.5,1,1,50
27,2,8,1,0.125,1,0,50
27,3,8,2,0.25,1,0,50
27,4,8,7,0.875,1,1,50
27,5,8,2,0.25,1,0,50
27,6,8,3,0.375,1,1,50
27,7,8,1,0.125,1,0,50
27,8,8,1,0.125,1,0,50
27,9,8,4,0.5,1,0,50
27,10,8,4,0.5,1,0,50
27,11,8,3,0.375,1,1,50
27,12,8,2,0.25,1,1,50
27,13,8,3,0.375,1,0,50
27,14,8,4,0.5,1,1,50
27,15,8,3,0.375,1,0,50
27,16,8,2,0.25,1,0,50
27,17,8,2,0.25,1,0,50
27,18,8,2,0.25,1,1,50
27,19,8,3,0.375,1,0,50
27,20,8,3,0.375,1,1,50
27,21,8,1,0.125,1,0,50
27,22,8,1,0.125,1,0,50
27,23,8,0,0.0,1,1,50
27,24,8,6,0.75,1,0,50
27,25,8,1,0.125,1,0,50
27,26,8,0,0.0,1,1,50
27,27,8,8,1.0,1,1,50
27,28,8,0,0.0,1,1,50
27,29,8,1,0.125,1,0,50
27,30,8,1,0.125,1,0,50
27,31,8,1,0.125,1,0,50
27,32,8,0,0.0,1,1,50
27,33,8,5,0.625,1,0,50
27,34,8,4,0.5,1,1,50
27,35,8,2,0.25,1,0,50
27,36,8,2,0.25,1,0,50
27,37,8,4,0.5,1,1,50
27,38,8,1,0.125,1,1,50
27,39,8,2,0.25,1,0,50
27,40,8,3,0.375,1,0,50
27,41,8,6,0.75,1,1,50
27,42,8,3,0.375,1,0,50
27,43,8,7,0.875,1,1,50
27,44,8,5,0.625,1,1,50
27,45,8,1,0.125,1,1,50
27,46,8,6,0.75,1,1,50
27,47,8,3,0.375,1,0,50
27,48,8,2,0.25,1,0,50
27,49,8,3,0.375,1,0,50
27,50,8,1,0.125,1,0,50
27,51,8,4,0.5,1,0,50
27,52,8,0,0.0,1,0,50
27,53,8,3,0.375,1,1,50
27,54,8,0,0.0,1,1,50
27,55,8,4,0.5,1,1,50
27,56,8,0,0.0,1,0,50
27,57,8,1,0.125,1,0,50
27,58,8,0,0.0,1,0,50
27,59,8,2,0.25,1,0,50
27,60,8,4,0.5,1,0,50
27,61,8,3,0.375,1,1,50
27,62,8,4,0.5,1,0,50
27,63,8,3,0.375,1,0,50
27,64,8,0,0.0,1,0,50
27,65,8,4,0.5,1,0,50
27,66,8,2,0.25,1,0,50
27,67,8,6,0.75,1,1,50
27,68,8,2,0.25,1,0,50
27,69,8,6,0.75,1,1,50
27,70,8,8,1.0,1,1,50
27,71,8,4,0.5,1,0,50
27,72,8,2,0.25,1,0,50
27,73,8,1,0.125,1,0,50
27,74,8,3,0.375,1,0,50
27,75,8,4,0.5,1,0,50
27,76,8,6,0.75,1,1,50
27,77,8,4,0.5,1,0,50
27,78,8,4,0.5,1,0,50
27,79,8,3,0.375,1,0,50
27,80,8,1,0.125,1,0,50
27,81,8,3,0.375,1,1,50
27,82,8,2,0.25,1,0,50
27,83,8,6,0.75,1,1,50
27,84,8,4,0.5,1,0,50
27,85,8,2,0.25,1,0,50
27,86,8,8,1.0,1,1,50
27,87,8,1,0.125,1,0,50
27,88,8,7,0.875,1,1,50
27,89,8,4,0.5,1,0,50
27,90,8,3,0.375,1,1,50
27,91,8,1,0.125,1,0,50
27,92,8,4,0.5,1,1,50
27,93,8,1,0.125,1,1,50
27,94,8,6,0.75,1,1,50
27,95,8,1,0.125,1,0,50
27,96,8,0,0.0,1,0,50
27,97,8,4,0.5,1,1,50
27,98,8,1,0.125,1,0,50
27,99,8,8,1.0,1,1,50
28,0,8,8,1.0,1,1,50
28,1,8,2,0.25,1,0,50
28,2,8,2,0.25,1,0,50
28,3,8,1,0.125,1,0,50
28,4,8,2,0.25,1,0,50
28,5,8,2,0.25,1,0,50
28,6,8,8,1.0,1,1,50
28,7,8,3,0.375,1,0,50
28,8,8,5,0.625,1,0,50
28,9,8,2,0.25,1,0,50
28,10,8,4,0.5,1,1,50
28,11,8,2,0.25,1,0,50
28,12,8,2,0.25,1,0,50
28,13,8,2,0.25,1,0,50
28,14,8,1,0.125,1,0,50
28,15,8,7,0.875,1,1,50
28,16,8,3,0.375,1,0,50
28,17,8,3,0.375,1,1,50
28,18,8,2,0.25,1,0,50
28,19,8,3,0.375,1,1,50
28,20,8,2,0.25,1,1,50
28,21,8,1,0.125,1,1,50
28,22,8,2,0.25,1,0,50
28,23,8,4,0.5,1,0,50
28,24,8,8,1.0,1,1,50
28,25,8,1,0.125,1,1,50
28,26,8,4,0.5,1,0,50
28,27,8,2,0.25,1,1,50
28,28,8,3,0.375,1,1,50
28,29,8,5,0.625,1,1,50
28,30,8,0,0.0,1,0,50
28,31,8,2,0.25,1,1,50
28,32,8,2,0.25,1,0,50
28,33,8,0,0.0,1,0,50
28,34,8,1,0.125,1,0,50
28,35,8,0,0.0,1,1,50
28,36,8,8,1.0,1,1,50
28,37,8,2,0.25,1,1,50
28,38,8,1,0.125,1,1,50
28,39,8,1,0.125,1,0,50
28,40,8,1,0.125,1,0,50
28,41,8,0,0.0,1,0,50
28,42,8,4,0.5,1,0,50
28,43,8,5,0.625,1,1,50
28,44,8,3,0.375,1,1,50
28,45,8,2,0.25,1,0,50
28,46,8,1,0.125,1,0,50
28,47,8,0,0.0,1,0,50
28,48,8,2,0.25,1,0,50
28,49,8,6,0.75,1,1,50
28,50,8,1,0.125,1,0,50
28,51,8,1,0.125,1,1,50
28,52,8,2,0.25,1,1,50
28,53,8,8,1.0,1,1,50
28,54,8,2,0.25,1,0,50
28,55,8,6,0.75,1,1,50
28,56,8,8,1.0,1,1,50
28,57,8,6,0.75,1,1,50
28,58,8,4,0.5,1,0,50
28,59,8,3,0.375,1,1,50
28,60,8,0,0.0,1,1,50
28,61,8,8,1.0,1,1,50
28,62,8,2,0.25,1,1,50
28,63,8,1,0.125,1,1,50
28,64,8,4,0.5,1,0,50
28,65,8,2,0.25,1,0,50
28,66,8,4,0.5,1,0,50
28,67,8,1,0.125,1,0,50
28,68,8,1,0.125,1,1,50
28,69,8,5,0.625,1,1,50
28,70,8,2,0.25,1,0,50
28,71,8,5,0.625,1,0,50
28,72,8,0,0.0,1,0,50
28,73,8,6,0.75,1,1,50
28,74,8,5,0.625,1,1,50
28,75,8,7,0.875,1,1,50
28,76,8,1,0.125,1,0,50
28,77,8,1,0.125,1,0,50
28,78,8,1,0.125,1,0,50
28,79,8,2,0.25,1,0,50
28,80,8,6,0.75,1,1,50
28,81,8,2,0.25,1,0,50
28,82,8,1,0.125,1,0,50
28,83,8,2,0.25,1,0,50
28,84,8,3,0.375,1,1,50
28,85,8,2,0.25,1,0,50
28,86,8,5,0.625,1,1,50
28,87,8,6,0.75,1,0,50
28,88,8,3,0.375,1,0,50
28,89,8,3,0.375,1,0,50
28,90,8,8,1.0,1,1,50
28,91,8,2,0.25,1,0,50
28,92,8,8,1.0,1,1,50
28,93,8,1,0.125,1,0,50
28,94,8,4,0.5,1,1,50
28,95,8,1,0.125,1,0,50
28,96,8,4,0.5,1,0,50
28,97,8,3,0.375,1,0,50
28,98,8,1,0.125,1,1,50
28,99,8,1,0.125,1,0,50
29,0,8,3,0.375,1,0,50
29,1,8,2,0.25,1,0,50
29,2,8,2,0.25,1,0,50
29,3,8,2,0.25,1,0,50
29,4,8,1,0.125,1,1,50
29,5,8,6,0.75,1,1,50
29,6,8,5,0.625,1,1,50
29,7,8,2,0.25,1,1,50
29,8,8,1,0.125,1,0,50
29,9,8,2,0.25,1,1,50
29,10,8,6,0.75,1,1,50
29,11,8,4,0.5,1,1,50
29,12,8,2,0.25,1,0,50
29,13,8,1,0.125,1,0,50
29,14,8,1,0.125,1,1,50
29,15,8,2,0.25,1,1,50
29,16,8,0,0.0,1,0,50
29,17,8,1,0.125,1,0,50
29,18,8,4,0.5,1,1,50
29,19,8,1,0.125,1,0,50
29,20,8,5,0.625,1,1,50
29,21,8,5,0.625,1,0,50
29,22,8,3,0.375,1,0,50
29,23,8,7,0.875,1,1,50
29,24,8,1,0.125,1,0,50
29,25,8,6,0.75,1,1,50
29,26,8,8,1.0,1,1,50
29,27,8,2,0.25,1,0,50
29,28,8,3,0.375,1,1,50
29,29,8,2,0.25,1,0,50
29,30,8,4,0.5,1,0,50
29,31,8,2,0.25,1,0,50
29,32,8,6,0.75,1,1,50
29,33,8,1,0.125,1,0,50
29,34,8,0,0.0,1,0,50
29,35,8,1,0.125,1,1,50
29,36,8,1,0.125,1,0,50
29,37,8,2,0.25,1,1,50
29,38,8,2,0.25,1,1,50
29,39,8,3,0.375,1,1,50
29,40,8,2,0.25,1,1,50
29,41,8,5,0.625,1,1,50
29,42,8,5,0.625,1,1,50
29,43,8,2,0.25,1,1,50
29,44,8,2,0.25,1,0,50
29,45,8,2,0.25,1,1,50
29,46,8,2,0.25,1,1,50
29,47,8,1,0.125,1,0,50
29,48,8,8,1.0,1,1,50
29,49,8,2,0.25,1,0,50
29,50,8,4,0.5,1,1,50
29,51,8,3,0.375,1,0,50
29,52,8,0,0.0,1,1,50
29,53,8,0,0.0,1,0,50
29,54,8,7,0.875,1,1,50
29,55,8,1,0.125,1,0,50
29,56,8,1,0.125,1,1,50
29,57,8,1,0.125,1,0,50
29,58,8,1,0.125,1,0,50
29,59,8,1,0.125,1,0,50
29,60,8,1,0.125,1,0,50
29,61,8,0,0.0,1,0,50
29,62,8,2,0.25,1,1,50
29,63,8,0,0.0,1,0,50
29,64,8,4,0.5,1,1,50
29,65,8,4,0.5,1,1,50
29,66,8,3,0.375,1,0,50
29,67,8,2,0.25,1,1,50
29,68,8,0,0.0,1,1,50
29,69,8,8,1.0,1,1,50
29,70,8,0,0.0,1,0,50
29,71,8,1,0.125,1,0,50
29,72,8,2,0.25,1,0,50
29,73,8,2,0.25,1,0,50
29,74,8,7,0.875,1,1,50
29,75,8,1,0.125,1,0,50
29,76,8,1,0.125,1,1,50
29,77,8,7,0.875,1,1,50
29,78,8,4,0.5,1,1,50
29,79,8,5,0.625,1,1,50
29,80,8,1,0.125,1,0,50
29,81,8,6,0.75,1,1,50
29,82,8,3,0.375,1,0,50
29,83,8,0,0.0,1,0,50
29,84,8,5,0.625,1,1,50
29,85,8,3,0.375,1,1,50
29,86,8,1,0.125,1,0,50
29,87,8,8,1.0,1,1,50
29,88,8,5,0.625,1,0,50
29,89,8,5,0.625,1,1,50
29,90,8,8,1.0,1,1,50
29,91,8,2,0.25,1,0,50
29,92,8,8,1.0,1,1,50
29,93,8,0,0.0,1,1,50
29,94,8,1,0.125,1,0,50
29,95,8,8,1.0,1,1,50
29,96,8,0,0.0,1,0,50
29,97,8,0,0.0,1,1,50
29,98,8,7,0.875,1,1,50
29,99,8,0,0.0,1,1,50
30,0,8,1,0.125,1,0,50
30,1,8,5,0.625,1,1,50
30,2,8,4,0.5,1,1,50
30,3,8,2,0.25,1,0,50
30,4,8,8,1.0,1,1,50
30,5,8,5,0.625,1,1,50
30,6,8,6,0.75,1,1,50
30,7,8,5,0.625,1,1,50
30,8,8,1,0.125,1,1,50
30,9,8,8,1.0,1,1,50
30,10,8,4,0.5,1,0,50
30,11,8,3,0.375,1,0,50
30,12,8,3,0.375,1,0,50
30,13,8,8,1.0,1,1,50
30,14,8,1,0.125,1,0,50
30,15,8,8,1.0,1,1,50
30,16,8,1,0.125,1,0,50
30,17,8,5,0.625,1,1,50
30,18,8,5,0.625,1,1,50
30,19,8,3,0.375,1,0,50
30,20,8,3,0.375,1,0,50
30,21,8,7,0.875,1,1,50
30,22,8,6,0.75,1,1,50
30,23,8,1,0.125,1,1,50
30,24,8,1,0.125,1,0,50
30,25,8,2,0.25,1,0,50
30,26,8,2,0.25,1,0,50
30,27,8,1,0.125,1,0,50
30,28,8,3,0.375,1,1,50
30,29,8,3,0.375,1,0,50
30,30,8,1,0.125,1,0,50
30,31,8,3,0.375,1,0,50
30,32,8,2,0.25,1,0,50
30,33,8,0,0.0,1,0,50
30,34,8,7,0.875,1,1,50
30,35,8,1,0.125,1,0,50
30,36,8,2,0.25,1,0,50
30,37,8,3,0.375,1,1,50
30,38,8,3,0.375,1,0,50
30,39,8,2,0.25,1,0,50
30,40,8,8,1.0,1,1,50
30,41,8,4,0.5,1,0,50
30,42,8,2,0.25,1,0,50
30,43,8,0,0.0,1,1,50
30,44,8,3,0.375,1,1,50
30,45,8,0,0.0,1,0,50
30,46,8,1,0.125,1,1,50
30,47,8,2,0.25,1,0,50
30,48,8,3,0.375,1,0,50
30,49,8,1,0.125,1,0,50
30,50,8,5,0.625,1,1,50
30,51,8,3,0.375,1,1,50
30,52,8,2,0.25,1,0,50
30,53,8,3,0.375,1,0,50
30,54,8,8,1.0,1,1,50
30,55,8,2,0.25,1,0,50
30,56,8,6,0.75,1,0,50
30,57,8,6,0.75,1,1,50
30,58,8,7,0.875,1,1,50
30,59,8,1,0.125,1,1,50
30,60,8,4,0.5,1,1,50
30,61,8,4,0.5,1,0,50
30,62,8,3,0.375,1,1,50
30,63,8,1,0.125,1,0,50
30,64,8,3,0.375,1,1,50
30,65,8,2,0.25,1,0,50
30,66,8,2,0.25,1,0,50
30,67,8,8,1.0,1,1,50
30,68,8,1,0.125,1,0,50
30,69,8,4,0.5,1,0,50
30,70,8,2,0.25,1,1,50
30,71,8,1,0.125,1,0,50
30,72,8,2,0.25,1,0,50
30,73,8,4,0.5,1,0,50
30,74,8,1,0.125,1,0,50
30,75,8,1,0.125,1,0,50
30,76,8,8,1.0,1,1,50
30,77,8,3,0.375,1,0,50
30,78,8,0,0.0,1,0,50
30,79,8,6,0.75,1,1,50
30,80,8,7,0.875,1,1,50
30,81,8,2,0.25,1,0,50
30,82,8,1,0.125,1,0,50
30,83,8,5,0.625,1,0,50
30,84,8,4,0.5,1,0,50
30,85,8,4,0.5,1,1,50
30,86,8,4,0.5,1,1,50
30,87,8,2,0.25,1,1,50
30,88,8,7,0.875,1,1,50
30,89,8,1,0.125,1,0,50
30,90,8,3,0.375,1,0,50
30,91,8,3,0.375,1,0,50
30,92,8,0,0.0,1,1,50
30,93,8,3,0.375,1,1,50
30,94,8,3,0.375,1,0,50
30,95,8,8,1.0,1,1,50
30,96,8,6,0.75,1,1,50
30,97,8,3,0.375,1,0,50
30,98,8,2,0.25,1,0,50
30,99,8,5,0.625,1,1,50
31,0,8,6,0.75,1,1,50
31,1,8,1,0.125,1,1,50
31,2,8,1,0.125,1,0,50
31,3,8,3,0.375,1,0,50
31,4,8,1,0.125,1,0,50
31,5,8,3,0.375,1,0,50
31,6,8,3,0.375,1,0,50
31,7,8,2,0.25,1,0,50
31,8,8,2,0.25,1,1,50
31,9,8,5,0.625,1,1,50
31,10,8,7,0.875,1,1,50
31,11,8,8,1.0,1,1,50
31,12,8,1,0.125,1,0,50
31,13,8,2,0.25,1,1,50
31,14,8,6,0.75,1,1,50
31,15,8,2,0.25,1,0,50
31,16,8,2,0.25,1,1,50
31,17,8,3,0.375,1,1,50
31,18,8,4,0.5,1,1,50
31,19,8,7,0.875,1,1,50
31,20,8,1,0.125,1,0,50
31,21,8,3,0.375,1,0,50
31,22,8,7,0.875,1,1,50
31,23,8,2,0.25,1,0,50
31,24,8,7,0.875,1,1,50
31,25,8,3,0.375,1,0,50
31,26,8,0,0.0,1,0,50
31,27,8,2,0.25,1,0,50
31,28,8,7,0.875,1,1,50
31,29,8,5,0.625,1,1,50
31,30,8,1,0.125,1,1,50
31,31,8,4,0.5,1,1,50
31,32,8,0,0.0,1,0,50
31,33,8,2,0.25,1,0,50
31,34,8,6,0.75,1,1,50
31,35,8,2,0.25,1,0,50
31,36,8,0,0.0,1,0,50
31,37,8,1,0.125,1,0,50
31,38,8,4,0.5,1,0,50
31,39,8,1,0.125,1,0,50
31,40,8,3,0.375,1,0,50
31,41,8,3,0.375,1,1,50
31,42,8,1,0.125,1,0,50
31,43,8,0,0.0,1,0,50
31,44,8,2,0.25,1,0,50
31,45,8,5,0.625,1,1,50
31,46,8,0,0.0,1,0,50
31,47,8,8,1.0,1,1,50
31,48,8,6,0.75,1,1,50
31,49,8,3,0.375,1,0,50
31,50,8,6,0.75,1,1,50
31,51,8,3,0.375,1,0,50
31,52,8,4,0.5,1,0,50
31,53,8,5,0.625,1,0,50
31,54,8,6,0.75,1,1,50
31,55,8,4,0.5,1,0,50
31,56,8,0,0.0,1,1,50
31,57,8,0,0.0,1,1,50
31,58,8,0,0.0,1,1,50
31,59,8,2,0.25,1,0,50
31,60,8,7,0.875,1,1,50
31,61,8,0,0.0,1,0,50
31,62,8,4,0.5,1,1,50
31,63,8,1,0.125,1,1,50
31,64,8,1,0.125,1,0,50
31,65,8,0,0.0,1,0,50
31,66,8,6,0.75,1,1,50
31,67,8,1,0.125,1,1,50
31,68,8,4,0.5,1,0,50
31,69,8,3,0.375,1,0,50
31,70,8,5,0.625,1,1,50
31,71,8,3,0.375,1,1,50
31,72,8,2,0.25,1,0,50
31,73,8,4,0.5,1,1,50
31,74,8,1,0.125,1,0,50
31,75,8,5,0.625,1,1,50
31,76,8,0,0.0,1,1,50
31,77,8,2,0.25,1,0,50
31,78,8,2,0.25,1,1,50
31,79,8,4,0.5,1,1,50
31,80,8,4,0.5,1,1,50
31,81,8,2,0.25,1,0,50
31,82,8,3,0.375,1,1,50
31,83,8,6,0.75,1,1,50
31,84,8,2,0.25,1,0,50
31,85,8,5,0.625,1,1,50
31,86,8,2,0.25,1,1,50
31,87,8,0,0.0,1,1,50
31,88,8,2,0.25,1,0,50
31,89,8,0,0.0,1,0,50
31,90,8,1,0.125,1,1,50
31,91,8,2,0.25,1,1,50
31,92,8,3,0.375,1,1,50
31,93,8,2,0.25,1,1,50
31,94,8,3,0.375,1,1,50
31,95,8,1,0.125,1,0,50
31,96,8,2,0.25,1,1,50
31,97,8,5,0.625,1,1,50
31,98,8,3,0.375,1,0,50
31,99,8,6,0.75,1,1,50
32,0,8,0,0.0,1,1,50
32,1,8,0,0.0,1,1,50
32,2,8,3,0.375,1,1,50
32,3,8,1,0.125,1,0,50
32,4,8,4,0.5,1,0,50
32,5,8,0,0.0,1,0,50
32,6,8,5,0.625,1,0,50
32,7,8,2,0.25,1,0,50
32,8,8,0,0.0,1,1,50
32,9,8,4,0.5,1,0,50
32,10,8,0,0.0,1,0,50
32,11,8,3,0.375,1,1,50
32,12,8,5,0.625,1,1,50
32,13,8,8,1.0,1,1,50
32,14,8,7,0.875,1,1,50
32,15,8,8,1.0,1,1,50
32,16,8,1,0.125,1,0,50
32,17,8,3,0.375,1,0,50
32,18,8,1,0.125,1,0,50
32,19,8,5,0.625,1,1,50
32,20,8,1,0.125,1,0,50
32,21,8,1,0.125,1,0,50
32,22,8,1,0.125,1,0,50
32,23,8,4,0.5,1,0,50
32,24,8,7,0.875,1,1,50
32,25,8,0,0.0,1,1,50
32,26,8,2,0.25,1,0,50
32,27,8,2,0.25,1,1,50
32,28,8,4,0.5,1,0,50
32,29,8,2,0.25,1,0,50
32,30,8,2,0.25,1,1,50
32,31,8,5,0.625,1,1,50
32,32,8,1,0.125,1,0,50
32,33,8,2,0.25,1,0,50
32,34,8,4,0.5,1,1,50
32,35,8,8,1.0,1,1,50
32,36,8,5,0.625,1,1,50
32,37,8,2,0.25,1,0,50
32,38,8,2,0.25,1,0,50
32,39,8,0,0.0,1,1,50
32,40,8,7,0.875,1,1,50
32,41,8,4,0.5,1,1,50
32,42,8,3,0.375,1,0,50
32,43,8,3,0.375,1,1,50
32,44,8,2,0.25,1,0,50
32,45,8,2,0.25,1,0,50
32,46,8,1,0.125,1,1,50
32,47,8,0,0.0,1,0,50
32,48,8,1,0.125,1,0,50
32,49,8,7,0.875,1,1,50
32,50,8,2,0.25,1,1,50
32,51,8,6,0.75,1,1,50
32,52,8,1,0.125,1,1,50
32,53,8,1,0.125,1,0,50
32,54,8,4,0.5,1,1,50
32,55,8,4,0.5,1,1,50
32,56,8,2,0.25,1,0,50
32,57,8,8,1.0,1,1,50
32,58,8,3,0.375,1,1,50
32,59,8,8,1.0,1,1,50
32,60,8,1,0.125,1,1,50
32,61,8,1,0.125,1,1,50
32,62,8,3,0.375,1,0,50
32,63,8,3,0.375,1,0,50
32,64,8,0,0.0,1,0,50
32,65,8,6,0.75,1,1,50
32,66,8,1,0.125,1,1,50
32,67,8,2,0.25,1,0,50
32,68,8,5,0.625,1,1,50
32,69,8,0,0.0,1,0,50
32,70,8,3,0.375,1,0,50
32,71,8,1,0.125,1,0,50
32,72,8,2,0.25,1,0,50
32,73,8,1,0.125,1,0,50
32,74,8,2,0.25,1,0,50
32,75,8,3,0.375,1,0,50
32,76,8,1,0.125,1,0,50
32,77,8,1,0.125,1,0,50
32,78,8,2,0.25,1,0,50
32,79,8,6,0.75,1,1,50
32,80,8,2,0.25,1,0,50
32,81,8,3,0.375,1,1,50
32,82,8,5,0.625,1,0,50
32,83,8,2,0.25,1,0,50
32,84,8,2,0.25,1,0,50
32,85,8,2,0.25,1,0,50
32,86,8,0,0.0,1,1,50
32,87,8,3,0.375,1,0,50
32,88,8,2,0.25,1,0,50
32,89,8,6,0.75,1,1,50
32,90,8,1,0.125,1,0,50
32,91,8,0,0.0,1,0,50
32,92,8,4,0.5,1,1,50
32,93,8,2,0.25,1,0,50
32,94,8,6,0.75,1,1,50
32,95,8,7,0.875,1,1,50
32,96,8,0,0.0,1,1,50
32,97,8,3,0.375,1,1,50
32,98,8,2,0.25,1,0,50
32,99,8,8,1.0,1,1,50
33,0,8,2,0.25,1,1,50
33,1,8,3,0.375,1,0,50
33,2,8,4,0.5,1,0,50
33,3,8,2,0.25,1,1,50
33,4,8,2,0.25,1,1,50
33,5,8,3,0.375,1,0,50
33,6,8,0,0.0,1,1,50
33,7,8,6,0.75,1,1,50
33,8,8,3,0.375,1,1,50
33,9,8,1,0.125,1,0,50
33,10,8,6,0.75,1,1,50
33,11,8,3,0.375,1,0,50
33,12,8,2,0.25,1,1,50
33,13,8,5,0.625,1,1,50
33,14,8,5,0.625,1,1,50
33,15,8,2,0.25,1,0,50
33,16,8,8,1.0,1,1,50
33,17,8,7,0.875,1,1,50
33,18,8,5,0.625,1,1,50
33,19,8,2,0.25,1,1,50
33,20,8,1,0.125,1,0,50
33,21,8,2,0.25,1,0,50
33,22,8,3,0.375,1,1,50
33,23,8,2,0.25,1,1,50
33,24,8,0,0.0,1,0,50
33,25,8,5,0.625,1,1,50
33,26,8,0,0.0,1,0,50
33,27,8,2,0.25,1,0,50
33,28,8,4,0.5,1,1,50
33,29,8,7,0.875,1,1,50
33,30,8,1,0.125,1,0,50
33,31,8,0,0.0,1,1,50
33,32,8,4,0.5,1,0,50
33,33,8,2,0.25,1,0,50
33,34,8,2,0.25,1,0,50
33,35,8,5,0.625,1,1,50
33,36,8,6,0.75,1,1,50
33,37,8,3,0.375,1,0,50
33,38,8,6,0.75,1,1,50
33,39,8,5,0.625,1,1,50
33,40,8,7,0.875,1,1,50
33,41,8,1,0.125,1,0,50
33,42,8,2,0.25,1,0,50
33,43,8,4,0.5,1,1,50
33,44,8,3,0.375,1,1,50
33,45,8,2,0.25,1,0,50
33,46,8,5,0.625,1,1,50
33,47,8,8,1.0,1,1,50
33,48,8,2,0.25,1,0,50
33,49,8,3,0.375,1,0,50
33,50,8,1,0.125,1,0,50
33,51,8,3,0.375,1,1,50
33,52,8,0,0.0,1,1,50
33,53,8,1,0.125,1,0,50
33,54,8,1,0.125,1,0,50
33,55,8,1,0.125,1,0,50
33,56,8,4,0.5,1,1,50
33,57,8,3,0.375,1,0,50
33,58,8,5,0.625,1,1,50
33,59,8,2,0.25,1,1,50
33,60,8,7,0.875,1,1,50
33,61,8,1,0.125,1,0,50
33,62,8,5,0.625,1,0,50
33,63,8,7,0.875,1,1,50
33,64,8,5,0.625,1,1,50
33,65,8,3,0.375,1,1,50
33,66,8,1,0.125,1,1,50
33,67,8,7,0.875,1,1,50
33,68,8,3,0.375,1,0,50
33,69,8,5,0.625,1,0,50
33,70,8,7,0.875,1,1,50
33,71,8,7,0.875,1,1,50
33,72,8,4,0.5,1,1,50
33,73,8,4,0.5,1,0,50
33,74,8,2,0.25,1,0,50
33,75,8,0,0.0,1,1,50
33,76,8,3,0.375,1,0,50
33,77,8,3,0.375,1,1,50
33,78,8,4,0.5,1,1,50
33,79,8,2,0.25,1,0,50
33,80,8,1,0.125,1,1,50
33,81,8,2,0.25,1,0,50
33,82,8,3,0.375,1,0,50
33,83,8,2,0.25,1,0,50
33,84,8,7,0.875,1,1,50
33,85,8,2,0.25,1,0,50
33,86,8,3,0.375,1,0,50
33,87,8,0,0.0,1,0,50
33,88,8,2,0.25,1,0,50
33,89,8,7,0.875,1,1,50
33,90,8,8,1.0,1,1,50
33,91,8,5,0.625,1,0,50
33,92,8,2,0.25,1,0,50
33,93,8,0,0.0,1,0,50
33,94,8,1,0.125,1,0,50
33,95,8,1,0.125,1,0,50
33,96,8,5,0.625,1,1,50
33,97,8,1,0.125,1,0,50
33,98,8,0,0.0,1,1,50
33,99,8,0,0.0,1,1,50
34,0,8,5,0.625,1,1,50
34,1,8,5,0.625,1,1,50
34,2,8,2,0.25,1,0,50
34,3,8,5,0.625,1,1,50
34,4,8,1,0.125,1,0,50
34,5,8,7,0.875,1,1,50
34,6,8,2,0.25,1,0,50
34,7,8,1,0.125,1,0,50
34,8,8,2,0.25,1,0,50
34,9,8,1,0.125,1,0,50
34,10,8,1,0.125,1,0,50
34,11,8,6,0.75,1,1,50
34,12,8,1,0.125,1,0,50
34,13,8,8,1.0,1,1,50
34,14,8,7,0.875,1,1,50
34,15,8,6,0.75,1,1,50
34,16,8,2,0.25,1,1,50
34,17,8,1,0.125,1,0,50
34,18,8,2,0.25,1,0,50
34,19,8,2,0.25,1,1,50
34,20,8,5,0.625,1,1,50
34,21,8,1,0.125,1,0,50
34,22,8,1,0.125,1,0,50
34,23,8,1,0.125,1,0,50
34,24,8,3,0.375,1,0,50
34,25,8,0,0.0,1,0,50
34,26,8,2,0.25,1,0,50
34,27,8,4,0.5,1,1,50
34,28,8,2,0.25,1,1,50
34,29,8,6,0.75,1,1,50
34,30,8,2,0.25,1,1,50
34,31,8,5,0.625,1,1,50
34,32,8,0,0.0,1,1,50
34,33,8,2,0.25,1,1,50
34,34,8,0,0.0,1,1,50
34,35,8,3,0.375,1,0,50
34,36,8,0,0.0,1,1,50
34,37,8,7,0.875,1,1,50
34,38,8,1,0.125,1,1,50
34,39,8,4,0.5,1,1,50
34,40,8,1,0.125,1,1,50
34,41,8,6,0.75,1,1,50
34,42,8,7,0.875,1,1,50
34,43,8,4,0.5,1,1,50
34,44,8,7,0.875,1,1,50
34,45,8,1,0.125,1,1,50
34,46,8,0,0.0,1,1,50
34,47,8,1,0.125,1,0,50
34,48,8,5,0.625,1,0,50
34,49,8,1,0.125,1,0,50
34,50,8,2,0.25,1,0,50
34,51,8,2,0.25,1,0,50
34,52,8,6,0.75,1,1,50
34,53,8,1,0.125,1,0,50
34,54,8,2,0.25,1,0,50
34,55,8,2,0.25,1,0,50
34,56,8,4,0.5,1,1,50
34,57,8,6,0.75,1,1,50
34,58,8,3,0.375,1,1,50
34,59,8,6,0.75,1,1,50
34,60,8,5,0.625,1,1,50
34,61,8,1,0.125,1,1,50
34,62,8,1,0.125,1,0,50
34,63,8,5,0.625,1,1,50
34,64,8,7,0.875,1,1,50
34,65,8,6,0.75,1,1,50
34,66,8,1,0.125,1,0,50
34,67,8,3,0.375,1,0,50
34,68,8,2,0.25,1,0,50
34,69,8,5,0.625,1,1,50
34,70,8,1,0.125,1,0,50
34,71,8,2,0.25,1,0,50
34,72,8,2,0.25,1,0,50
34,73,8,7,0.875,1,1,50
34,74,8,3,0.375,1,0,50
34,75,8,3,0.375,1,0,50
34,76,8,2,0.25,1,0,50
34,77,8,3,0.375,1,0,50
34,78,8,2,0.25,1,0,50
34,79,8,2,0.25,1,0,50
34,80,8,5,0.625,1,1,50
34,81,8,4,0.5,1,0,50
34,82,8,1,0.125,1,0,50
34,83,8,6,0.75,1,1,50
34,84,8,2,0.25,1,0,50
34,85,8,1,0.125,1,0,50
34,86,8,2,0.25,1,0,50
34,87,8,0,0.0,1,1,50
34,88,8,1,0.125,1,0,50
34,89,8,4,0.5,1,1,50
34,90,8,0,0.0,1,0,50
34,91,8,2,0.25,1,0,50
34,92,8,1,0.125,1,0,50
34,93,8,2,0.25,1,0,50
34,94,8,1,0.125,1,0,50
34,95,8,3,0.375,1,1,50
34,96,8,3,0.375,1,0,50
34,97,8,7,0.875,1,1,50
34,98,8,1,0.125,1,0,50
34,99,8,0,0.0,1,1,50
35,0,8,5,0.625,1,1,50
35,1,8,2,0.25,1,1,50
35,2,8,3,0.375,1,0,50
35,3,8,1,0.125,1,1,50
35,4,8,5,0.625,1,1,50
35,5,8,2,0.25,1,0,50
35,6,8,1,0.125,1,1,50
35,7,8,6,0.75,1,1,50
35,8,8,2,0.25,1,1,50
35,9,8,3,0.375,1,1,50
35,10,8,2,0.25,1,0,50
35,11,8,7,0.875,1,1,50
35,12,8,1,0.125,1,1,50
35,13,8,3,0.375,1,1,50
35,14,8,4,0.5,1,0,50
35,15,8,1,0.125,1,0,50
35,16,8,5,0.625,1,1,50
35,17,8,8,1.0,1,1,50
35,18,8,8,1.0,1,1,50
35,19,8,1,0.125,1,0,50
35,20,8,0,0.0,1,0,50
35,21,8,4,0.5,1,0,50
35,22,8,0,0.0,1,0,50
35,23,8,4,0.5,1,1,50
35,24,8,3,0.375,1,0,50
35,25,8,4,0.5,1,0,50
35,26,8,1,0.125,1,0,50
35,27,8,4,0.5,1,0,50
35,28,8,5,0.625,1,1,50
35,29,8,2,0.25,1,1,50
35,30,8,2,0.25,1,0,50
35,31,8,8,1.0,1,1,50
35,32,8,3,0.375,1,0,50
35,33,8,1,0.125,1,0,50
35,34,8,0,0.0,1,0,50
35,35,8,2,0.25,1,1,50
35,36,8,7,0.875,1,1,50
35,37,8,3,0.375,1,0,50
35,38,8,2,0.25,1,0,50
35,39,8,3,0.375,1,0,50
35,40,8,3,0.375,1,0,50
35,41,8,2,0.25,1,1,50
35,42,8,1,0.125,1,0,50
35,43,8,1,0.125,1,0,50
35,44,8,2,0.25,1,1,50
35,45,8,1,0.125,1,1,50
35,46,8,4,0.5,1,0,50
35,47,8,1,0.125,1,0,50
35,48,8,4,0.5,1,1,50
35,49,8,2,0.25,1,0,50
35,50,8,8,1.0,1,1,50
35,51,8,3,0.375,1,0,50
35,52,8,2,0.25,1,0,50
35,53,8,2,0.25,1,1,50
35,54,8,7,0.875,1,1,50
35,55,8,0,0.0,1,1,50
35,56,8,3,0.375,1,0,50
35,57,8,1,0.125,1,0,50
35,58,8,7,0.875,1,1,50
35,59,8,1,0.125,1,0,50
35,60,8,3,0.375,1,0,50
35,61,8,1,0.125,1,0,50
35,62,8,1,0.125,1,1,50
35,63,8,4,0.5,1,0,50
35,64,8,8,1.0,1,1,50
35,65,8,3,0.375,1,1,50
35,66,8,3,0.375,1,1,50
35,67,8,1,0.125,1,0,50
35,68,8,0,0.0,1,1,50
35,69,8,0,0.0,1,0,50
35,70,8,7,0.875,1,1,50
35,71,8,1,0.125,1,1,50
35,72,8,7,0.875,1,1,50
35,73,8,7,0.875,1,1,50
35,74,8,3,0.375,1,0,50
35,75,8,2,0.25,1,0,50
35,76,8,1,0.125,1,1,50
35,77,8,4,0.5,1,1,50
35,78,8,1,0.125,1,0,50
35,79,8,5,0.625,1,1,50
35,80,8,0,0.0,1,1,50
35,81,8,3,0.375,1,1,50
35,82,8,0,0.0,1,1,50
35,83,8,7,0.875,1,1,50
35,84,8,4,0.5,1,0,50
35,85,8,1,0.125,1,0,50
35,86,8,1,0.125,1,1,50
35,87,8,3,0.375,1,1,50
35,88,8,1,0.125,1,1,50
35,89,8,6,0.75,1,1,50
35,90,8,0,0.0,1,1,50
35,91,8,1,0.125,1,0,50
35,92,8,3,0.375,1,0,50
35,93,8,1,0.125,1,0,50
35,94,8,7,0.875,1,1,50
35,95,8,6,0.75,1,0,50
35,96,8,4,0.5,1,1,50
35,97,8,2,0.25,1,1,50
35,98,8,1,0.125,1,0,50
35,99,8,2,0.25,1,0,50
36,0,8,1,0.125,1,0,50
36,1,8,6,0.75,1,1,50
36,2,8,1,0.125,1,0,50
36,3,8,6,0.75,1,0,50
36,4,8,2,0.25,1,0,50
36,5,8,1,0.125,1,0,50
36,6,8,2,0.25,1,0,50
36,7,8,6,0.75,1,1,50
36,8,8,1,0.125,1,0,50
36,9,8,3,0.375,1,0,50
36,10,8,2,0.25,1,0,50
36,11,8,8,1.0,1,1,50
36,12,8,5,0.625,1,1,50
36,13,8,4,0.5,1,0,50
36,14,8,1,0.125,1,0,50
36,15,8,4,0.5,1,1,50
36,16,8,7,0.875,1,1,50
36,17,8,6,0.75,1,1,50
36,18,8,1,0.125,1,0,50
36,19,8,2,0.25,1,1,50
36,20,8,0,0.0,1,1,50
36,21,8,8,1.0,1,1,50
36,22,8,8,1.0,1,1,50
36,23,8,1,0.125,1,0,50
36,24,8,3,0.375,1,0,50
36,25,8,1,0.125,1,0,50
36,26,8,1,0.125,1,1,50
36,27,8,4,0.5,1,1,50
36,28,8,2,0.25,1,0,50
36,29,8,3,0.375,1,0,50
36,30,8,1,0.125,1,1,50
36,31,8,3,0.375,1,1,50
36,32,8,2,0.25,1,0,50
36,33,8,0,0.0,1,1,50
36,34,8,3,0.375,1,1,50
36,35,8,5,0.625,1,1,50
36,36,8,8,1.0,1,1,50
36,37,8,7,0.875,1,1,50
36,38,8,8,1.0,1,1,50
36,39,8,1,0.125,1,0,50
36,40,8,2,0.25,1,0,50
36,41,8,3,0.375,1,0,50
36,42,8,2,0.25,1,0,50
36,43,8,1,0.125,1,0,50
36,44,8,3,0.375,1,0,50
36,45,8,2,0.25,1,0,50
36,46,8,2,0.25,1,0,50
36,47,8,0,0.0,1,1,50
36,48,8,2,0.25,1,0,50
36,49,8,1,0.125,1,0,50
36,50,8,4,0.5,1,1,50
36,51,8,3,0.375,1,0,50
36,52,8,0,0.0,1,0,50
36,53,8,1,0.125,1,0,50
36,54,8,4,0.5,1,1,50
36,55,8,4,0.5,1,0,50
36,56,8,1,0.125,1,0,50
36,57,8,2,0.25,1,0,50
36,58,8,1,0.125,1,0,50
36,59,8,3,0.375,1,0,50
36,60,8,2,0.25,1,0,50
36,61,8,4,0.5,1,1,50
36,62,8,2,0.25,1,0,50
36,63,8,3,0.375,1,0,50
36,64,8,3,0.375,1,0,50
36,65,8,3,0.375,1,0,50
36,66,8,4,0.5,1,0,50
36,67,8,8,1.0,1,1,50
36,68,8,2,0.25,1,0,50
36,69,8,1,0.125,1,0,50
36,70,8,2,0.25,1,1,50
36,71,8,0,0.0,1,1,50
36,72,8,0,0.0,1,0,50
36,73,8,5,0.625,1,0,50
36,74,8,8,1.0,1,1,50
36,75,8,0,0.0,1,0,50
36,76,8,0,0.0,1,0,50
36,77,8,8,1.0,1,1,50
36,78,8,3,0.375,1,0,50
36,79,8,7,0.875,1,1,50
36,80,8,3,0.375,1,0,50
36,81,8,8,1.0,1,1,50
36,82,8,2,0.25,1,1,50
36,83,8,1,0.125,1,0,50
36,84,8,1,0.125,1,0,50
36,85,8,1,0.125,1,1,50
36,86,8,2,0.25,1,0,50
36,87,8,6,0.75,1,1,50
36,88,8,4,0.5,1,1,50
36,89,8,1,0.125,1,1,50
36,90,8,2,0.25,1,0,50
36,91,8,4,0.5,1,0,50
36,92,8,0,0.0,1,1,50
36,93,8,2,0.25,1,0,50
36,94,8,1,0.125,1,0,50
36,95,8,2,0.25,1,0,50
36,96,8,3,0.375,1,0,50
36,97,8,4,0.5,1,1,50
36,98,8,8,1.0,1,1,50
36,99,8,3,0.375,1,1,50
37,0,8,8,1.0,1,1,50
37,1,8,1,0.125,1,0,50
37,2,8,7,0.875,1,1,50
37,3,8,2,0.25,1,0,50
37,4,8,2,0.25,1,0,50
37,5,8,0,0.0,1,1,50
37,6,8,3,0.375,1,0,50
37,7,8,6,0.75,1,1,50
37,8,8,4,0.5,1,1,50
37,9,8,5,0.625,1,1,50
37,10,8,8,1.0,1,1,50
37,11,8,2,0.25,1,0,50
37,12,8,1,0.125,1,0,50
37,13,8,4,0.5,1,1,50
37,14,8,0,0.0,1,0,50
37,15,8,1,0.125,1,1,50
37,16,8,4,0.5,1,0,50
37,17,8,1,0.125,1,0,50
37,18,8,8,1.0,1,1,50
37,19,8,2,0.25,1,0,50
37,20,8,2,0.25,1,1,50
37,21,8,5,0.625,1,1,50
37,22,8,5,0.625,1,1,50
37,23,8,2,0.25,1,1,50
37,24,8,2,0.25,1,0,50
37,25,8,0,0.0,1,0,50
37,26,8,0,0.0,1,0,50
37,27,8,3,0.375,1,1,50
37,28,8,2,0.25,1,0,50
37,29,8,3,0.375,1,1,50
37,30,8,7,0.875,1,1,50
37,31,8,1,0.125,1,0,50
37,32,8,1,0.125,1,1,50
37,33,8,2,0.25,1,0,50
37,34,8,8,1.0,1,1,50
37,35,8,3,0.375,1,0,50
37,36,8,6,0.75,1,1,50
37,37,8,1,0.125,1,0,50
37,38,8,1,0.125,1,1,50
37,39,8,0,0.0,1,0,50
37,40,8,3,0.375,1,0,50
37,41,8,5,0.625,1,1,50
37,42,8,2,0.25,1,0,50
37,43,8,5,0.625,1,1,50
37,44,8,2,0.25,1,0,50
37,45,8,2,0.25,1,0,50
37,46,8,3,0.375,1,0,50
37,47,8,0,0.0,1,0,50
37,48,8,7,0.875,1,1,50
37,49,8,1,0.125,1,0,50
37,50,8,1,0.125,1,1,50
37,51,8,3,0.375,1,0,50
37,52,8,1,0.125,1,0,50
37,53,8,3,0.375,1,1,50
37,54,8,2,0.25,1,0,50
37,55,8,2,0.25,1,0,50
37,56,8,5,0.625,1,1,50
37,57,8,2,0.25,1,0,50
37,58,8,1,0.125,1,1,50
37,59,8,8,1.0,1,1,50
37,60,8,1,0.125,1,0,50
37,61,8,3,0.375,1,0,50
37,62,8,3,0.375,1,0,50
37,63,8,3,0.375,1,1,50
37,64,8,1,0.125,1,0,50
37,65,8,3,0.375,1,0,50
37,66,8,3,0.375,1,1,50
37,67,8,3,0.375,1,1,50
37,68,8,5,0.625,1,1,50
37,69,8,5,0.625,1,1,50
37,70,8,1,0.125,1,0,50
37,71,8,4,0.5,1,0,50
37,72,8,0,0.0,1,1,50
37,73,8,3,0.375,1,0,50
37,74,8,2,0.25,1,1,50
37,75,8,7,0.875,1,1,50
37,76,8,2,0.25,1,0,50
37,77,8,0,0.0,1,0,50
37,78,8,1,0.125,1,1,50
37,79,8,5,0.625,1,1,50
37,80,8,3,0.375,1,1,50
37,81,8,2,0.25,1,0,50
37,82,8,0,0.0,1,0,50
37,83,8,0,0.0,1,0,50
37,84,8,0,0.0,1,0,50
37,85,8,0,0.0,1,0,50
37,86,8,1,0.125,1,0,50
37,87,8,2,0.25,1,1,50
37,88,8,7,0.875,1,1,50
37,89,8,2,0.25,1,1,50
37,90,8,5,0.625,1,1,50
37,91,8,8,1.0,1,1,50
37,92,8,3,0.375,1,0,50
37,93,8,6,0.75,1,1,50
37,94,8,4,0.5,1,0,50
37,95,8,2,0.25,1,0,50
37,96,8,7,0.875,1,1,50
37,97,8,1,0.125,1,0,50
37,98,8,3,0.375,1,0,50
37,99,8,7,0.875,1,1,50
38,0,8,2,0.25,1,0,50
38,1,8,3,0.375,1,0,50
38,2,8,2,0.25,1,1,50
38,3,8,3,0.375,1,1,50
38,4,8,2,0.25,1,1,50
38,5,8,6,0.75,1,1,50
38,6,8,2,0.25,1,0,50
38,7,8,5,0.625,1,1,50
38,8,8,3,0.375,1,1,50
38,9,8,6,0.75,1,1,50
38,10,8,1,0.125,1,0,50
38,11,8,5,0.625,1,1,50
38,12,8,1,0.125,1,1,50
38,13,8,0,0.0,1,0,50
38,14,8,3,0.375,1,0,50
38,15,8,8,1.0,1,1,50
38,16,8,3,0.375,1,1,50
38,17,8,2,0.25,1,0,50
38,18,8,8,1.0,1,1,50
38,19,8,4,0.5,1,1,50
38,20,8,2,0.25,1,1,50
38,21,8,4,0.5,1,0,50
38,22,8,2,0.25,1,0,50
38,23,8,2,0.25,1,0,50
38,24,8,6,0.75,1,1,50
38,25,8,2,0.25,1,0,50
38,26,8,3,0.375,1,1,50
38,27,8,2,0.25,1,0,50
38,28,8,1,0.125,1,1,50
38,29,8,1,0.125,1,0,50
38,30,8,3,0.375,1,1,50
38,31,8,2,0.25,1,0,50
38,32,8,5,0.625,1,1,50
38,33,8,0,0.0,1,1,50
38,34,8,7,0.875,1,1,50
38,35,8,0,0.0,1,1,50
38,36,8,1,0.125,1,0,50
38,37,8,3,0.375,1,0,50
38,38,8,2,0.25,1,0,50
38,39,8,0,0.0,1,1,50
38,40,8,4,0.5,1,1,50
38,41,8,3,0.375,1,0,50
38,42,8,1,0.125,1,1,50
38,43,8,1,0.125,1,1,50
38,44,8,1,0.125,1,1,50
38,45,8,1,0.125,1,0,50
38,46,8,1,0.125,1,0,50
38,47,8,0,0.0,1,1,50
38,48,8,2,0.25,1,0,50
38,49,8,0,0.0,1,0,50
38,50,8,6,0.75,1,1,50
38,51,8,2,0.25,1,0,50
38,52,8,1,0.125,1,0,50
38,53,8,2,0.25,1,0,50
38,54,8,6,0.75,1,1,50
38,55,8,0,0.0,1,0,50
38,56,8,5,0.625,1,1,50
38,57,8,7,0.875,1,1,50
38,58,8,6,0.75,1,1,50
38,59,8,7,0.875,1,1,50
38,60,8,5,0.625,1,1,50
38,61,8,4,0.5,1,1,50
38,62,8,4,0.5,1,1,50
38,63,8,6,0.75,1,1,50
38,64,8,6,0.75,1,1,50
38,65,8,3,0.375,1,0,50
38,66,8,6,0.75,1,1,50
38,67,8,0,0.0,1,1,50
38,68,8,2,0.25,1,1,50
38,69,8,4,0.5,1,1,50
38,70,8,4,0.5,1,1,50
38,71,8,3,0.375,1,1,50
38,72,8,2,0.25,1,1,50
38,73,8,2,0.25,1,0,50
38,74,8,7,0.875,1,1,50
38,75,8,4,0.5,1,1,50
38,76,8,1,0.125,1,0,50
38,77,8,0,0.0,1,1,50
38,78,8,5,0.625,1,1,50
38,79,8,8,1.0,1,1,50
38,80,8,5,0.625,1,0,50
38,81,8,1,0.125,1,0,50
38,82,8,6,0.75,1,1,50
38,83,8,3,0.375,1,1,50
38,84,8,1,0.125,1,0,50
38,85,8,2,0.25,1,0,50
38,86,8,2,0.25,1,0,50
38,87,8,0,0.0,1,0,50
38,88,8,8,1.0,1,1,50
38,89,8,0,0.0,1,0,50
38,90,8,0,0.0,1,1,50
38,91,8,1,0.125,1,1,50
38,92,8,4,0.5,1,1,50
38,93,8,3,0.375,1,1,50
38,94,8,2,0.25,1,1,50
38,95,8,7,0.875,1,1,50
38,96,8,1,0.125,1,0,50
38,97,8,3,0.375,1,0,50
38,98,8,6,0.75,1,1,50
38,99,8,2,0.25,1,0,50
39,0,8,7,0.875,1,1,50
39,1,8,5,0.625,1,1,50
39,2,8,2,0.25,1,0,50
39,3,8,1,0.125,1,0,50
39,4,8,1,0.125,1,0,50
39,5,8,3,0.375,1,1,50
39,6,8,3,0.375,1,0,50
39,7,8,2,0.25,1,0,50
39,8,8,2,0.25,1,0,50
39,9,8,7,0.875,1,1,50
39,10,8,4,0.5,1,0,50
39,11,8,7,0.875,1,1,50
39,12,8,6,0.75,1,1,50
39,13,8,2,0.25,1,0,50
39,14,8,5,0.625,1,1,50
39,15,8,2,0.25,1,1,50
39,16,8,4,0.5,1,0,50
39,17,8,2,0.25,1,0,50
39,18,8,3,0.375,1,0,50
39,19,8,2,0.25,1,1,50
39,20,8,1,0.125,1,0,50
39,21,8,3,0.375,1,0,50
39,22,8,4,0.5,1,0,50
39,23,8,8,1.0,1,1,50
39,24,8,5,0.625,1,1,50
39,25,8,5,0.625,1,1,50
39,26,8,1,0.125,1,0,50
39,27,8,2,0.25,1,0,50
39,28,8,1,0.125,1,0,50
39,29,8,4,0.5,1,0,50
39,30,8,6,0.75,1,0,50
39,31,8,2,0.25,1,0,50
39,32,8,1,0.125,1,1,50
39,33,8,2,0.25,1,0,50
39,34,8,4,0.5,1,1,50
39,35,8,2,0.25,1,0,50
39,36,8,1,0.125,1,0,50
39,37,8,2,0.25,1,0,50
39,38,8,2,0.25,1,0,50
39,39,8,3,0.375,1,0,50
39,40,8,3,0.375,1,0,50
39,41,8,2,0.25,1,0,50
39,42,8,3,0.375,1,0,50
39,43,8,1,0.125,1,1,50
39,44,8,8,1.0,1,1,50
39,45,8,0,0.0,1,0,50
39,46,8,1,0.125,1,1,50
39,47,8,0,0.0,1,1,50
39,48,8,3,0.375,1,1,50
39,49,8,5,0.625,1,0,50
39,50,8,2,0.25,1,1,50
39,51,8,7,0.875,1,1,50
39,52,8,3,0.375,1,0,50
39,53,8,1,0.125,1,0,50
39,54,8,1,0.125,1,0,50
39,55,8,0,0.0,1,0,50
39,56,8,4,0.5,1,1,50
39,57,8,2,0.25,1,1,50
39,58,8,0,0.0,1,0,50
39,59,8,2,0.25,1,0,50
39,60,8,3,0.375,1,1,50
39,61,8,2,0.25,1,0,50
39,62,8,1,0.125,1,0,50
39,63,8,1,0.125,1,0,50
39,64,8,8,1.0,1,1,50
39,65,8,6,0.75,1,1,50
39,66,8,8,1.0,1,1,50
39,67,8,2,0.25,1,0,50
39,68,8,2,0.25,1,0,50
39,69,8,7,0.875,1,1,50
39,70,8,1,0.125,1,1,50
39,71,8,1,0.125,1,0,50
39,72,8,2,0.25,1,0,50
39,73,8,8,1.0,1,1,50
39,74,8,2,0.25,1,0,50
39,75,8,2,0.25,1,0,50
39,76,8,4,0.5,1,1,50
39,77,8,8,1.0,1,1,50
39,78,8,7,0.875,1,1,50
39,79,8,2,0.25,1,1,50
39,80,8,1,0.125,1,0,50
39,81,8,0,0.0,1,0,50
39,82,8,3,0.375,1,1,50
39,83,8,0,0.0,1,1,50
39,84,8,6,0.75,1,1,50
39,85,8,0,0.0,1,1,50
39,86,8,3,0.375,1,1,50
39,87,8,7,0.875,1,1,50
39,88,8,2,0.25,1,0,50
39,89,8,8,1.0,1,1,50
39,90,8,2,0.25,1,0,50
39,91,8,3,0.375,1,0,50
39,92,8,8,1.0,1,1,50
39,93,8,2,0.25,1,0,50
39,94,8,3,0.375,1,0,50
39,95,8,4,0.5,1,0,50
39,96,8,0,0.0,1,1,50
39,97,8,8,1.0,1,1,50
39,98,8,2,0.25,1,0,50
39,99,8,2,0.25,1,1,50
40,0,8,0,0.0,1,1,50
40,1,8,3,0.375,1,0,50
40,2,8,6,0.75,1,1,50
40,3,8,8,1.0,1,1,50
40,4,8,4,0.5,1,0,50
40,5,8,7,0.875,1,1,50
40,6,8,5,0.625,1,1,50
40,7,8,4,0.5,1,0,50
40,8,8,1,0.125,1,0,50
40,9,8,1,0.125,1,1,50
40,10,8,7,0.875,1,1,50
40,11,8,5,0.625,1,1,50
40,12,8,2,0.25,1,0,50
40,13,8,6,0.75,1,1,50
40,14,8,4,0.5,1,0,50
40,15,8,8,1.0,1,1,50
40,16,8,5,0.625,1,1,50
40,17,8,1,0.125,1,0,50
40,18,8,1,0.125,1,0,50
40,19,8,5,0.625,1,1,50
40,20,8,1,0.125,1,1,50
40,21,8,2,0.25,1,0,50
40,22,8,5,0.625,1,1,50
40,23,8,3,0.375,1,0,50
40,24,8,3,0.375,1,0,50
40,25,8,5,0.625,1,1,50
40,26,8,7,0.875,1,1,50
40,27,8,2,0.25,1,0,50
40,28,8,1,0.125,1,0,50
40,29,8,5,0.625,1,1,50
40,30,8,8,1.0,1,1,50
40,31,8,3,0.375,1,0,50
40,32,8,1,0.125,1,1,50
40,33,8,1,0.125,1,1,50
40,34,8,7,0.875,1,1,50
40,35,8,3,0.375,1,0,50
40,36,8,1,0.125,1,0,50
40,37,8,4,0.5,1,0,50
40,38,8,4,0.5,1,0,50
40,39,8,2,0.25,1,0,50
40,40,8,3,0.375,1,1,50
40,41,8,2,0.25,1,1,50
40,42,8,7,0.875,1,1,50
40,43,8,6,0.75,1,1,50
40,44,8,8,1.0,1,1,50
40,45,8,6,0.75,1,1,50
40,46,8,1,0.125,1,0,50
40,47,8,1,0.125,1,0,50
40,48,8,0,0.0,1,0,50
40,49,8,3,0.375,1,0,50
40,50,8,1,0.125,1,0,50
40,51,8,3,0.375,1,0,50
40,52,8,3,0.375,1,0,50
40,53,8,7,0.875,1,1,50
40,54,8,4,0.5,1,0,50
40,55,8,7,0.875,1,1,50
40,56,8,8,1.0,1,1,50
40,57,8,2,0.25,1,0,50
40,58,8,1,0.125,1,0,50
40,59,8,1,0.125,1,0,50
40,60,8,3,0.375,1,1,50
40,61,8,1,0.125,1,0,50
40,62,8,2,0.25,1,1,50
40,63,8,1,0.125,1,0,50
40,64,8,6,0.75,1,1,50
40,65,8,1,0.125,1,1,50
40,66,8,1,0.125,1,0,50
40,67,8,0,0.0,1,1,50
40,68,8,1,0.125,1,1,50
40,69,8,3,0.375,1,0,50
40,70,8,1,0.125,1,0,50
40,71,8,8,1.0,1,1,50
40,72,8,5,0.625,1,1,50
40,73,8,0,0.0,1,0,50
40,74,8,1,0.125,1,0,50
40,75,8,7,0.875,1,1,50
40,76,8,0,0.0,1,1,50
40,77,8,2,0.25,1,0,50
40,78,8,2,0.25,1,0,50
40,79,8,2,0.25,1,1,50
40,80,8,4,0.5,1,1,50
40,81,8,2,0.25,1,0,50
40,82,8,0,0.0,1,1,50
40,83,8,5,0.625,1,0,50
40,84,8,7,0.875,1,1,50
40,85,8,0,0.0,1,1,50
40,86,8,4,0.5,1,0,50
40,87,8,3,0.375,1,0,50
40,88,8,1,0.125,1,1,50
40,89,8,0,0.0,1,0,50
40,90,8,0,0.0,1,1,50
40,91,8,5,0.625,1,0,50
40,92,8,2,0.25,1,0,50
40,93,8,1,0.125,1,1,50
40,94,8,0,0.0,1,0,50
40,95,8,0,0.0,1,1,50
40,96,8,7,0.875,1,1,50
40,97,8,1,0.125,1,1,50
40,98,8,1,0.125,1,0,50
40,99,8,2,0.25,1,0,50
41,0,8,2,0.25,1,0,50
41,1,8,1,0.125,1,0,50
41,2,8,3,0.375,1,0,50
41,3,8,0,0.0,1,0,50
41,4,8,3,0.375,1,0,50
41,5,8,2,0.25,1,0,50
41,6,8,8,1.0,1,1,50
41,7,8,2,0.25,1,1,50
41,8,8,6,0.75,1,1,50
41,9,8,5,0.625,1,0,50
41,10,8,0,0.0,1,0,50
41,11,8,5,0.625,1,1,50
41,12,8,8,1.0,1,1,50
41,13,8,5,0.625,1,1,50
41,14,8,4,0.5,1,0,50
41,15,8,8,1.0,1,1,50
41,16,8,2,0.25,1,1,50
41,17,8,4,0.5,1,0,50
41,18,8,7,0.875,1,1,50
41,19,8,1,0.125,1,0,50
41,20,8,2,0.25,1,1,50
41,21,8,6,0.75,1,1,50
41,22,8,1,0.125,1,0,50
41,23,8,5,0.625,1,1,50
41,24,8,8,1.0,1,1,50
41,25,8,4,0.5,1,1,50
41,26,8,5,0.625,1,0,50
41,27,8,0,0.0,1,1,50
41,28,8,3,0.375,1,1,50
41,29,8,4,0.5,1,1,50
41,30,8,8,1.0,1,1,50
41,31,8,0,0.0,1,0,50
41,32,8,0,0.0,1,0,50
41,33,8,7,0.875,1,1,50
41,34,8,7,0.875,1,1,50
41,35,8,3,0.375,1,1,50
41,36,8,8,1.0,1,1,50
41,37,8,6,0.75,1,1,50
41,38,8,1,0.125,1,1,50
41,39,8,0,0.0,1,1,50
41,40,8,6,0.75,1,1,50
41,41,8,4,0.5,1,0,50
41,42,8,0,0.0,1,1,50
41,43,8,1,0.125,1,0,50
41,44,8,7,0.875,1,1,50
41,45,8,0,0.0,1,0,50
41,46,8,1,0.125,1,1,50
41,47,8,8,1.0,1,1,50
41,48,8,2,0.25,1,0,50
41,49,8,6,0.75,1,1,50
41,50,8,5,0.625,1,0,50
41,51,8,0,0.0,1,1,50
41,52,8,5,0.625,1,1,50
41,53,8,2,0.25,1,0,50
41,54,8,2,0.25,1,0,50
41,55,8,3,0.375,1,0,50
41,56,8,3,0.375,1,0,50
41,57,8,4,0.5,1,0,50
41,58,8,3,0.375,1,1,50
41,59,8,3,0.375,1,0,50
41,60,8,2,0.25,1,0,50
41,61,8,1,0.125,1,0,50
41,62,8,5,0.625,1,1,50
41,63,8,2,0.25,1,1,50
41,64,8,2,0.25,1,0,50
41,65,8,6,0.75,1,1,50
41,66,8,2,0.25,1,0,50
41,67,8,3,0.375,1,0,50
41,68,8,2,0.25,1,0,50
41,69,8,0,0.0,1,1,50
41,70,8,5,0.625,1,0,50
41,71,8,1,0.125,1,0,50
41,72,8,0,0.0,1,1,50
41,73,8,8,1.0,1,1,50
41,74,8,0,0.0,1,1,50
41,75,8,3,0.375,1,0,50
41,76,8,2,0.25,1,1,50
41,77,8,8,1.0,1,1,50
41,78,8,2,0.25,1,0,50
41,79,8,0,0.0,1,0,50
41,80,8,0,0.0,1,0,50
41,81,8,4,0.5,1,1,50
41,82,8,3,0.375,1,0,50
41,83,8,0,0.0,1,0,50
41,84,8,6,0.75,1,1,50
41,85,8,0,0.0,1,0,50
41,86,8,8,1.0,1,1,50
41,87,8,1,0.125,1,0,50
41,88,8,2,0.25,1,1,50
41,89,8,4,0.5,1,1,50
41,90,8,4,0.5,1,1,50
41,91,8,6,0.75,1,1,50
41,92,8,7,0.875,1,1,50
41,93,8,1,0.125,1,1,50
41,94,8,3,0.375,1,0,50
41,95,8,2,0.25,1,0,50
41,96,8,8,1.0,1,1,50
41,97,8,4,0.5,1,1,50
41,98,8,2,0.25,1,0,50
41,99,8,2,0.25,1,1,50
42,0,8,2,0.25,1,0,50
42,1,8,3,0.375,1,0,50
42,2,8,0,0.0,1,1,50
42,3,8,2,0.25,1,0,50
42,4,8,1,0.125,1,0,50
42,5,8,3,0.375,1,0,50
42,6,8,3,0.375,1,0,50
42,7,8,2,0.25,1,1,50
42,8,8,5,0.625,1,1,50
42,9,8,3,0.375,1,0,50
42,10,8,1,0.125,1,1,50
42,11,8,7,0.875,1,1,50
42,12,8,0,0.0,1,1,50
42,13,8,0,0.0,1,0,50
42,14,8,4,0.5,1,0,50
42,15,8,7,0.875,1,1,50
42,16,8,2,0.25,1,0,50
42,17,8,3,0.375,1,0,50
42,18,8,3,0.375,1,0,50
42,19,8,3,0.375,1,1,50
42,20,8,2,0.25,1,0,50
42,21,8,2,0.25,1,0,50
42,22,8,4,0.5,1,0,50
42,23,8,2,0.25,1,0,50
42,24,8,0,0.0,1,1,50
42,25,8,4,0.5,1,1,50
42,26,8,4,0.5,1,0,50
42,27,8,1,0.125,1,0,50
42,28,8,4,0.5,1,1,50
42,29,8,2,0.25,1,1,50
42,30,8,3,0.375,1,1,50
42,31,8,7,0.875,1,1,50
42,32,8,0,0.0,1,1,50
42,33,8,3,0.375,1,0,50
42,34,8,3,0.375,1,1,50
42,35,8,6,0.75,1,1,50
42,36,8,3,0.375,1,0,50
42,37,8,1,0.125,1,0,50
42,38,8,2,0.25,1,0,50
42,39,8,1,0.125,1,0,50
42,40,8,4,0.5,1,0,50
42,41,8,3,0.375,1,0,50
42,42,8,0,0.0,1,1,50
42,43,8,0,0.0,1,1,50
42,44,8,4,0.5,1,1,50
42,45,8,4,0.5,1,1,50
42,46,8,3,0.375,1,0,50
42,47,8,1,0.125,1,0,50
42,48,8,1,0.125,1,0,50
42,49,8,4,0.5,1,1,50
42,50,8,1,0.125,1,1,50
42,51,8,3,0.375,1,1,50
42,52,8,0,0.0,1,1,50
42,53,8,0,0.0,1,1,50
42,54,8,1,0.125,1,0,50
42,55,8,4,0.5,1,1,50
42,56,8,5,0.625,1,1,50
42,57,8,4,0.5,1,1,50
42,58,8,2,0.25,1,1,50
42,59,8,4,0.5,1,1,50
42,60,8,1,0.125,1,0,50
42,61,8,4,0.5,1,1,50
42,62,8,1,0.125,1,0,50
42,63,8,1,0.125,1,0,50
42,64,8,2,0.25,1,0,50
42,65,8,5,0.625,1,0,50
42,66,8,1,0.125,1,1,50
42,67,8,2,0.25,1,0,50
42,68,8,2,0.25,1,0,50
42,69,8,2,0.25,1,0,50
42,70,8,7,0.875,1,1,50
42,71,8,1,0.125,1,0,50
42,72,8,2,0.25,1,0,50
42,73,8,8,1.0,1,1,50
42,74,8,6,0.75,1,1,50
42,75,8,0,0.0,1,0,50
42,76,8,1,0.125,1,0,50
42,77,8,4,0.5,1,1,50
42,78,8,1,0.125,1,1,50
42,79,8,1,0.125,1,0,50
42,80,8,4,0.5,1,0,50
42,81,8,3,0.375,1,0,50
42,82,8,2,0.25,1,0,50
42,83,8,5,0.625,1,1,50
42,84,8,1,0.125,1,0,50
42,85,8,1,0.125,1,1,50
42,86,8,7,0.875,1,1,50
42,87,8,2,0.25,1,0,50
42,88,8,7,0.875,1,1,50
42,89,8,3,0.375,1,1,50
42,90,8,3,0.375,1,1,50
42,91,8,4,0.5,1,1,50
42,92,8,1,0.125,1,1,50
42,93,8,3,0.375,1,0,50
42,94,8,3,0.375,1,0,50
42,95,8,3,0.375,1,0,50
42,96,8,3,0.375,1,0,50
42,97,8,1,0.125,1,0,50
42,98,8,1,0.125,1,1,50
42,99,8,1,0.125,1,1,50
43,0,8,0,0.0,1,0,50
43,1,8,5,0.625,1,1,50
43,2,8,1,0.125,1,0,50
43,3,8,1,0.125,1,0,50
43,4,8,1,0.125,1,1,50
43,5,8,4,0.5,1,0,50
43,6,8,2,0.25,1,1,50
43,7,8,8,1.0,1,1,50
43,8,8,4,0.5,1,1,50
43,9,8,2,0.25,1,0,50
43,10,8,3,0.375,1,1,50
43,11,8,2,0.25,1,0,50
43,12,8,4,0.5,1,0,50
43,13,8,0,0.0,1,1,50
43,14,8,7,0.875,1,1,50
43,15,8,1,0.125,1,1,50
43,16,8,2,0.25,1,0,50
43,17,8,7,0.875,1,1,50
43,18,8,1,0.125,1,0,50
43,19,8,3,0.375,1,0,50
43,20,8,2,0.25,1,0,50
43,21,8,3,0.375,1,0,50
43,22,8,3,0.375,1,0,50
43,23,8,2,0.25,1,1,50
43,24,8,1,0.125,1,0,50
43,25,8,2,0.25,1,0,50
43,26,8,0,0.0,1,1,50
43,27,8,5,0.625,1,1,50
43,28,8,3,0.375,1,0,50
43,29,8,3,0.375,1,0,50
43,30,8,2,0.25,1,0,50
43,31,8,8,1.0,1,1,50
43,32,8,3,0.375,1,1,50
43,33,8,7,0.875,1,1,50
43,34,8,1,0.125,1,0,50
43,35,8,3,0.375,1,0,50
43,36,8,0,0.0,1,0,50
43,37,8,1,0.125,1,1,50
43,38,8,3,0.375,1,0,50
43,39,8,3,0.375,1,0,50
43,40,8,5,0.625,1,1,50
43,41,8,1,0.125,1,1,50
43,42,8,8,1.0,1,1,50
43,43,8,2,0.25,1,0,50
43,44,8,0,0.0,1,0,50
43,45,8,0,0.0,1,1,50
43,46,8,3,0.375,1,0,50
43,47,8,1,0.125,1,0,50
43,48,8,7,0.875,1,1,50
43,49,8,2,0.25,1,0,50
43,50,8,1,0.125,1,0,50
43,51,8,2,0.25,1,0,50
43,52,8,7,0.875,1,1,50
43,53,8,5,0.625,1,1,50
43,54,8,4,0.5,1,0,50
43,55,8,2,0.25,1,0,50
43,56,8,7,0.875,1,1,50
43,57,8,2,0.25,1,0,50
43,58,8,3,0.375,1,1,50
43,59,8,4,0.5,1,1,50
43,60,8,3,0.375,1,0,50
43,61,8,1,0.125,1,0,50
43,62,8,3,0.375,1,1,50
43,63,8,2,0.25,1,0,50
43,64,8,1,0.125,1,1,50
43,65,8,3,0.375,1,1,50
43,66,8,2,0.25,1,0,50
43,67,8,0,0.0,1,1,50
43,68,8,2,0.25,1,0,50
43,69,8,6,0.75,1,1,50
43,70,8,2,0.25,1,0,50
43,71,8,4,0.5,1,1,50
43,72,8,1,0.125,1,0,50
43,73,8,0,0.0,1,1,50
43,74,8,0,0.0,1,0,50
43,75,8,1,0.125,1,0,50
43,76,8,3,0.375,1,0,50
43,77,8,2,0.25,1,0,50
43,78,8,4,0.5,1,0,50
43,79,8,6,0.75,1,1,50
43,80,8,2,0.25,1,0,50
43,81,8,2,0.25,1,0,50
43,82,8,4,0.5,1,1,50
43,83,8,7,0.875,1,1,50
43,84,8,2,0.25,1,0,50
43,85,8,2,0.25,1,0,50
43,86,8,1,0.125,1,1,50
43,87,8,5,0.625,1,1,50
43,88,8,1,0.125,1,1,50
43,89,8,5,0.625,1,1,50
43,90,8,5,0.625,1,1,50
43,91,8,4,0.5,1,1,50
43,92,8,3,0.375,1,0,50
43,93,8,3,0.375,1,0,50
43,94,8,1,0.125,1,0,50
43,95,8,5,0.625,1,1,50
43,96,8,4,0.5,1,1,50
43,97,8,1,0.125,1,1,50
43,98,8,3,0.375,1,1,50
43,99,8,1,0.125,1,1,50
44,0,8,2,0.25,1,0,50
44,1,8,5,0.625,1,1,50
44,2,8,0,0.0,1,1,50
44,3,8,2,0.25,1,1,50
44,4,8,2,0.25,1,1,50
44,5,8,0,0.0,1,0,50
44,6,8,7,0.875,1,1,50
44,7,8,0,0.0,1,0,50
44,8,8,5,0.625,1,1,50
44,9,8,1,0.125,1,1,50
44,10,8,2,0.25,1,0,50
44,11,8,3,0.375,1,1,50
44,12,8,7,0.875,1,1,50
44,13,8,2,0.25,1,1,50
44,14,8,1,0.125,1,0,50
44,15,8,3,0.375,1,0,50
44,16,8,3,0.375,1,1,50
44,17,8,1,0.125,1,1,50
44,18,8,2,0.25,1,1,50
44,19,8,0,0.0,1,1,50
44,20,8,2,0.25,1,1,50
44,21,8,3,0.375,1,1,50
44,22,8,3,0.375,1,0,50
44,23,8,8,1.0,1,1,50
44,24,8,3,0.375,1,0,50
44,25,8,4,0.5,1,0,50
44,26,8,7,0.875,1,1,50
44,27,8,3,0.375,1,1,50
44,28,8,1,0.125,1,1,50
44,29,8,1,0.125,1,0,50
44,30,8,8,1.0,1,1,50
44,31,8,3,0.375,1,0,50
44,32,8,0,0.0,1,1,50
44,33,8,1,0.125,1,0,50
44,34,8,1,0.125,1,0,50
44,35,8,4,0.5,1,0,50
44,36,8,5,0.625,1,1,50
44,37,8,2,0.25,1,0,50
44,38,8,1,0.125,1,1,50
44,39,8,2,0.25,1,1,50
44,40,8,2,0.25,1,0,50
44,41,8,5,0.625,1,1,50
44,42,8,5,0.625,1,0,50
44,43,8,4,0.5,1,1,50
44,44,8,5,0.625,1,1,50
44,45,8,7,0.875,1,1,50
44,46,8,3,0.375,1,1,50
44,47,8,7,0.875,1,1,50
44,48,8,8,1.0,1,1,50
44,49,8,8,1.0,1,1,50
44,50,8,2,0.25,1,0,50
44,51,8,6,0.75,1,1,50
44,52,8,2,0.25,1,0,50
44,53,8,2,0.25,1,1,50
44,54,8,3,0.375,1,0,50
44,55,8,4,0.5,1,0,50
44,56,8,3,0.375,1,0,50
44,57,8,2,0.25,1,0,50
44,58,8,1,0.125,1,0,50
44,59,8,1,0.125,1,0,50
44,60,8,1,0.125,1,0,50
44,61,8,2,0.25,1,0,50
44,62,8,3,0.375,1,0,50
44,63,8,3,0.375,1,0,50
44,64,8,1,0.125,1,0,50
44,65,8,1,0.125,1,0,50
44,66,8,1,0.125,1,0,50
44,67,8,2,0.25,1,0,50
44,68,8,0,0.0,1,1,50
44,69,8,0,0.0,1,0,50
44,70,8,0,0.0,1,1,50
44,71,8,7,0.875,1,1,50
44,72,8,0,0.0,1,0,50
44,73,8,2,0.25,1,1,50
44,74,8,7,0.875,1,1,50
44,75,8,2,0.25,1,1,50
44,76,8,4,0.5,1,0,50
44,77,8,1,0.125,1,0,50
44,78,8,2,0.25,1,0,50
44,79,8,8,1.0,1,1,50
44,80,8,0,0.0,1,1,50
44,81,8,5,0.625,1,1,50
44,82,8,0,0.0,1,0,50
44,83,8,5,0.625,1,1,50
44,84,8,4,0.5,1,1,50
44,85,8,1,0.125,1,0,50
44,86,8,1,0.125,1,0,50
44,87,8,6,0.75,1,1,50
44,88,8,7,0.875,1,1,50
44,89,8,1,0.125,1,0,50
44,90,8,7,0.875,1,1,50
44,91,8,2,0.25,1,1,50
44,92,8,5,0.625,1,0,50
44,93,8,1,0.125,1,0,50
44,94,8,0,0.0,1,0,50
44,95,8,7,0.875,1,1,50
44,96,8,1,0.125,1,0,50
44,97,8,2,0.25,1,0,50
44,98,8,0,0.0,1,1,50
44,99,8,2,0.25,1,0,50
45,0,8,7,0.875,1,1,50
45,1,8,2,0.25,1,0,50
45,2,8,5,0.625,1,1,50
45,3,8,1,0.125,1,0,50
45,4,8,2,0.25,1,0,50
45,5,8,2,0.25,1,1,50
45,6,8,1,0.125,1,0,50
45,7,8,3,0.375,1,0,50
45,8,8,1,0.125,1,0,50
45,9,8,1,0.125,1,0,50
45,10,8,0,0.0,1,1,50
45,11,8,0,0.0,1,0,50
45,12,8,1,0.125,1,1,50
45,13,8,1,0.125,1,0,50
45,14,8,5,0.625,1,1,50
45,15,8,2,0.25,1,0,50
45,16,8,2,0.25,1,0,50
45,17,8,3,0.375,1,0,50
45,18,8,1,0.125,1,0,50
45,19,8,3,0.375,1,0,50
45,20,8,2,0.25,1,0,50
45,21,8,3,0.375,1,0,50
45,22,8,7,0.875,1,1,50
45,23,8,7,0.875,1,1,50
45,24,8,2,0.25,1,1,50
45,25,8,0,0.0,1,0,50
45,26,8,2,0.25,1,0,50
45,27,8,4,0.5,1,0,50
45,28,8,7,0.875,1,1,50
45,29,8,3,0.375,1,0,50
45,30,8,4,0.5,1,1,50
45,31,8,2,0.25,1,0,50
45,32,8,8,1.0,1,1,50
45,33,8,1,0.125,1,0,50
45,34,8,4,0.5,1,0,50
45,35,8,2,0.25,1,0,50
45,36,8,1,0.125,1,0,50
45,37,8,0,0.0,1,1,50
45,38,8,7,0.875,1,1,50
45,39,8,8,1.0,1,1,50
45,40,8,1,0.125,1,1,50
45,41,8,4,0.5,1,1,50
45,42,8,2,0.25,1,1,50
45,43,8,5,0.625,1,1,50
45,44,8,2,0.25,1,0,50
45,45,8,7,0.875,1,1,50
45,46,8,1,0.125,1,0,50
45,47,8,5,0.625,1,1,50
45,48,8,5,0.625,1,0,50
45,49,8,4,0.5,1,1,50
45,50,8,4,0.5,1,0,50
45,51,8,2,0.25,1,0,50
45,52,8,1,0.125,1,1,50
45,53,8,3,0.375,1,0,50
45,54,8,7,0.875,1,1,50
45,55,8,4,0.5,1,0,50
45,56,8,1,0.125,1,0,50
45,57,8,0,0.0,1,0,50
45,58,8,5,0.625,1,1,50
45,59,8,8,1.0,1,1,50
45,60,8,3,0.375,1,0,50
45,61,8,3,0.375,1,0,50
45,62,8,0,0.0,1,0,50
45,63,8,8,1.0,1,1,50
45,64,8,4,0.5,1,0,50
45,65,8,0,0.0,1,0,50
45,66,8,4,0.5,1,0,50
45,67,8,1,0.125,1,1,50
45,68,8,6,0.75,1,1,50
45,69,8,4,0.5,1,0,50
45,70,8,1,0.125,1,0,50
45,71,8,7,0.875,1,1,50
45,72,8,1,0.125,1,1,50
45,73,8,4,0.5,1,1,50
45,74,8,1,0.125,1,1,50
45,75,8,3,0.375,1,1,50
45,76,8,3,0.375,1,0,50
45,77,8,3,0.375,1,0,50
45,78,8,0,0.0,1,1,50
45,79,8,4,0.5,1,1,50
45,80,8,1,0.125,1,1,50
45,81,8,1,0.125,1,0,50
45,82,8,1,0.125,1,1,50
45,83,8,0,0.0,1,1,50
45,84,8,2,0.25,1,0,50
45,85,8,3,0.375,1,0,50
45,86,8,6,0.75,1,1,50
45,87,8,2,0.25,1,0,50
45,88,8,4,0.5,1,0,50
45,89,8,5,0.625,1,1,50
45,90,8,1,0.125,1,0,50
45,91,8,4,0.5,1,0,50
45,92,8,2,0.25,1,1,50
45,93,8,3,0.375,1,0,50
45,94,8,3,0.375,1,1,50
45,95,8,2,0.25,1,0,50
45,96,8,3,0.375,1,0,50
45,97,8,3,0.375,1,1,50
45,98,8,7,0.875,1,1,50
45,99,8,3,0.375,1,0,50
46,0,8,8,1.0,1,1,50
46,1,8,3,0.375,1,1,50
46,2,8,0,0.0,1,1,50
46,3,8,1,0.125,1,0,50
46,4,8,3,0.375,1,1,50
46,5,8,5,0.625,1,1,50
46,6,8,2,0.25,1,0,50
46,7,8,0,0.0,1,1,50
46,8,8,0,0.0,1,0,50
46,9,8,2,0.25,1,0,50
46,10,8,2,0.25,1,0,50
46,11,8,8,1.0,1,1,50
46,12,8,2,0.25,1,1,50
46,13,8,5,0.625,1,0,50
46,14,8,8,1.0,1,1,50
46,15,8,1,0.125,1,0,50
46,16,8,2,0.25,1,0,50
46,17,8,1,0.125,1,0,50
46,18,8,0,0.0,1,0,50
46,19,8,3,0.375,1,0,50
46,20,8,1,0.125,1,0,50
46,21,8,1,0.125,1,1,50
46,22,8,8,1.0,1,1,50
46,23,8,0,0.0,1,1,50
46,24,8,0,0.0,1,0,50
46,25,8,7,0.875,1,1,50
46,26,8,6,0.75,1,1,50
46,27,8,4,0.5,1,0,50
46,28,8,1,0.125,1,0,50
46,29,8,1,0.125,1,1,50
46,30,8,2,0.25,1,0,50
46,31,8,1,0.125,1,0,50
46,32,8,0,0.0,1,0,50
46,33,8,3,0.375,1,1,50
46,34,8,2,0.25,1,0,50
46,35,8,8,1.0,1,1,50
46,36,8,6,0.75,1,1,50
46,37,8,4,0.5,1,0,50
46,38,8,3,0.375,1,0,50
46,39,8,4,0.5,1,0,50
46,40,8,3,0.375,1,0,50
46,41,8,7,0.875,1,1,50
46,42,8,1,0.125,1,0,50
46,43,8,0,0.0,1,0,50
46,44,8,0,0.0,1,1,50
46,45,8,2,0.25,1,0,50
46,46,8,4,0.5,1,1,50
46,47,8,1,0.125,1,1,50
46,48,8,1,0.125,1,0,50
46,49,8,2,0.25,1,0,50
46,50,8,2,0.25,1,0,50
46,51,8,7,0.875,1,0,50
46,52,8,4,0.5,1,0,50
46,53,8,3,0.375,1,1,50
46,54,8,0,0.0,1,1,50
46,55,8,3,0.375,1,0,50
46,56,8,3,0.375,1,1,50
46,57,8,5,0.625,1,1,50
46,58,8,1,0.125,1,0,50
46,59,8,5,0.625,1,1,50
46,60,8,8,1.0,1,1,50
46,61,8,1,0.125,1,0,50
46,62,8,2,0.25,1,1,50
46,63,8,8,1.0,1,1,50
46,64,8,8,1.0,1,1,50
46,65,8,7,0.875,1,1,50
46,66,8,2,0.25,1,0,50
46,67,8,8,1.0,1,1,50
46,68,8,0,0.0,1,0,50
46,69,8,4,0.5,1,1,50
46,70,8,3,0.375,1,0,50
46,71,8,2,0.25,1,0,50
46,72,8,2,0.25,1,0,50
46,73,8,0,0.0,1,1,50
46,74,8,1,0.125,1,0,50
46,75,8,2,0.25,1,0,50
46,76,8,5,0.625,1,1,50
46,77,8,3,0.375,1,0,50
46,78,8,2,0.25,1,1,50
46,79,8,3,0.375,1,0,50
46,80,8,6,0.75,1,1,50
46,81,8,1,0.125,1,1,50
46,82,8,8,1.0,1,1,50
46,83,8,3,0.375,1,0,50
46,84,8,1,0.125,1,0,50
46,85,8,2,0.25,1,0,50
46,86,8,1,0.125,1,1,50
46,87,8,2,0.25,1,0,50
46,88,8,2,0.25,1,0,50
46,89,8,0,0.0,1,1,50
46,90,8,1,0.125,1,1,50
46,91,8,1,0.125,1,0,50
46,92,8,0,0.0,1,0,50
46,93,8,8,1.0,1,1,50
46,94,8,6,0.75,1,1,50
46,95,8,6,0.75,1,1,50
46,96,8,7,0.875,1,1,50
46,97,8,7,0.875,1,1,50
46,98,8,1,0.125,1,0,50
46,99,8,2,0.25,1,0,50
47,0,8,4,0.5,1,1,50
47,1,8,1,0.125,1,0,50
47,2,8,3,0.375,1,0,50
47,3,8,2,0.25,1,0,50
47,4,8,0,0.0,1,0,50
47,5,8,4,0.5,1,1,50
47,6,8,0,0.0,1,0,50
47,7,8,5,0.625,1,0,50
47,8,8,2,0.25,1,0,50
47,9,8,5,0.625,1,0,50
47,10,8,4,0.5,1,1,50
47,11,8,1,0.125,1,0,50
47,12,8,1,0.125,1,0,50
47,13,8,3,0.375,1,0,50
47,14,8,3,0.375,1,1,50
47,15,8,1,0.125,1,0,50
47,16,8,3,0.375,1,1,50
47,17,8,3,0.375,1,0,50
47,18,8,2,0.25,1,0,50
47,19,8,8,1.0,1,1,50
47,20,8,4,0.5,1,1,50
47,21,8,3,0.375,1,0,50
47,22,8,1,0.125,1,0,50
47,23,8,3,0.375,1,0,50
47,24,8,2,0.25,1,0,50
47,25,8,4,0.5,1,1,50
47,26,8,3,0.375,1,1,50
47,27,8,4,0.5,1,0,50
47,28,8,4,0.5,1,1,50
47,29,8,1,0.125,1,0,50
47,30,8,3,0.375,1,0,50
47,31,8,2,0.25,1,1,50
47,32,8,0,0.0,1,1,50
47,33,8,7,0.875,1,1,50
47,34,8,8,1.0,1,1,50
47,35,8,3,0.375,1,0,50
47,36,8,2,0.25,1,0,50
47,37,8,0,0.0,1,1,50
47,38,8,2,0.25,1,0,50
47,39,8,1,0.125,1,0,50
47,40,8,7,0.875,1,1,50
47,41,8,2,0.25,1,0,50
47,42,8,1,0.125,1,0,50
47,43,8,1,0.125,1,1,50
47,44,8,0,0.0,1,1,50
47,45,8,1,0.125,1,0,50
47,46,8,1,0.125,1,1,50
47,47,8,4,0.5,1,0,50
47,48,8,1,0.125,1,0,50
47,49,8,3,0.375,1,0,50
47,50,8,2,0.25,1,1,50
47,51,8,2,0.25,1,1,50
47,52,8,4,0.5,1,1,50
47,53,8,0,0.0,1,0,50
47,54,8,6,0.75,1,1,50
47,55,8,0,0.0,1,0,50
47,56,8,0,0.0,1,1,50
47,57,8,7,0.875,1,1,50
47,58,8,2,0.25,1,0,50
47,59,8,7,0.875,1,1,50
47,60,8,1,0.125,1,1,50
47,61,8,8,1.0,1,1,50
47,62,8,6,0.75,1,1,50
47,63,8,3,0.375,1,0,50
47,64,8,3,0.375,1,1,50
47,65,8,1,0.125,1,0,50
47,66,8,4,0.5,1,1,50
47,67,8,2,0.25,1,0,50
47,68,8,2,0.25,1,0,50
47,69,8,1,0.125,1,0,50
47,70,8,1,0.125,1,0,50
47,71,8,0,0.0,1,1,50
47,72,8,8,1.0,1,1,50
47,73,8,0,0.0,1,1,50
47,74,8,2,0.25,1,0,50
47,75,8,1,0.125,1,1,50
47,76,8,4,0.5,1,1,50
47,77,8,8,1.0,1,1,50
47,78,8,7,0.875,1,1,50
47,79,8,5,0.625,1,1,50
47,80,8,1,0.125,1,1,50
47,81,8,8,1.0,1,1,50
47,82,8,0,0.0,1,1,50
47,83,8,7,0.875,1,1,50
47,84,8,6,0.75,1,1,50
47,85,8,2,0.25,1,0,50
47,86,8,5,0.625,1,1,50
47,87,8,2,0.25,1,0,50
47,88,8,2,0.25,1,0,50
47,89,8,7,0.875,1,1,50
47,90,8,3,0.375,1,0,50
47,91,8,4,0.5,1,0,50
47,92,8,3,0.375,1,0,50
47,93,8,1,0.125,1,1,50
47,94,8,0,0.0,1,1,50
47,95,8,4,0.5,1,1,50
47,96,8,6,0.75,1,1,50
47,97,8,2,0.25,1,1,50
47,98,8,1,0.125,1,1,50
47,99,8,2,0.25,1,0,50
48,0,8,2,0.25,1,1,50
48,1,8,3,0.375,1,1,50
48,2,8,0,0.0,1,1,50
48,3,8,3,0.375,1,0,50
48,4,8,2,0.25,1,0,50
48,5,8,3,0.375,1,1,50
48,6,8,1,0.125,1,0,50
48,7,8,8,1.0,1,1,50
48,8,8,5,0.625,1,0,50
48,9,8,2,0.25,1,0,50
48,10,8,4,0.5,1,1,50
48,11,8,6,0.75,1,1,50
48,12,8,0,0.0,1,1,50
48,13,8,5,0.625,1,1,50
48,14,8,2,0.25,1,0,50
48,15,8,5,0.625,1,0,50
48,16,8,2,0.25,1,0,50
48,17,8,8,1.0,1,1,50
48,18,8,0,0.0,1,0,50
48,19,8,8,1.0,1,1,50
48,20,8,1,0.125,1,0,50
48,21,8,0,0.0,1,0,50
48,22,8,0,0.0,1,1,50
48,23,8,1,0.125,1,0,50
48,24,8,0,0.0,1,0,50
48,25,8,0,0.0,1,1,50
48,26,8,0,0.0,1,0,50
48,27,8,2,0.25,1,0,50
48,28,8,2,0.25,1,1,50
48,29,8,8,1.0,1,1,50
48,30,8,1,0.125,1,0,50
48,31,8,3,0.375,1,0,50
48,32,8,1,0.125,1,1,50
48,33,8,3,0.375,1,1,50
48,34,8,3,0.375,1,1,50
48,35,8,1,0.125,1,1,50
48,36,8,0,0.0,1,1,50
48,37,8,7,0.875,1,1,50
48,38,8,2,0.25,1,0,50
48,39,8,6,0.75,1,1,50
48,40,8,0,0.0,1,0,50
48,41,8,5,0.625,1,1,50
48,42,8,5,0.625,1,1,50
48,43,8,6,0.75,1,1,50
48,44,8,6,0.75,1,1,50
48,45,8,3,0.375,1,0,50
48,46,8,1,0.125,1,0,50
48,47,8,5,0.625,1,1,50
48,48,8,8,1.0,1,1,50
48,49,8,4,0.5,1,0,50
48,50,8,0,0.0,1,1,50
48,51,8,1,0.125,1,0,50
48,52,8,2,0.25,1,0,50
48,53,8,1,0.125,1,0,50
48,54,8,4,0.5,1,1,50
48,55,8,4,0.5,1,1,50
48,56,8,0,0.0,1,1,50
48,57,8,1,0.125,1,1,50
48,58,8,3,0.375,1,0,50
48,59,8,2,0.25,1,1,50
48,60,8,6,0.75,1,1,50
48,61,8,3,0.375,1,1,50
48,62,8,0,0.0,1,0,50
48,63,8,3,0.375,1,0,50
48,64,8,8,1.0,1,1,50
48,65,8,3,0.375,1,0,50
48,66,8,2,0.25,1,0,50
48,67,8,0,0.0,1,0,50
48,68,8,4,0.5,1,0,50
48,69,8,7,0.875,1,1,50
48,70,8,3,0.375,1,1,50
48,71,8,6,0.75,1,1,50
48,72,8,1,0.125,1,0,50
48,73,8,2,0.25,1,0,50
48,74,8,4,0.5,1,1,50
48,75,8,2,0.25,1,0,50
48,76,8,4,0.5,1,1,50
48,77,8,3,0.375,1,0,50
48,78,8,3,0.375,1,0,50
48,79,8,8,1.0,1,1,50
48,80,8,3,0.375,1,0,50
48,81,8,2,0.25,1,0,50
48,82,8,2,0.25,1,0,50
48,83,8,2,0.25,1,0,50
48,84,8,5,0.625,1,1,50
48,85,8,0,0.0,1,0,50
48,86,8,2,0.25,1,0,50
48,87,8,2,0.25,1,0,50
48,88,8,2,0.25,1,0,50
48,89,8,2,0.25,1,1,50
48,90,8,3,0.375,1,1,50
48,91,8,3,0.375,1,1,50
48,92,8,1,0.125,1,1,50
48,93,8,3,0.375,1,0,50
48,94,8,1,0.125,1,1,50
48,95,8,3,0.375,1,0,50
48,96,8,3,0.375,1,0,50
48,97,8,7,0.875,1,1,50
48,98,8,1,0.125,1,0,50
48,99,8,3,0.375,1,0,50
49,0,8,3,0.375,1,1,50
49,1,8,6,0.75,1,1,50
49,2,8,2,0.25,1,1,50
49,3,8,1,0.125,1,0,50
49,4,8,2,0.25,1,0,50
49,5,8,6,0.75,1,1,50
49,6,8,1,0.125,1,0,50
49,7,8,0,0.0,1,0,50
49,8,8,3,0.375,1,0,50
49,9,8,3,0.375,1,0,50
49,10,8,2,0.25,1,0,50
49,11,8,4,0.5,1,1,50
49,12,8,4,0.5,1,1,50
49,13,8,0,0.0,1,1,50
49,14,8,5,0.625,1,1,50
49,15,8,2,0.25,1,1,50
49,16,8,2,0.25,1,1,50
49,17,8,1,0.125,1,1,50
49,18,8,7,0.875,1,1,50
49,19,8,1,0.125,1,1,50
49,20,8,2,0.25,1,1,50
49,21,8,0,0.0,1,1,50
49,22,8,6,0.75,1,1,50
49,23,8,2,0.25,1,0,50
49,24,8,4,0.5,1,0,50
49,25,8,3,0.375,1,1,50
49,26,8,0,0.0,1,1,50
49,27,8,2,0.25,1,1,50
49,28,8,2,0.25,1,0,50
49,29,8,3,0.375,1,0,50
49,30,8,1,0.125,1,0,50
49,31,8,7,0.875,1,1,50
49,32,8,7,0.875,1,1,50
49,33,8,4,0.5,1,0,50
49,34,8,1,0.125,1,0,50
49,35,8,5,0.625,1,1,50
49,36,8,3,0.375,1,1,50
49,37,8,3,0.375,1,0,50
49,38,8,3,0.375,1,0,50
49,39,8,3,0.375,1,1,50
49,40,8,2,0.25,1,0,50
49,41,8,2,0.25,1,0,50
49,42,8,1,0.125,1,1,50
49,43,8,2,0.25,1,1,50
49,44,8,6,0.75,1,1,50
49,45,8,8,1.0,1,1,50
49,46,8,3,0.375,1,0,50
49,47,8,1,0.125,1,0,50
49,48,8,2,0.25,1,0,50
49,49,8,8,1.0,1,1,50
49,50,8,1,0.125,1,0,50
49,51,8,3,0.375,1,0,50
49,52,8,1,0.125,1,0,50
49,53,8,6,0.75,1,1,50
49,54,8,2,0.25,1,0,50
49,55,8,3,0.375,1,0,50
49,56,8,4,0.5,1,0,50
49,57,8,5,0.625,1,0,50
49,58,8,3,0.375,1,1,50
49,59,8,6,0.75,1,0,50
49,60,8,0,0.0,1,0,50
49,61,8,3,0.375,1,0,50
49,62,8,8,1.0,1,1,50
49,63,8,2,0.25,1,0,50
49,64,8,4,0.5,1,1,50
49,65,8,6,0.75,1,0,50
49,66,8,2,0.25,1,0,50
49,67,8,4,0.5,1,0,50
49,68,8,3,0.375,1,1,50
49,69,8,3,0.375,1,0,50
49,70,8,1,0.125,1,1,50
49,71,8,7,0.875,1,1,50
49,72,8,1,0.125,1,0,50
49,73,8,4,0.5,1,1,50
49,74,8,1,0.125,1,0,50
49,75,8,0,0.0,1,1,50
49,76,8,2,0.25,1,0,50
49,77,8,7,0.875,1,1,50
49,78,8,3,0.375,1,0,50
49,79,8,1,0.125,1,0,50
49,80,8,0,0.0,1,1,50
49,81,8,4,0.5,1,0,50
49,82,8,0,0.0,1,0,50
49,83,8,2,0.25,1,0,50
49,84,8,2,0.25,1,0,50
49,85,8,2,0.25,1,0,50
49,86,8,3,0.375,1,0,50
49,87,8,4,0.5,1,0,50
49,88,8,2,0.25,1,0,50
49,89,8,3,0.375,1,0,50
49,90,8,6,0.75,1,1,50
49,91,8,4,0.5,1,0,50
49,92,8,6,0.75,1,1,50
49,93,8,0,0.0,1,0,50
49,94,8,0,0.0,1,0,50
49,95,8,8,1.0,1,1,50
49,96,8,0,0.0,1,1,50
49,97,8,4,0.5,1,0,50
49,98,8,2,0.25,1,1,50
49,99,8,2,0.25,1,0,50
50,0,8,2,0.25,1,1,50
50,1,8,8,1.0,1,1,50
50,2,8,6,0.75,1,1,50
50,3,8,3,0.375,1,0,50
50,4,8,1,0.125,1,1,50
50,5,8,0,0.0,1,1,50
50,6,8,2,0.25,1,0,50
50,7,8,3,0.375,1,0,50
50,8,8,1,0.125,1,0,50
50,9,8,4,0.5,1,1,50
50,10,8,8,1.0,1,1,50
50,11,8,2,0.25,1,0,50
50,12,8,1,0.125,1,0,50
50,13,8,2,0.25,1,0,50
50,14,8,2,0.25,1,0,50
50,15,8,1,0.125,1,1,50
50,16,8,4,0.5,1,1,50
50,17,8,1,0.125,1,0,50
50,18,8,2,0.25,1,0,50
50,19,8,0,0.0,1,0,50
50,20,8,0,0.0,1,0,50
50,21,8,7,0.875,1,1,50
50,22,8,4,0.5,1,0,50
50,23,8,4,0.5,1,0,50
50,24,8,2,0.25,1,1,50
50,25,8,1,0.125,1,0,50
50,26,8,7,0.875,1,1,50
50,27,8,0,0.0,1,0,50
50,28,8,2,0.25,1,0,50
50,29,8,4,0.5,1,1,50
50,30,8,2,0.25,1,0,50
50,31,8,4,0.5,1,0,50
50,32,8,3,0.375,1,0,50
50,33,8,0,0.0,1,0,50
50,34,8,3,0.375,1,1,50
50,35,8,0,0.0,1,0,50
50,36,8,1,0.125,1,1,50
50,37,8,6,0.75,1,1,50
50,38,8,0,0.0,1,1,50
50,39,8,1,0.125,1,0,50
50,40,8,2,0.25,1,0,50
50,41,8,2,0.25,1,0,50
50,42,8,4,0.5,1,1,50
50,43,8,4,0.5,1,0,50
50,44,8,3,0.375,1,1,50
50,45,8,8,1.0,1,1,50
50,46,8,2,0.25,1,0,50
50,47,8,2,0.25,1,0,50
50,48,8,8,1.0,1,1,50
50,49,8,5,0.625,1,1,50
50,50,8,4,0.5,1,1,50
50,51,8,7,0.875,1,1,50
50,52,8,1,0.125,1,0,50
50,53,8,7,0.875,1,1,50
50,54,8,5,0.625,1,0,50
50,55,8,1,0.125,1,0,50
50,56,8,1,0.125,1,1,50
50,57,8,8,1.0,1,1,50
50,58,8,1,0.125,1,0,50
50,59,8,5,0.625,1,1,50
50,60,8,8,1.0,1,1,50
50,61,8,0,0.0,1,0,50
50,62,8,8,1.0,1,1,50
50,63,8,2,0.25,1,0,50
50,64,8,6,0.75,1,1,50
50,65,8,3,0.375,1,0,50
50,66,8,7,0.875,1,1,50
50,67,8,1,0.125,1,0,50
50,68,8,8,1.0,1,1,50
50,69,8,2,0.25,1,1,50
50,70,8,1,0.125,1,0,50
50,71,8,5,0.625,1,1,50
50,72,8,3,0.375,1,0,50
50,73,8,1,0.125,1,0,50
50,74,8,6,0.75,1,1,50
50,75,8,8,1.0,1,1,50
50,76,8,6,0.75,1,1,50
50,77,8,3,0.375,1,0,50
50,78,8,5,0.625,1,1,50
50,79,8,3,0.375,1,1,50
50,80,8,2,0.25,1,1,50
50,81,8,4,0.5,1,0,50
50,82,8,4,0.5,1,0,50
50,83,8,1,0.125,1,0,50
50,84,8,3,0.375,1,0,50
50,85,8,3,0.375,1,0,50
50,86,8,8,1.0,1,1,50
50,87,8,0,0.0,1,1,50
50,88,8,1,0.125,1,0,50
50,89,8,0,0.0,1,1,50
50,90,8,0,0.0,1,0,50
50,91,8,2,0.25,1,0,50
50,92,8,3,0.375,1,1,50
50,93,8,7,0.875,1,1,50
50,94,8,0,0.0,1,0,50
50,95,8,7,0.875,1,1,50
50,96,8,1,0.125,1,1,50
50,97,8,3,0.375,1,0,50
50,98,8,0,0.0,1,1,50
50,99,8,2,0.25,1,0,50
51,0,8,6,0.75,1,1,50
51,1,8,6,0.75,1,1,50
51,2,8,5,0.625,1,1,50
51,3,8,1,0.125,1,1,50
51,4,8,0,0.0,1,0,50
51,5,8,4,0.5,1,1,50
51,6,8,3,0.375,1,0,50
51,7,8,6,0.75,1,0,50
51,8,8,3,0.375,1,1,50
51,9,8,4,0.5,1,0,50
51,10,8,2,0.25,1,0,50
51,11,8,3,0.375,1,1,50
51,12,8,2,0.25,1,0,50
51,13,8,8,1.0,1,1,50
51,14,8,2,0.25,1,1,50
51,15,8,0,0.0,1,0,50
51,16,8,4,0.5,1,0,50
51,17,8,2,0.25,1,0,50
51,18,8,2,0.25,1,0,50
51,19,8,1,0.125,1,0,50
51,20,8,6,0.75,1,1,50
51,21,8,1,0.125,1,1,50
51,22,8,7,0.875,1,1,50
51,23,8,2,0.25,1,0,50
51,24,8,1,0.125,1,1,50
51,25,8,0,0.0,1,0,50
51,26,8,2,0.25,1,0,50
51,27,8,0,0.0,1,1,50
51,28,8,1,0.125,1,1,50
51,29,8,2,0.25,1,0,50
51,30,8,3,0.375,1,1,50
51,31,8,3,0.375,1,1,50
51,32,8,0,0.0,1,1,50
51,33,8,1,0.125,1,0,50
51,34,8,2,0.25,1,0,50
51,35,8,2,0.25,1,0,50
51,36,8,6,0.75,1,1,50
51,37,8,4,0.5,1,1,50
51,38,8,2,0.25,1,0,50
51,39,8,4,0.5,1,0,50
51,40,8,5,0.625,1,0,50
51,41,8,7,0.875,1,1,50
51,42,8,4,0.5,1,1,50
51,43,8,2,0.25,1,0,50
51,44,8,4,0.5,1,1,50
51,45,8,3,0.375,1,1,50
51,46,8,8,1.0,1,1,50
51,47,8,7,0.875,1,1,50
51,48,8,0,0.0,1,0,50
51,49,8,4,0.5,1,0,50
51,50,8,1,0.125,1,0,50
51,51,8,1,0.125,1,1,50
51,52,8,5,0.625,1,1,50
51,53,8,3,0.375,1,0,50
51,54,8,6,0.75,1,1,50
51,55,8,3,0.375,1,0,50
51,56,8,2,0.25,1,0,50
51,57,8,6,0.75,1,1,50
51,58,8,1,0.125,1,1,50
51,59,8,7,0.875,1,1,50
51,60,8,1,0.125,1,0,50
51,61,8,5,0.625,1,1,50
51,62,8,0,0.0,1,1,50
51,63,8,1,0.125,1,0,50
51,64,8,3,0.375,1,1,50
51,65,8,4,0.5,1,0,50
51,66,8,8,1.0,1,1,50
51,67,8,2,0.25,1,0,50
51,68,8,2,0.25,1,0,50
51,69,8,8,1.0,1,1,50
51,70,8,0,0.0,1,1,50
51,71,8,2,0.25,1,0,50
51,72,8,8,1.0,1,1,50
51,73,8,2,0.25,1,0,50
51,74,8,2,0.25,1,0,50
51,75,8,1,0.125,1,1,50
51,76,8,0,0.0,1,1,50
51,77,8,2,0.25,1,0,50
51,78,8,2,0.25,1,0,50
51,79,8,2,0.25,1,1,50
51,80,8,5,0.625,1,1,50
51,81,8,2,0.25,1,0,50
51,82,8,3,0.375,1,0,50
51,83,8,3,0.375,1,1,50
51,84,8,8,1.0,1,1,50
51,85,8,3,0.375,1,1,50
51,86,8,3,0.375,1,0,50
51,87,8,2,0.25,1,1,50
51,88,8,2,0.25,1,0,50
51,89,8,0,0.0,1,1,50
51,90,8,3,0.375,1,1,50
51,91,8,3,0.375,1,0,50
51,92,8,5,0.625,1,1,50
51,93,8,2,0.25,1,0,50
51,94,8,3,0.375,1,1,50
51,95,8,8,1.0,1,1,50
51,96,8,4,0.5,1,1,50
51,97,8,0,0.0,1,1,50
51,98,8,2,0.25,1,0,50
51,99,8,3,0.375,1,0,50
52,0,8,5,0.625,1,1,50
52,1,8,2,0.25,1,0,50
52,2,8,3,0.375,1,1,50
52,3,8,2,0.25,1,1,50
52,4,8,3,0.375,1,0,50
52,5,8,5,0.625,1,1,50
52,6,8,7,0.875,1,1,50
52,7,8,2,0.25,1,0,50
52,8,8,3,0.375,1,0,50
52,9,8,0,0.0,1,1,50
52,10,8,5,0.625,1,1,50
52,11,8,7,0.875,1,1,50
52,12,8,4,0.5,1,1,50
52,13,8,5,0.625,1,1,50
52,14,8,1,0.125,1,1,50
52,15,8,8,1.0,1,1,50
52,16,8,0,0.0,1,1,50
52,17,8,3,0.375,1,0,50
52,18,8,2,0.25,1,0,50
52,19,8,1,0.125,1,0,50
52,20,8,3,0.375,1,0,50
52,21,8,2,0.25,1,0,50
52,22,8,8,1.0,1,1,50
52,23,8,3,0.375,1,1,50
52,24,8,3,0.375,1,0,50
52,25,8,3,0.375,1,0,50
52,26,8,4,0.5,1,0,50
52,27,8,3,0.375,1,0,50
52,28,8,7,0.875,1,1,50
52,29,8,6,0.75,1,1,50
52,30,8,2,0.25,1,0,50
52,31,8,4,0.5,1,1,50
52,32,8,2,0.25,1,0,50
52,33,8,2,0.25,1,1,50
52,34,8,1,0.125,1,1,50
52,35,8,4,0.5,1,0,50
52,36,8,2,0.25,1,0,50
52,37,8,2,0.25,1,0,50
52,38,8,8,1.0,1,1,50
52,39,8,2,0.25,1,1,50
52,40,8,0,0.0,1,0,50
52,41,8,2,0.25,1,1,50
52,42,8,6,0.75,1,1,50
52,43,8,0,0.0,1,1,50
52,44,8,1,0.125,1,0,50
52,45,8,7,0.875,1,1,50
52,46,8,1,0.125,1,0,50
52,47,8,1,0.125,1,0,50
52,48,8,2,0.25,1,0,50
52,49,8,1,0.125,1,0,50
52,50,8,2,0.25,1,1,50
52,51,8,0,0.0,1,0,50
52,52,8,1,0.125,1,0,50
52,53,8,2,0.25,1,0,50
52,54,8,4,0.5,1,1,50
52,55,8,4,0.5,1,1,50
52,56,8,4,0.5,1,0,50
52,57,8,3,0.375,1,0,50
52,58,8,1,0.125,1,0,50
52,59,8,0,0.0,1,1,50
52,60,8,3,0.375,1,0,50
52,61,8,1,0.125,1,1,50
52,62,8,7,0.875,1,1,50
52,63,8,3,0.375,1,0,50
52,64,8,2,0.25,1,0,50
52,65,8,3,0.375,1,1,50
52,66,8,3,0.375,1,1,50
52,67,8,2,0.25,1,1,50
52,68,8,5,0.625,1,1,50
52,69,8,3,0.375,1,0,50
52,70,8,2,0.25,1,0,50
52,71,8,1,0.125,1,1,50
52,72,8,7,0.875,1,1,50
52,73,8,4,0.5,1,0,50
52,74,8,3,0.375,1,0,50
52,75,8,7,0.875,1,1,50
52,76,8,2,0.25,1,0,50
52,77,8,0,0.0,1,1,50
52,78,8,8,1.0,1,1,50
52,79,8,5,0.625,1,0,50
52,80,8,2,0.25,1,0,50
52,81,8,7,0.875,1,1,50
52,82,8,1,0.125,1,0,50
52,83,8,1,0.125,1,1,50
52,84,8,3,0.375,1,0,50
52,85,8,7,0.875,1,1,50
52,86,8,5,0.625,1,1,50
52,87,8,1,0.125,1,1,50
52,88,8,5,0.625,1,1,50
52,89,8,7,0.875,1,1,50
52,90,8,4,0.5,1,0,50
52,91,8,0,0.0,1,1,50
52,92,8,5,0.625,1,1,50
52,93,8,2,0.25,1,0,50
52,94,8,2,0.25,1,0,50
52,95,8,2,0.25,1,0,50
52,96,8,5,0.625,1,1,50
52,97,8,1,0.125,1,0,50
52,98,8,4,0.5,1,0,50
52,99,8,8,1.0,1,1,50
53,0,8,1,0.125,1,0,50
53,1,8,2,0.25,1,0,50
53,2,8,1,0.125,1,0,50
53,3,8,7,0.875,1,1,50
53,4,8,1,0.125,1,0,50
53,5,8,2,0.25,1,0,50
53,6,8,2,0.25,1,0,50
53,7,8,3,0.375,1,1,50
53,8,8,6,0.75,1,1,50
53,9,8,1,0.125,1,0,50
53,10,8,5,0.625,1,1,50
53,11,8,3,0.375,1,0,50
53,12,8,1,0.125,1,1,50
53,13,8,2,0.25,1,0,50
53,14,8,3,0.375,1,1,50
53,15,8,3,0.375,1,1,50
53,16,8,1,0.125,1,0,50
53,17,8,1,0.125,1,0,50
53,18,8,2,0.25,1,0,50
53,19,8,1,0.125,1,0,50
53,20,8,8,1.0,1,1,50
53,21,8,1,0.125,1,0,50
53,22,8,5,0.625,1,0,50
53,23,8,2,0.25,1,0,50
53,24,8,1,0.125,1,1,50
53,25,8,2,0.25,1,0,50
53,26,8,3,0.375,1,0,50
53,27,8,8,1.0,1,1,50
53,28,8,1,0.125,1,1,50
53,29,8,2,0.25,1,1,50
53,30,8,3,0.375,1,1,50
53,31,8,6,0.75,1,1,50
53,32,8,4,0.5,1,0,50
53,33,8,4,0.5,1,1,50
53,34,8,3,0.375,1,0,50
53,35,8,0,0.0,1,0,50
53,36,8,8,1.0,1,1,50
53,37,8,4,0.5,1,1,50
53,38,8,5,0.625,1,1,50
53,39,8,4,0.5,1,0,50
53,40,8,4,0.5,1,1,50
53,41,8,2,0.25,1,1,50
53,42,8,6,0.75,1,1,50
53,43,8,1,0.125,1,0,50
53,44,8,3,0.375,1,0,50
53,45,8,2,0.25,1,0,50
53,46,8,2,0.25,1,0,50
53,47,8,5,0.625,1,0,50
53,48,8,4,0.5,1,1,50
53,49,8,3,0.375,1,1,50
53,50,8,2,0.25,1,0,50
53,51,8,3,0.375,1,0,50
53,52,8,7,0.875,1,1,50
53,53,8,2,0.25,1,1,50
53,54,8,2,0.25,1,0,50
53,55,8,5,0.625,1,1,50
53,56,8,1,0.125,1,0,50
53,57,8,1,0.125,1,0,50
53,58,8,4,0.5,1,1,50
53,59,8,1,0.125,1,0,50
53,60,8,1,0.125,1,1,50
53,61,8,4,0.5,1,0,50
53,62,8,0,0.0,1,0,50
53,63,8,3,0.375,1,1,50
53,64,8,3,0.375,1,0,50
53,65,8,2,0.25,1,0,50
53,66,8,3,0.375,1,1,50
53,67,8,1,0.125,1,0,50
53,68,8,6,0.75,1,1,50
53,69,8,4,0.5,1,1,50
53,70,8,4,0.5,1,1,50
53,71,8,1,0.125,1,1,50
53,72,8,1,0.125,1,0,50
53,73,8,4,0.5,1,0,50
53,74,8,5,0.625,1,1,50
53,75,8,1,0.125,1,0,50
53,76,8,1,0.125,1,1,50
53,77,8,1,0.125,1,0,50
53,78,8,5,0.625,1,1,50
53,79,8,4,0.5,1,1,50
53,80,8,1,0.125,1,0,50
53,81,8,1,0.125,1,0,50
53,82,8,8,1.0,1,1,50
53,83,8,4,0.5,1,1,50
53,84,8,6,0.75,1,1,50
53,85,8,6,0.75,1,1,50
53,86,8,2,0.25,1,0,50
53,87,8,4,0.5,1,0,50
53,88,8,1,0.125,1,1,50
53,89,8,4,0.5,1,0,50
53,90,8,6,0.75,1,1,50
53,91,8,1,0.125,1,0,50
53,92,8,7,0.875,1,1,50
53,93,8,4,0.5,1,1,50
53,94,8,1,0.125,1,0,50
53,95,8,8,1.0,1,1,50
53,96,8,2,0.25,1,0,50
53,97,8,0,0.0,1,1,50
53,98,8,2,0.25,1,1,50
53,99,8,1,0.125,1,0,50
54,0,8,5,0.625,1,1,50
54,1,8,3,0.375,1,0,50
54,2,8,2,0.25,1,1,50
54,3,8,4,0.5,1,0,50
54,4,8,3,0.375,1,1,50
54,5,8,3,0.375,1,0,50
54,6,8,1,0.125,1,1,50
54,7,8,2,0.25,1,0,50
54,8,8,5,0.625,1,1,50
54,9,8,1,0.125,1,0,50
54,10,8,1,0.125,1,0,50
54,11,8,1,0.125,1,0,50
54,12,8,5,0.625,1,0,50
54,13,8,1,0.125,1,1,50
54,14,8,7,0.875,1,1,50
54,15,8,3,0.375,1,1,50
54,16,8,2,0.25,1,0,50
54,17,8,4,0.5,1,1,50
54,18,8,1,0.125,1,1,50
54,19,8,2,0.25,1,1,50
54,20,8,0,0.0,1,0,50
54,21,8,1,0.125,1,1,50
54,22,8,4,0.5,1,0,50
54,23,8,3,0.375,1,1,50
54,24,8,1,0.125,1,0,50
54,25,8,3,0.375,1,0,50
54,26,8,5,0.625,1,1,50
54,27,8,5,0.625,1,1,50
54,28,8,3,0.375,1,1,50
54,29,8,2,0.25,1,0,50
54,30,8,0,0.0,1,0,50
54,31,8,3,0.375,1,0,50
54,32,8,8,1.0,1,1,50
54,33,8,7,0.875,1,1,50
54,34,8,2,0.25,1,0,50
54,35,8,0,0.0,1,1,50
54,36,8,5,0.625,1,1,50
54,37,8,6,0.75,1,1,50
54,38,8,7,0.875,1,1,50
54,39,8,3,0.375,1,0,50
54,40,8,0,0.0,1,0,50
54,41,8,7,0.875,1,1,50
54,42,8,2,0.25,1,0,50
54,43,8,1,0.125,1,1,50
54,44,8,5,0.625,1,0,50
54,45,8,0,0.0,1,1,50
54,46,8,4,0.5,1,1,50
54,47,8,7,0.875,1,1,50
54,48,8,6,0.75,1,1,50
54,49,8,1,0.125,1,0,50
54,50,8,2,0.25,1,0,50
54,51,8,2,0.25,1,1,50
54,52,8,3,0.375,1,1,50
54,53,8,4,0.5,1,0,50
54,54,8,5,0.625,1,1,50
54,55,8,2,0.25,1,0,50
54,56,8,8,1.0,1,1,50
54,57,8,2,0.25,1,0,50
54,58,8,4,0.5,1,0,50
54,59,8,6,0.75,1,1,50
54,60,8,5,0.625,1,1,50
54,61,8,0,0.0,1,0,50
54,62,8,0,0.0,1,1,50
54,63,8,2,0.25,1,0,50
54,64,8,7,0.875,1,1,50
54,65,8,3,0.375,1,0,50
54,66,8,3,0.375,1,1,50
54,67,8,1,0.125,1,0,50
54,68,8,4,0.5,1,1,50
54,69,8,2,0.25,1,0,50
54,70,8,3,0.375,1,0,50
54,71,8,1,0.125,1,0,50
54,72,8,1,0.125,1,1,50
54,73,8,0,0.0,1,0,50
54,74,8,2,0.25,1,0,50
54,75,8,2,0.25,1,1,50
54,76,8,3,0.375,1,1,50
54,77,8,2,0.25,1,1,50
54,78,8,0,0.0,1,0,50
54,79,8,2,0.25,1,0,50
54,80,8,8,1.0,1,1,50
54,81,8,1,0.125,1,0,50
54,82,8,0,0.0,1,1,50
54,83,8,8,1.0,1,1,50
54,84,8,3,0.375,1,0,50
54,85,8,5,0.625,1,0,50
54,86,8,5,0.625,1,0,50
54,87,8,1,0.125,1,0,50
54,88,8,7,0.875,1,1,50
54,89,8,5,0.625,1,1,50
54,90,8,0,0.0,1,0,50
54,91,8,2,0.25,1,0,50
54,92,8,6,0.75,1,1,50
54,93,8,4,0.5,1,1,50
54,94,8,2,0.25,1,0,50
54,95,8,3,0.375,1,1,50
54,96,8,2,0.25,1,0,50
54,97,8,8,1.0,1,1,50
54,98,8,1,0.125,1,0,50
54,99,8,2,0.25,1,0,50
55,0,8,4,0.5,1,0,50
55,1,8,7,0.875,1,1,50
55,2,8,2,0.25,1,0,50
55,3,8,1,0.125,1,1,50
55,4,8,8,1.0,1,1,50
55,5,8,2,0.25,1,1,50
55,6,8,0,0.0,1,0,50
55,7,8,8,1.0,1,1,50
55,8,8,5,0.625,1,1,50
55,9,8,2,0.25,1,0,50
55,10,8,8,1.0,1,1,50
55,11,8,6,0.75,1,1,50
55,12,8,2,0.25,1,1,50
55,13,8,1,0.125,1,0,50
55,14,8,1,0.125,1,1,50
55,15,8,4,0.5,1,0,50
55,16,8,0,0.0,1,0,50
55,17,8,2,0.25,1,0,50
55,18,8,3,0.375,1,0,50
55,19,8,3,0.375,1,0,50
55,20,8,0,0.0,1,1,50
55,21,8,2,0.25,1,0,50
55,22,8,0,0.0,1,0,50
55,23,8,8,1.0,1,1,50
55,24,8,3,0.375,1,0,50
55,25,8,3,0.375,1,0,50
55,26,8,3,0.375,1,0,50
55,27,8,2,0.25,1,0,50
55,28,8,1,0.125,1,0,50
55,29,8,4,0.5,1,0,50
55,30,8,8,1.0,1,1,50
55,31,8,0,0.0,1,1,50
55,32,8,1,0.125,1,0,50
55,33,8,2,0.25,1,1,50
55,34,8,2,0.25,1,1,50
55,35,8,2,0.25,1,0,50
55,36,8,2,0.25,1,1,50
55,37,8,3,0.375,1,1,50
55,38,8,3,0.375,1,1,50
55,39,8,2,0.25,1,0,50
55,40,8,4,0.5,1,0,50
55,41,8,1,0.125,1,1,50
55,42,8,4,0.5,1,1,50
55,43,8,7,0.875,1,1,50
55,44,8,1,0.125,1,0,50
55,45,8,4,0.5,1,1,50
55,46,8,8,1.0,1,1,50
55,47,8,4,0.5,1,0,50
55,48,8,3,0.375,1,0,50
55,49,8,3,0.375,1,0,50
55,50,8,2,0.25,1,0,50
55,51,8,7,0.875,1,1,50
55,52,8,3,0.375,1,0,50
55,53,8,2,0.25,1,1,50
55,54,8,5,0.625,1,1,50
55,55,8,4,0.5,1,1,50
55,56,8,1,0.125,1,0,50
55,57,8,0,0.0,1,0,50
55,58,8,1,0.125,1,0,50
55,59,8,0,0.0,1,0,50
55,60,8,2,0.25,1,0,50
55,61,8,8,1.0,1,1,50
55,62,8,2,0.25,1,0,50
55,63,8,0,0.0,1,1,50
55,64,8,1,0.125,1,1,50
55,65,8,4,0.5,1,1,50
55,66,8,3,0.375,1,0,50
55,67,8,1,0.125,1,0,50
55,68,8,4,0.5,1,0,50
55,69,8,8,1.0,1,1,50
55,70,8,1,0.125,1,0,50
55,71,8,1,0.125,1,1,50
55,72,8,1,0.125,1,0,50
55,73,8,2,0.25,1,0,50
55,74,8,1,0.125,1,0,50
55,75,8,7,0.875,1,1,50
55,76,8,7,0.875,1,1,50
55,77,8,0,0.0,1,0,50
55,78,8,2,0.25,1,1,50
55,79,8,5,0.625,1,1,50
55,80,8,2,0.25,1,1,50
55,81,8,3,0.375,1,1,50
55,82,8,3,0.375,1,0,50
55,83,8,4,0.5,1,1,50
55,84,8,5,0.625,1,1,50
55,85,8,5,0.625,1,1,50
55,86,8,4,0.5,1,1,50
55,87,8,2,0.25,1,1,50
55,88,8,7,0.875,1,1,50
55,89,8,1,0.125,1,0,50
55,90,8,2,0.25,1,1,50
55,91,8,2,0.25,1,0,50
55,92,8,3,0.375,1,0,50
55,93,8,2,0.25,1,0,50
55,94,8,3,0.375,1,0,50
55,95,8,2,0.25,1,0,50
55,96,8,1,0.125,1,0,50
55,97,8,2,0.25,1,0,50
55,98,8,8,1.0,1,1,50
55,99,8,6,0.75,1,1,50
56,0,8,1,0.125,1,0,50
56,1,8,2,0.25,1,1,50
56,2,8,4,0.5,1,1,50
56,3,8,4,0.5,1,0,50
56,4,8,2,0.25,1,1,50
56,5,8,1,0.125,1,0,50
56,6,8,4,0.5,1,0,50
56,7,8,0,0.0,1,1,50
56,8,8,0,0.0,1,1,50
56,9,8,5,0.625,1,1,50
56,10,8,2,0.25,1,0,50
56,11,8,4,0.5,1,1,50
56,12,8,2,0.25,1,1,50
56,13,8,2,0.25,1,0,50
56,14,8,8,1.0,1,1,50
56,15,8,0,0.0,1,0,50
56,16,8,2,0.25,1,1,50
56,17,8,8,1.0,1,1,50
56,18,8,1,0.125,1,0,50
56,19,8,0,0.0,1,0,50
56,20,8,0,0.0,1,1,50
56,21,8,3,0.375,1,0,50
56,22,8,5,0.625,1,1,50
56,23,8,2,0.25,1,0,50
56,24,8,3,0.375,1,0,50
56,25,8,2,0.25,1,1,50
56,26,8,7,0.875,1,1,50
56,27,8,2,0.25,1,1,50
56,28,8,6,0.75,1,1,50
56,29,8,3,0.375,1,0,50
56,30,8,5,0.625,1,1,50
56,31,8,8,1.0,1,1,50
56,32,8,1,0.125,1,1,50
56,33,8,4,0.5,1,1,50
56,34,8,4,0.5,1,1,50
56,35,8,4,0.5,1,0,50
56,36,8,8,1.0,1,1,50
56,37,8,5,0.625,1,1,50
56,38,8,3,0.375,1,1,50
56,39,8,2,0.25,1,1,50
56,40,8,2,0.25,1,0,50
56,41,8,7,0.875,1,1,50
56,42,8,3,0.375,1,0,50
56,43,8,1,0.125,1,0,50
56,44,8,5,0.625,1,1,50
56,45,8,2,0.25,1,0,50
56,46,8,4,0.5,1,0,50
56,47,8,3,0.375,1,0,50
56,48,8,7,0.875,1,1,50
56,49,8,2,0.25,1,0,50
56,50,8,2,0.25,1,0,50
56,51,8,8,1.0,1,1,50
56,52,8,1,0.125,1,0,50
56,53,8,4,0.5,1,1,50
56,54,8,8,1.0,1,1,50
56,55,8,2,0.25,1,1,50
56,56,8,1,0.125,1,0,50
56,57,8,7,0.875,1,1,50
56,58,8,0,0.0,1,0,50
56,59,8,0,0.0,1,1,50
56,60,8,5,0.625,1,1,50
56,61,8,2,0.25,1,1,50
56,62,8,8,1.0,1,1,50
56,63,8,0,0.0,1,0,50
56,64,8,3,0.375,1,0,50
56,65,8,1,0.125,1,1,50
56,66,8,2,0.25,1,0,50
56,67,8,2,0.25,1,1,50
56,68,8,0,0.0,1,0,50
56,69,8,0,0.0,1,0,50
56,70,8,2,0.25,1,0,50
56,71,8,3,0.375,1,0,50
56,72,8,1,0.125,1,0,50
56,73,8,4,0.5,1,1,50
56,74,8,3,0.375,1,0,50
56,75,8,1,0.125,1,0,50
56,76,8,2,0.25,1,0,50
56,77,8,6,0.75,1,1,50
56,78,8,3,0.375,1,0,50
56,79,8,1,0.125,1,0,50
56,80,8,1,0.125,1,1,50
56,81,8,1,0.125,1,1,50
56,82,8,0,0.0,1,0,50
56,83,8,2,0.25,1,1,50
56,84,8,8,1.0,1,1,50
56,85,8,2,0.25,1,0,50
56,86,8,3,0.375,1,1,50
56,87,8,4,0.5,1,1,50
56,88,8,2,0.25,1,0,50
56,89,8,4,0.5,1,0,50
56,90,8,6,0.75,1,1,50
56,91,8,2,0.25,1,1,50
56,92,8,3,0.375,1,0,50
56,93,8,2,0.25,1,0,50
56,94,8,1,0.125,1,1,50
56,95,8,0,0.0,1,0,50
56,96,8,1,0.125,1,0,50
56,97,8,4,0.5,1,1,50
56,98,8,0,0.0,1,0,50
56,99,8,0,0.0,1,1,50
57,0,8,0,0.0,1,1,50
57,1,8,3,0.375,1,0,50
57,2,8,5,0.625,1,1,50
57,3,8,1,0.125,1,1,50
57,4,8,2,0.25,1,0,50
57,5,8,1,0.125,1,0,50
57,6,8,2,0.25,1,1,50
57,7,8,2,0.25,1,0,50
57,8,8,5,0.625,1,1,50
57,9,8,2,0.25,1,0,50
57,10,8,2,0.25,1,0,50
57,11,8,2,0.25,1,0,50
57,12,8,2,0.25,1,0,50
57,13,8,6,0.75,1,1,50
57,14,8,5,0.625,1,0,50
57,15,8,0,0.0,1,1,50
57,16,8,3,0.375,1,0,50
57,17,8,2,0.25,1,0,50
57,18,8,2,0.25,1,1,50
57,19,8,2,0.25,1,0,50
57,20,8,1,0.125,1,0,50
57,21,8,3,0.375,1,0,50
57,22,8,7,0.875,1,1,50
57,23,8,1,0.125,1,1,50
57,24,8,5,0.625,1,1,50
57,25,8,8,1.0,1,1,50
57,26,8,0,0.0,1,0,50
57,27,8,0,0.0,1,0,50
57,28,8,2,0.25,1,1,50
57,29,8,7,0.875,1,1,50
57,30,8,4,0.5,1,0,50
57,31,8,4,0.5,1,1,50
57,32,8,2,0.25,1,0,50
57,33,8,2,0.25,1,0,50
57,34,8,8,1.0,1,1,50
57,35,8,1,0.125,1,1,50
57,36,8,3,0.375,1,1,50
57,37,8,2,0.25,1,1,50
57,38,8,6,0.75,1,1,50
57,39,8,6,0.75,1,1,50
57,40,8,2,0.25,1,0,50
57,41,8,7,0.875,1,1,50
57,42,8,0,0.0,1,0,50
57,43,8,8,1.0,1,1,50
57,44,8,3,0.375,1,1,50
57,45,8,1,0.125,1,1,50
57,46,8,1,0.125,1,1,50
57,47,8,2,0.25,1,0,50
57,48,8,7,0.875,1,1,50
57,49,8,8,1.0,1,1,50
57,50,8,3,0.375,1,1,50
57,51,8,5,0.625,1,1,50
57,52,8,4,0.5,1,0,50
57,53,8,2,0.25,1,1,50
57,54,8,4,0.5,1,1,50
57,55,8,3,0.375,1,0,50
57,56,8,4,0.5,1,0,50
57,57,8,2,0.25,1,1,50
57,58,8,0,0.0,1,0,50
57,59,8,1,0.125,1,1,50
57,60,8,2,0.25,1,0,50
57,61,8,1,0.125,1,0,50
57,62,8,1,0.125,1,0,50
57,63,8,7,0.875,1,1,50
57,64,8,7,0.875,1,1,50
57,65,8,2,0.25,1,0,50
57,66,8,7,0.875,1,1,50
57,67,8,6,0.75,1,1,50
57,68,8,7,0.875,1,1,50
57,69,8,0,0.0,1,1,50
57,70,8,5,0.625,1,1,50
57,71,8,2,0.25,1,0,50
57,72,8,3,0.375,1,1,50
57,73,8,0,0.0,1,0,50
57,74,8,6,0.75,1,1,50
57,75,8,3,0.375,1,0,50
57,76,8,3,0.375,1,0,50
57,77,8,2,0.25,1,0,50
57,78,8,7,0.875,1,1,50
57,79,8,1,0.125,1,0,50
57,80,8,2,0.25,1,0,50
57,81,8,3,0.375,1,0,50
57,82,8,2,0.25,1,0,50
57,83,8,3,0.375,1,1,50
57,84,8,3,0.375,1,1,50
57,85,8,0,0.0,1,1,50
57,86,8,3,0.375,1,0,50
57,87,8,4,0.5,1,0,50
57,88,8,6,0.75,1,1,50
57,89,8,0,0.0,1,1,50
57,90,8,2,0.25,1,0,50
57,91,8,2,0.25,1,0,50
57,92,8,0,0.0,1,0,50
57,93,8,3,0.375,1,0,50
57,94,8,7,0.875,1,1,50
57,95,8,4,0.5,1,1,50
57,96,8,5,0.625,1,1,50
57,97,8,2,0.25,1,0,50
57,98,8,5,0.625,1,1,50
57,99,8,0,0.0,1,1,50
58,0,8,3,0.375,1,0,50
58,1,8,6,0.75,1,1,50
58,2,8,1,0.125,1,0,50
58,3,8,3,0.375,1,0,50
58,4,8,1,0.125,1,0,50
58,5,8,4,0.5,1,0,50
58,6,8,2,0.25,1,1,50
58,7,8,3,0.375,1,0,50
58,8,8,7,0.875,1,1,50
58,9,8,8,1.0,1,1,50
58,10,8,1,0.125,1,0,50
58,11,8,2,0.25,1,1,50
58,12,8,2,0.25,1,0,50
58,13,8,2,0.25,1,0,50
58,14,8,5,0.625,1,1,50
58,15,8,1,0.125,1,0,50
58,16,8,2,0.25,1,1,50
58,17,8,5,0.625,1,1,50
58,18,8,1,0.125,1,0,50
58,19,8,2,0.25,1,0,50
58,20,8,5,0.625,1,1,50
58,21,8,1,0.125,1,1,50
58,22,8,5,0.625,1,0,50
58,23,8,2,0.25,1,0,50
58,24,8,2,0.25,1,0,50
58,25,8,4,0.5,1,0,50
58,26,8,4,0.5,1,0,50
58,27,8,0,0.0,1,0,50
58,28,8,1,0.125,1,0,50
58,29,8,3,0.375,1,0,50
58,30,8,3,0.375,1,0,50
58,31,8,7,0.875,1,1,50
58,32,8,6,0.75,1,1,50
58,33,8,0,0.0,1,1,50
58,34,8,1,0.125,1,0,50
58,35,8,4,0.5,1,1,50
58,36,8,1,0.125,1,0,50
58,37,8,1,0.125,1,0,50
58,38,8,6,0.75,1,1,50
58,39,8,1,0.125,1,1,50
58,40,8,2,0.25,1,0,50
58,41,8,3,0.375,1,0,50
58,42,8,7,0.875,1,1,50
58,43,8,7,0.875,1,1,50
58,44,8,6,0.75,1,1,50
58,45,8,4,0.5,1,0,50
58,46,8,4,0.5,1,0,50
58,47,8,5,0.625,1,1,50
58,48,8,2,0.25,1,0,50
58,49,8,4,0.5,1,0,50
58,50,8,4,0.5,1,1,50
58,51,8,4,0.5,1,1,50
58,52,8,1,0.125,1,0,50
58,53,8,6,0.75,1,1,50
58,54,8,0,0.0,1,1,50
58,55,8,0,0.0,1,1,50
58,56,8,1,0.125,1,0,50
58,57,8,2,0.25,1,0,50
58,58,8,3,0.375,1,0,50
58,59,8,3,0.375,1,0,50
58,60,8,7,0.875,1,1,50
58,61,8,4,0.5,1,1,50
58,62,8,2,0.25,1,0,50
58,63,8,2,0.25,1,1,50
58,64,8,0,0.0,1,0,50
58,65,8,3,0.375,1,1,50
58,66,8,2,0.25,1,0,50
58,67,8,2,0.25,1,0,50
58,68,8,7,0.875,1,1,50
58,69,8,3,0.375,1,0,50
58,70,8,2,0.25,1,1,50
58,71,8,6,0.75,1,1,50
58,72,8,2,0.25,1,0,50
58,73,8,4,0.5,1,1,50
58,74,8,2,0.25,1,0,50
58,75,8,7,0.875,1,1,50
58,76,8,3,0.375,1,1,50
58,77,8,0,0.0,1,0,50
58,78,8,1,0.125,1,0,50
58,79,8,2,0.25,1,0,50
58,80,8,4,0.5,1,1,50
58,81,8,0,0.0,1,1,50
58,82,8,2,0.25,1,0,50
58,83,8,3,0.375,1,0,50
58,84,8,2,0.25,1,0,50
58,85,8,3,0.375,1,0,50
58,86,8,1,0.125,1,0,50
58,87,8,6,0.75,1,1,50
58,88,8,1,0.125,1,0,50
58,89,8,4,0.5,1,1,50
58,90,8,0,0.0,1,1,50
58,91,8,4,0.5,1,0,50
58,92,8,2,0.25,1,0,50
58,93,8,3,0.375,1,0,50
58,94,8,5,0.625,1,1,50
58,95,8,1,0.125,1,0,50
58,96,8,1,0.125,1,0,50
58,97,8,2,0.25,1,0,50
58,98,8,3,0.375,1,1,50
58,99,8,1,0.125,1,1,50
59,0,8,7,0.875,1,1,50
59,1,8,0,0.0,1,0,50
59,2,8,8,1.0,1,1,50
59,3,8,7,0.875,1,1,50
59,4,8,2,0.25,1,1,50
59,5,8,2,0.25,1,0,50
59,6,8,4,0.5,1,1,50
59,7,8,1,0.125,1,0,50
59,8,8,0,0.0,1,0,50
59,9,8,3,0.375,1,0,50
59,10,8,1,0.125,1,0,50
59,11,8,5,0.625,1,1,50
59,12,8,2,0.25,1,1,50
59,13,8,2,0.25,1,1,50
59,14,8,0,0.0,1,1,50
59,15,8,2,0.25,1,1,50
59,16,8,4,0.5,1,1,50
59,17,8,4,0.5,1,1,50
59,18,8,0,0.0,1,1,50
59,19,8,1,0.125,1,0,50
59,20,8,1,0.125,1,0,50
59,21,8,4,0.5,1,1,50
59,22,8,4,0.5,1,0,50
59,23,8,4,0.5,1,0,50
59,24,8,6,0.75,1,1,50
59,25,8,6,0.75,1,1,50
59,26,8,5,0.625,1,1,50
59,27,8,5,0.625,1,1,50
59,28,8,1,0.125,1,1,50
59,29,8,1,0.125,1,0,50
59,30,8,1,0.125,1,0,50
59,31,8,6,0.75,1,1,50
59,32,8,2,0.25,1,0,50
59,33,8,2,0.25,1,0,50
59,34,8,1,0.125,1,0,50
59,35,8,3,0.375,1,0,50
59,36,8,2,0.25,1,0,50
59,37,8,2,0.25,1,0,50
59,38,8,1,0.125,1,1,50
59,39,8,2,0.25,1,0,50
59,40,8,2,0.25,1,0,50
59,41,8,1,0.125,1,1,50
59,42,8,1,0.125,1,0,50
59,43,8,2,0.25,1,0,50
59,44,8,2,0.25,1,0,50
59,45,8,8,1.0,1,1,50
59,46,8,4,0.5,1,1,50
59,47,8,2,0.25,1,0,50
59,48,8,1,0.125,1,1,50
59,49,8,2,0.25,1,1,50
59,50,8,7,0.875,1,1,50
59,51,8,1,0.125,1,0,50
59,52,8,1,0.125,1,0,50
59,53,8,2,0.25,1,0,50
59,54,8,0,0.0,1,1,50
59,55,8,2,0.25,1,0,50
59,56,8,2,0.25,1,0,50
59,57,8,6,0.75,1,1,50
59,58,8,3,0.375,1,0,50
59,59,8,1,0.125,1,1,50
59,60,8,1,0.125,1,0,50
59,61,8,6,0.75,1,1,50
59,62,8,3,0.375,1,0,50
59,63,8,5,0.625,1,1,50
59,64,8,1,0.125,1,0,50
59,65,8,1,0.125,1,1,50
59,66,8,0,0.0,1,1,50
59,67,8,5,0.625,1,1,50
59,68,8,4,0.5,1,0,50
59,69,8,3,0.375,1,0,50
59,70,8,1,0.125,1,0,50
59,71,8,5,0.625,1,1,50
59,72,8,0,0.0,1,1,50
59,73,8,0,0.0,1,1,50
59,74,8,1,0.125,1,0,50
59,75,8,3,0.375,1,0,50
59,76,8,7,0.875,1,1,50
59,77,8,1,0.125,1,1,50
59,78,8,1,0.125,1,0,50
59,79,8,2,0.25,1,0,50
59,80,8,2,0.25,1,1,50
59,81,8,1,0.125,1,0,50
59,82,8,0,0.0,1,1,50
59,83,8,2,0.25,1,0,50
59,84,8,5,0.625,1,1,50
59,85,8,2,0.25,1,0,50
59,86,8,3,0.375,1,1,50
59,87,8,1,0.125,1,0,50
59,88,8,6,0.75,1,1,50
59,89,8,5,0.625,1,1,50
59,90,8,7,0.875,1,1,50
59,91,8,3,0.375,1,0,50
59,92,8,4,0.5,1,0,50
59,93,8,3,0.375,1,1,50
59,94,8,6,0.75,1,1,50
59,95,8,0,0.0,1,0,50
59,96,8,2,0.25,1,0,50
59,97,8,5,0.625,1,1,50
59,98,8,2,0.25,1,0,50
59,99,8,2,0.25,1,0,50
60,0,8,2,0.25,1,0,50
60,1,8,3,0.375,1,0,50
60,2,8,3,0.375,1,1,50
60,3,8,2,0.25,1,0,50
60,4,8,0,0.0,1,0,50
60,5,8,2,0.25,1,0,50
60,6,8,6,0.75,1,1,50
60,7,8,0,0.0,1,0,50
60,8,8,1,0.125,1,0,50
60,9,8,2,0.25,1,1,50
60,10,8,7,0.875,1,1,50
60,11,8,2,0.25,1,1,50
60,12,8,8,1.0,1,1,50
60,13,8,5,0.625,1,1,50
60,14,8,1,0.125,1,0,50
60,15,8,1,0.125,1,1,50
60,16,8,2,0.25,1,0,50
60,17,8,7,0.875,1,1,50
60,18,8,1,0.125,1,1,50
60,19,8,0,0.0,1,0,50
60,20,8,2,0.25,1,0,50
60,21,8,1,0.125,1,1,50
60,22,8,3,0.375,1,0,50
60,23,8,7,0.875,1,1,50
60,24,8,6,0.75,1,1,50
60,25,8,4,0.5,1,1,50
60,26,8,0,0.0,1,0,50
60,27,8,2,0.25,1,1,50
60,28,8,2,0.25,1,0,50
60,29,8,1,0.125,1,1,50
60,30,8,1,0.125,1,0,50
60,31,8,2,0.25,1,0,50
60,32,8,7,0.875,1,1,50
60,33,8,8,1.0,1,1,50
60,34,8,2,0.25,1,1,50
60,35,8,1,0.125,1,0,50
60,36,8,1,0.125,1,1,50
60,37,8,7,0.875,1,1,50
60,38,8,8,1.0,1,1,50
60,39,8,0,0.0,1,0,50
60,40,8,1,0.125,1,0,50
60,41,8,0,0.0,1,0,50
60,42,8,1,0.125,1,0,50
60,43,8,2,0.25,1,0,50
60,44,8,6,0.75,1,1,50
60,45,8,2,0.25,1,0,50
60,46,8,2,0.25,1,0,50
60,47,8,6,0.75,1,1,50
60,48,8,1,0.125,1,0,50
60,49,8,4,0.5,1,1,50
60,50,8,8,1.0,1,1,50
60,51,8,0,0.0,1,1,50
60,52,8,2,0.25,1,1,50
60,53,8,0,0.0,1,1,50
60,54,8,8,1.0,1,1,50
60,55,8,1,0.125,1,0,50
60,56,8,3,0.375,1,0,50
60,57,8,1,0.125,1,0,50
60,58,8,2,0.25,1,0,50
60,59,8,3,0.375,1,0,50
60,60,8,8,1.0,1,1,50
60,61,8,0,0.0,1,1,50
60,62,8,3,0.375,1,0,50
60,63,8,2,0.25,1,0,50
60,64,8,2,0.25,1,0,50
60,65,8,8,1.0,1,1,50
60,66,8,5,0.625,1,1,50
60,67,8,2,0.25,1,0,50
60,68,8,1,0.125,1,0,50
60,69,8,1,0.125,1,1,50
60,70,8,4,0.5,1,0,50
60,71,8,0,0.0,1,1,50
60,72,8,5,0.625,1,1,50
60,73,8,2,0.25,1,1,50
60,74,8,0,0.0,1,0,50
60,75,8,8,1.0,1,1,50
60,76,8,2,0.25,1,1,50
60,77,8,4,0.5,1,1,50
60,78,8,0,0.0,1,1,50
60,79,8,4,0.5,1,0,50
60,80,8,7,0.875,1,1,50
60,81,8,1,0.125,1,0,50
60,82,8,5,0.625,1,1,50
60,83,8,1,0.125,1,0,50
60,84,8,5,0.625,1,1,50
60,85,8,4,0.5,1,1,50
60,86,8,3,0.375,1,0,50
60,87,8,2,0.25,1,0,50
60,88,8,3,0.375,1,0,50
60,89,8,2,0.25,1,1,50
60,90,8,2,0.25,1,0,50
60,91,8,1,0.125,1,0,50
60,92,8,5,0.625,1,0,50
60,93,8,2,0.25,1,1,50
60,94,8,0,0.0,1,0,50
60,95,8,1,0.125,1,0,50
60,96,8,2,0.25,1,0,50
60,97,8,1,0.125,1,0,50
60,98,8,2,0.25,1,0,50
60,99,8,8,1.0,1,1,50
61,0,8,6,0.75,1,1,50
61,1,8,0,0.0,1,0,50
61,2,8,2,0.25,1,1,50
61,3,8,6,0.75,1,1,50
61,4,8,1,0.125,1,1,50
61,5,8,3,0.375,1,0,50
61,6,8,5,0.625,1,1,50
61,7,8,2,0.25,1,1,50
61,8,8,4,0.5,1,1,50
61,9,8,1,0.125,1,1,50
61,10,8,5,0.625,1,1,50
61,11,8,2,0.25,1,0,50
61,12,8,2,0.25,1,0,50
61,13,8,3,0.375,1,1,50
61,14,8,2,0.25,1,0,50
61,15,8,1,0.125,1,0,50
61,16,8,0,0.0,1,0,50
61,17,8,3,0.375,1,0,50
61,18,8,7,0.875,1,1,50
61,19,8,2,0.25,1,0,50
61,20,8,0,0.0,1,1,50
61,21,8,0,0.0,1,1,50
61,22,8,7,0.875,1,1,50
61,23,8,3,0.375,1,0,50
61,24,8,2,0.25,1,0,50
61,25,8,7,0.875,1,1,50
61,26,8,1,0.125,1,0,50
61,27,8,5,0.625,1,0,50
61,28,8,1,0.125,1,0,50
61,29,8,1,0.125,1,0,50
61,30,8,3,0.375,1,0,50
61,31,8,4,0.5,1,0,50
61,32,8,2,0.25,1,0,50
61,33,8,2,0.25,1,1,50
61,34,8,2,0.25,1,1,50
61,35,8,5,0.625,1,1,50
61,36,8,7,0.875,1,1,50
61,37,8,0,0.0,1,1,50
61,38,8,5,0.625,1,1,50
61,39,8,3,0.375,1,0,50
61,40,8,7,0.875,1,1,50
61,41,8,2,0.25,1,0,50
61,42,8,0,0.0,1,1,50
61,43,8,1,0.125,1,0,50
61,44,8,0,0.0,1,0,50
61,45,8,0,0.0,1,0,50
61,46,8,7,0.875,1,1,50
61,47,8,3,0.375,1,1,50
61,48,8,1,0.125,1,1,50
61,49,8,4,0.5,1,0,50
61,50,8,4,0.5,1,1,50
61,51,8,0,0.0,1,1,50
61,52,8,2,0.25,1,1,50
61,53,8,1,0.125,1,0,50
61,54,8,4,0.5,1,1,50
61,55,8,1,0.125,1,1,50
61,56,8,1,0.125,1,0,50
61,57,8,8,1.0,1,1,50
61,58,8,8,1.0,1,1,50
61,59,8,3,0.375,1,0,50
61,60,8,0,0.0,1,0,50
61,61,8,6,0.75,1,1,50
61,62,8,2,0.25,1,1,50
61,63,8,1,0.125,1,0,50
61,64,8,1,0.125,1,0,50
61,65,8,0,0.0,1,1,50
61,66,8,1,0.125,1,0,50
61,67,8,1,0.125,1,0,50
61,68,8,1,0.125,1,0,50
61,69,8,2,0.25,1,1,50
61,70,8,1,0.125,1,0,50
61,71,8,4,0.5,1,0,50
61,72,8,2,0.25,1,0,50
61,73,8,6,0.75,1,1,50
61,74,8,2,0.25,1,1,50
61,75,8,1,0.125,1,0,50
61,76,8,3,0.375,1,0,50
61,77,8,5,0.625,1,1,50
61,78,8,1,0.125,1,0,50
61,79,8,4,0.5,1,0,50
61,80,8,3,0.375,1,0,50
61,81,8,4,0.5,1,0,50
61,82,8,0,0.0,1,1,50
61,83,8,5,0.625,1,0,50
61,84,8,0,0.0,1,0,50
61,85,8,2,0.25,1,0,50
61,86,8,2,0.25,1,0,50
61,87,8,6,0.75,1,1,50
61,88,8,3,0.375,1,0,50
61,89,8,0,0.0,1,0,50
61,90,8,8,1.0,1,1,50
61,91,8,3,0.375,1,0,50
61,92,8,8,1.0,1,1,50
61,93,8,3,0.375,1,0,50
61,94,8,1,0.125,1,0,50
61,95,8,5,0.625,1,1,50
61,96,8,1,0.125,1,0,50
61,97,8,3,0.375,1,0,50
61,98,8,3,0.375,1,0,50
61,99,8,4,0.5,1,0,50
62,0,8,8,1.0,1,1,50
62,1,8,7,0.875,1,1,50
62,2,8,1,0.125,1,0,50
62,3,8,2,0.25,1,1,50
62,4,8,6,0.75,1,1,50
62,5,8,2,0.25,1,1,50
62,6,8,2,0.25,1,0,50
62,7,8,1,0.125,1,0,50
62,8,8,2,0.25,1,1,50
62,9,8,2,0.25,1,1,50
62,10,8,3,0.375,1,1,50
62,11,8,4,0.5,1,1,50
62,12,8,6,0.75,1,1,50
62,13,8,5,0.625,1,1,50
62,14,8,3,0.375,1,0,50
62,15,8,6,0.75,1,1,50
62,16,8,2,0.25,1,0,50
62,17,8,5,0.625,1,1,50
62,18,8,4,0.5,1,1,50
62,19,8,0,0.0,1,0,50
62,20,8,4,0.5,1,0,50
62,21,8,3,0.375,1,1,50
62,22,8,3,0.375,1,0,50
62,23,8,4,0.5,1,0,50
62,24,8,1,0.125,1,0,50
62,25,8,1,0.125,1,0,50
62,26,8,1,0.125,1,0,50
62,27,8,1,0.125,1,0,50
62,28,8,1,0.125,1,1,50
62,29,8,2,0.25,1,1,50
62,30,8,8,1.0,1,1,50
62,31,8,8,1.0,1,1,50
62,32,8,1,0.125,1,1,50
62,33,8,2,0.25,1,0,50
62,34,8,3,0.375,1,0,50
62,35,8,8,1.0,1,1,50
62,36,8,1,0.125,1,0,50
62,37,8,6,0.75,1,1,50
62,38,8,7,0.875,1,1,50
62,39,8,4,0.5,1,0,50
62,40,8,2,0.25,1,1,50
62,41,8,7,0.875,1,1,50
62,42,8,2,0.25,1,1,50
62,43,8,2,0.25,1,0,50
62,44,8,1,0.125,1,0,50
62,45,8,8,1.0,1,1,50
62,46,8,2,0.25,1,0,50
62,47,8,4,0.5,1,0,50
62,48,8,1,0.125,1,0,50
62,49,8,0,0.0,1,1,50
62,50,8,2,0.25,1,0,50
62,51,8,3,0.375,1,0,50
62,52,8,3,0.375,1,1,50
62,53,8,1,0.125,1,1,50
62,54,8,2,0.25,1,0,50
62,55,8,1,0.125,1,0,50
62,56,8,1,0.125,1,0,50
62,57,8,3,0.375,1,0,50
62,58,8,1,0.125,1,0,50
62,59,8,1,0.125,1,0,50
62,60,8,3,0.375,1,1,50
62,61,8,4,0.5,1,0,50
62,62,8,2,0.25,1,1,50
62,63,8,7,0.875,1,1,50
62,64,8,2,0.25,1,0,50
62,65,8,2,0.25,1,0,50
62,66,8,7,0.875,1,1,50
62,67,8,1,0.125,1,0,50
62,68,8,3,0.375,1,0,50
62,69,8,1,0.125,1,0,50
62,70,8,3,0.375,1,0,50
62,71,8,2,0.25,1,0,50
62,72,8,4,0.5,1,0,50
62,73,8,2,0.25,1,0,50
62,74,8,8,1.0,1,1,50
62,75,8,5,0.625,1,1,50
62,76,8,1,0.125,1,1,50
62,77,8,2,0.25,1,0,50
62,78,8,3,0.375,1,0,50
62,79,8,3,0.375,1,1,50
62,80,8,1,0.125,1,0,50
62,81,8,0,0.0,1,1,50
62,82,8,0,0.0,1,1,50
62,83,8,2,0.25,1,0,50
62,84,8,2,0.25,1,1,50
62,85,8,3,0.375,1,0,50
62,86,8,1,0.125,1,0,50
62,87,8,4,0.5,1,1,50
62,88,8,1,0.125,1,0,50
62,89,8,7,0.875,1,1,50
62,90,8,3,0.375,1,0,50
62,91,8,2,0.25,1,0,50
62,92,8,2,0.25,1,0,50
62,93,8,2,0.25,1,0,50
62,94,8,1,0.125,1,0,50
62,95,8,0,0.0,1,1,50
62,96,8,3,0.375,1,0,50
62,97,8,3,0.375,1,0,50
62,98,8,3,0.375,1,1,50
62,99,8,2,0.25,1,0,50
63,0,8,3,0.375,1,1,50
63,1,8,5,0.625,1,1,50
63,2,8,5,0.625,1,1,50
63,3,8,2,0.25,1,0,50
63,4,8,1,0.125,1,0,50
63,5,8,2,0.25,1,0,50
63,6,8,3,0.375,1,0,50
63,7,8,1,0.125,1,0,50
63,8,8,2,0.25,1,0,50
63,9,8,4,0.5,1,1,50
63,10,8,4,0.5,1,0,50
63,11,8,8,1.0,1,1,50
63,12,8,1,0.125,1,0,50
63,13,8,2,0.25,1,0,50
63,14,8,0,0.0,1,1,50
63,15,8,2,0.25,1,0,50
63,16,8,2,0.25,1,1,50
63,17,8,1,0.125,1,0,50
63,18,8,4,0.5,1,1,50
63,19,8,8,1.0,1,1,50
63,20,8,3,0.375,1,1,50
63,21,8,1,0.125,1,0,50
63,22,8,0,0.0,1,1,50
63,23,8,0,0.0,1,0,50
63,24,8,3,0.375,1,0,50
63,25,8,3,0.375,1,0,50
63,26,8,0,0.0,1,0,50
63,27,8,4,0.5,1,1,50
63,28,8,1,0.125,1,0,50
63,29,8,1,0.125,1,0,50
63,30,8,1,0.125,1,0,50
63,31,8,0,0.0,1,0,50
63,32,8,4,0.5,1,1,50
63,33,8,1,0.125,1,0,50
63,34,8,3,0.375,1,0,50
63,35,8,3,0.375,1,1,50
63,36,8,5,0.625,1,1,50
63,37,8,1,0.125,1,0,50
63,38,8,0,0.0,1,1,50
63,39,8,4,0.5,1,1,50
63,40,8,2,0.25,1,0,50
63,41,8,0,0.0,1,0,50
63,42,8,3,0.375,1,0,50
63,43,8,4,0.5,1,0,50
63,44,8,4,0.5,1,1,50
63,45,8,1,0.125,1,0,50
63,46,8,2,0.25,1,0,50
63,47,8,4,0.5,1,1,50
63,48,8,8,1.0,1,1,50
63,49,8,8,1.0,1,1,50
63,50,8,2,0.25,1,1,50
63,51,8,3,0.375,1,1,50
63,52,8,3,0.375,1,0,50
63,53,8,2,0.25,1,0,50
63,54,8,0,0.0,1,0,50
63,55,8,1,0.125,1,0,50
63,56,8,1,0.125,1,0,50
63,57,8,6,0.75,1,1,50
63,58,8,1,0.125,1,0,50
63,59,8,5,0.625,1,0,50
63,60,8,0,0.0,1,1,50
63,61,8,2,0.25,1,0,50
63,62,8,8,1.0,1,1,50
63,63,8,2,0.25,1,0,50
63,64,8,4,0.5,1,1,50
63,65,8,7,0.875,1,1,50
63,66,8,3,0.375,1,0,50
63,67,8,1,0.125,1,1,50
63,68,8,0,0.0,1,0,50
63,69,8,2,0.25,1,0,50
63,70,8,2,0.25,1,0,50
63,71,8,1,0.125,1,0,50
63,72,8,2,0.25,1,0,50
63,73,8,0,0.0,1,1,50
63,74,8,4,0.5,1,1,50
63,75,8,4,0.5,1,1,50
63,76,8,3,0.375,1,1,50
63,77,8,6,0.75,1,1,50
63,78,8,3,0.375,1,1,50
63,79,8,6,0.75,1,1,50
63,80,8,3,0.375,1,0,50
63,81,8,8,1.0,1,1,50
63,82,8,7,0.875,1,1,50
63,83,8,0,0.0,1,1,50
63,84,8,1,0.125,1,0,50
63,85,8,2,0.25,1,0,50
63,86,8,2,0.25,1,0,50
63,87,8,2,0.25,1,0,50
63,88,8,3,0.375,1,1,50
63,89,8,2,0.25,1,0,50
63,90,8,4,0.5,1,1,50
63,91,8,2,0.25,1,0,50
63,92,8,1,0.125,1,0,50
63,93,8,1,0.125,1,0,50
63,94,8,1,0.125,1,0,50
63,95,8,2,0.25,1,0,50
63,96,8,2,0.25,1,1,50
63,97,8,1,0.125,1,1,50
63,98,8,6,0.75,1,1,50
63,99,8,1,0.125,1,0,50
64,0,8,1,0.125,1,0,50
64,1,8,3,0.375,1,0,50
64,2,8,4,0.5,1,1,50
64,3,8,6,0.75,1,1,50
64,4,8,4,0.5,1,0,50
64,5,8,2,0.25,1,1,50
64,6,8,2,0.25,1,0,50
64,7,8,2,0.25,1,0,50
64,8,8,1,0.125,1,0,50
64,9,8,2,0.25,1,0,50
64,10,8,3,0.375,1,0,50
64,11,8,0,0.0,1,0,50
64,12,8,2,0.25,1,1,50
64,13,8,4,0.5,1,1,50
64,14,8,6,0.75,1,1,50
64,15,8,3,0.375,1,0,50
64,16,8,3,0.375,1,1,50
64,17,8,3,0.375,1,0,50
64,18,8,3,0.375,1,0,50
64,19,8,2,0.25,1,0,50
64,20,8,2,0.25,1,0,50
64,21,8,2,0.25,1,0,50
64,22,8,7,0.875,1,1,50
64,23,8,3,0.375,1,0,50
64,24,8,6,0.75,1,1,50
64,25,8,3,0.375,1,0,50
64,26,8,0,0.0,1,0,50
64,27,8,1,0.125,1,0,50
64,28,8,3,0.375,1,0,50
64,29,8,2,0.25,1,0,50
64,30,8,2,0.25,1,1,50
64,31,8,1,0.125,1,1,50
64,32,8,0,0.0,1,0,50
64,33,8,4,0.5,1,0,50
64,34,8,3,0.375,1,0,50
64,35,8,8,1.0,1,1,50
64,36,8,6,0.75,1,1,50
64,37,8,2,0.25,1,0,50
64,38,8,3,0.375,1,0,50
64,39,8,7,0.875,1,1,50
64,40,8,8,1.0,1,1,50
64,41,8,0,0.0,1,0,50
64,42,8,7,0.875,1,1,50
64,43,8,3,0.375,1,0,50
64,44,8,1,0.125,1,0,50
64,45,8,0,0.0,1,0,50
64,46,8,6,0.75,1,1,50
64,47,8,0,0.0,1,0,50
64,48,8,5,0.625,1,1,50
64,49,8,4,0.5,1,1,50
64,50,8,3,0.375,1,0,50
64,51,8,3,0.375,1,0,50
64,52,8,6,0.75,1,1,50
64,53,8,1,0.125,1,0,50
64,54,8,1,0.125,1,1,50
64,55,8,2,0.25,1,0,50
64,56,8,2,0.25,1,0,50
64,57,8,6,0.75,1,1,50
64,58,8,6,0.75,1,1,50
64,59,8,7,0.875,1,1,50
64,60,8,3,0.375,1,0,50
64,61,8,2,0.25,1,0,50
64,62,8,8,1.0,1,1,50
64,63,8,4,0.5,1,1,50
64,64,8,0,0.0,1,0,50
64,65,8,2,0.25,1,0,50
64,66,8,6,0.75,1,1,50
64,67,8,0,0.0,1,1,50
64,68,8,7,0.875,1,1,50
64,69,8,4,0.5,1,1,50
64,70,8,8,1.0,1,1,50
64,71,8,4,0.5,1,1,50
64,72,8,1,0.125,1,0,50
64,73,8,4,0.5,1,1,50
64,74,8,1,0.125,1,1,50
64,75,8,2,0.25,1,0,50
64,76,8,4,0.5,1,1,50
64,77,8,4,0.5,1,1,50
64,78,8,1,0.125,1,1,50
64,79,8,2,0.25,1,0,50
64,80,8,1,0.125,1,0,50
64,81,8,1,0.125,1,0,50
64,82,8,2,0.25,1,0,50
64,83,8,2,0.25,1,0,50
64,84,8,3,0.375,1,1,50
64,85,8,8,1.0,1,1,50
64,86,8,2,0.25,1,0,50
64,87,8,4,0.5,1,0,50
64,88,8,7,0.875,1,1,50
64,89,8,0,0.0,1,0,50
64,90,8,7,0.875,1,1,50
64,91,8,4,0.5,1,1,50
64,92,8,1,0.125,1,0,50
64,93,8,2,0.25,1,1,50
64,94,8,1,0.125,1,0,50
64,95,8,5,0.625,1,1,50
64,96,8,0,0.0,1,1,50
64,97,8,8,1.0,1,1,50
64,98,8,2,0.25,1,1,50
64,99,8,1,0.125,1,0,50
65,0,8,5,0.625,1,1,50
65,1,8,0,0.0,1,0,50
65,2,8,1,0.125,1,0,50
65,3,8,1,0.125,1,0,50
65,4,8,4,0.5,1,1,50
65,5,8,8,1.0,1,1,50
65,6,8,2,0.25,1,0,50
65,7,8,4,0.5,1,0,50
65,8,8,8,1.0,1,1,50
65,9,8,5,0.625,1,1,50
65,10,8,2,0.25,1,1,50
65,11,8,0,0.0,1,0,50
65,12,8,1,0.125,1,1,50
65,13,8,1,0.125,1,0,50
65,14,8,0,0.0,1,0,50
65,15,8,1,0.125,1,1,50
65,16,8,4,0.5,1,0,50
65,17,8,8,1.0,1,1,50
65,18,8,1,0.125,1,0,50
65,19,8,2,0.25,1,1,50
65,20,8,1,0.125,1,0,50
65,21,8,0,0.0,1,0,50
65,22,8,7,0.875,1,1,50
65,23,8,6,0.75,1,1,50
65,24,8,4,0.5,1,1,50
65,25,8,2,0.25,1,1,50
65,26,8,1,0.125,1,1,50
65,27,8,2,0.25,1,0,50
65,28,8,4,0.5,1,1,50
65,29,8,6,0.75,1,1,50
65,30,8,1,0.125,1,1,50
65,31,8,2,0.25,1,0,50
65,32,8,1,0.125,1,1,50
65,33,8,1,0.125,1,1,50
65,34,8,4,0.5,1,1,50
65,35,8,1,0.125,1,1,50
65,36,8,2,0.25,1,0,50
65,37,8,7,0.875,1,1,50
65,38,8,3,0.375,1,1,50
65,39,8,3,0.375,1,0,50
65,40,8,2,0.25,1,0,50
65,41,8,2,0.25,1,0,50
65,42,8,2,0.25,1,0,50
65,43,8,7,0.875,1,1,50
65,44,8,4,0.5,1,1,50
65,45,8,5,0.625,1,1,50
65,46,8,4,0.5,1,1,50
65,47,8,3,0.375,1,1,50
65,48,8,1,0.125,1,0,50
65,49,8,2,0.25,1,0,50
65,50,8,2,0.25,1,1,50
65,51,8,8,1.0,1,1,50
65,52,8,2,0.25,1,0,50
65,53,8,1,0.125,1,1,50
65,54,8,7,0.875,1,1,50
65,55,8,2,0.25,1,0,50
65,56,8,4,0.5,1,1,50
65,57,8,3,0.375,1,0,50
65,58,8,3,0.375,1,0,50
65,59,8,2,0.25,1,0,50
65,60,8,3,0.375,1,0,50
65,61,8,3,0.375,1,0,50
65,62,8,6,0.75,1,0,50
65,63,8,1,0.125,1,0,50
65,64,8,0,0.0,1,1,50
65,65,8,5,0.625,1,0,50
65,66,8,5,0.625,1,1,50
65,67,8,4,0.5,1,1,50
65,68,8,2,0.25,1,0,50
65,69,8,8,1.0,1,1,50
65,70,8,2,0.25,1,1,50
65,71,8,1,0.125,1,0,50
65,72,8,7,0.875,1,1,50
65,73,8,8,1.0,1,1,50
65,74,8,8,1.0,1,1,50
65,75,8,2,0.25,1,0,50
65,76,8,1,0.125,1,0,50
65,77,8,5,0.625,1,1,50
65,78,8,1,0.125,1,0,50
65,79,8,0,0.0,1,0,50
65,80,8,2,0.25,1,0,50
65,81,8,2,0.25,1,0,50
65,82,8,0,0.0,1,1,50
65,83,8,5,0.625,1,1,50
65,84,8,0,0.0,1,1,50
65,85,8,3,0.375,1,0,50
65,86,8,7,0.875,1,1,50
65,87,8,1,0.125,1,0,50
65,88,8,3,0.375,1,1,50
65,89,8,1,0.125,1,0,50
65,90,8,2,0.25,1,1,50
65,91,8,5,0.625,1,1,50
65,92,8,2,0.25,1,0,50
65,93,8,5,0.625,1,1,50
65,94,8,4,0.5,1,1,50
65,95,8,0,0.0,1,1,50
65,96,8,7,0.875,1,1,50
65,97,8,7,0.875,1,1,50
65,98,8,3,0.375,1,0,50
65,99,8,8,1.0,1,1,50
66,0,8,3,0.375,1,0,50
66,1,8,2,0.25,1,0,50
66,2,8,2,0.25,1,0,50
66,3,8,4,0.5,1,0,50
66,4,8,4,0.5,1,0,50
66,5,8,8,1.0,1,1,50
66,6,8,3,0.375,1,1,50
66,7,8,3,0.375,1,0,50
66,8,8,3,0.375,1,1,50
66,9,8,0,0.0,1,0,50
66,10,8,8,1.0,1,1,50
66,11,8,1,0.125,1,1,50
66,12,8,4,0.5,1,0,50
66,13,8,4,0.5,1,0,50
66,14,8,2,0.25,1,0,50
66,15,8,0,0.0,1,1,50
66,16,8,0,0.0,1,0,50
66,17,8,3,0.375,1,0,50
66,18,8,0,0.0,1,0,50
66,19,8,4,0.5,1,1,50
66,20,8,8,1.0,1,1,50
66,21,8,3,0.375,1,1,50
66,22,8,1,0.125,1,0,50
66,23,8,2,0.25,1,0,50
66,24,8,1,0.125,1,1,50
66,25,8,3,0.375,1,0,50
66,26,8,2,0.25,1,0,50
66,27,8,6,0.75,1,1,50
66,28,8,2,0.25,1,0,50
66,29,8,0,0.0,1,1,50
66,30,8,5,0.625,1,1,50
66,31,8,3,0.375,1,0,50
66,32,8,4,0.5,1,0,50
66,33,8,1,0.125,1,0,50
66,34,8,5,0.625,1,1,50
66,35,8,6,0.75,1,1,50
66,36,8,8,1.0,1,1,50
66,37,8,2,0.25,1,0,50
66,38,8,1,0.125,1,1,50
66,39,8,2,0.25,1,1,50
66,40,8,2,0.25,1,0,50
66,41,8,2,0.25,1,0,50
66,42,8,0,0.0,1,1,50
66,43,8,7,0.875,1,1,50
66,44,8,0,0.0,1,1,50
66,45,8,4,0.5,1,0,50
66,46,8,8,1.0,1,1,50
66,47,8,1,0.125,1,0,50
66,48,8,1,0.125,1,0,50
66,49,8,5,0.625,1,1,50
66,50,8,1,0.125,1,0,50
66,51,8,8,1.0,1,1,50
66,52,8,4,0.5,1,1,50
66,53,8,2,0.25,1,0,50
66,54,8,4,0.5,1,0,50
66,55,8,4,0.5,1,1,50
66,56,8,1,0.125,1,1,50
66,57,8,2,0.25,1,1,50
66,58,8,5,0.625,1,1,50
66,59,8,3,0.375,1,0,50
66,60,8,0,0.0,1,0,50
66,61,8,5,0.625,1,1,50
66,62,8,1,0.125,1,1,50
66,63,8,0,0.0,1,1,50
66,64,8,1,0.125,1,1,50
66,65,8,4,0.5,1,1,50
66,66,8,2,0.25,1,0,50
66,67,8,4,0.5,1,0,50
66,68,8,2,0.25,1,0,50
66,69,8,1,0.125,1,0,50
66,70,8,2,0.25,1,0,50
66,71,8,3,0.375,1,0,50
66,72,8,5,0.625,1,1,50
66,73,8,6,0.75,1,1,50
66,74,8,8,1.0,1,1,50
66,75,8,2,0.25,1,0,50
66,76,8,1,0.125,1,1,50
66,77,8,3,0.375,1,0,50
66,78,8,8,1.0,1,1,50
66,79,8,6,0.75,1,1,50
66,80,8,3,0.375,1,1,50
66,81,8,3,0.375,1,0,50
66,82,8,1,0.125,1,1,50
66,83,8,8,1.0,1,1,50
66,84,8,2,0.25,1,1,50
66,85,8,2,0.25,1,1,50
66,86,8,2,0.25,1,1,50
66,87,8,2,0.25,1,0,50
66,88,8,1,0.125,1,0,50
66,89,8,3,0.375,1,1,50
66,90,8,8,1.0,1,1,50
66,91,8,1,0.125,1,1,50
66,92,8,1,0.125,1,0,50
66,93,8,5,0.625,1,1,50
66,94,8,3,0.375,1,0,50
66,95,8,4,0.5,1,1,50
66,96,8,1,0.125,1,0,50
66,97,8,3,0.375,1,0,50
66,98,8,7,0.875,1,1,50
66,99,8,1,0.125,1,1,50
67,0,8,2,0.25,1,0,50
67,1,8,0,0.0,1,1,50
67,2,8,6,0.75,1,1,50
67,3,8,2,0.25,1,0,50
67,4,8,7,0.875,1,1,50
67,5,8,1,0.125,1,0,50
67,6,8,6,0.75,1,1,50
67,7,8,8,1.0,1,1,50
67,8,8,3,0.375,1,1,50
67,9,8,1,0.125,1,0,50
67,10,8,4,0.5,1,1,50
67,11,8,7,0.875,1,1,50
67,12,8,2,0.25,1,0,50
67,13,8,8,1.0,1,1,50
67,14,8,6,0.75,1,1,50
67,15,8,2,0.25,1,0,50
67,16,8,2,0.25,1,0,50
67,17,8,2,0.25,1,0,50
67,18,8,2,0.25,1,0,50
67,19,8,7,0.875,1,1,50
67,20,8,5,0.625,1,1,50
67,21,8,3,0.375,1,0,50
67,22,8,4,0.5,1,0,50
67,23,8,3,0.375,1,1,50
67,24,8,4,0.5,1,0,50
67,25,8,2,0.25,1,0,50
67,26,8,3,0.375,1,0,50
67,27,8,1,0.125,1,0,50
67,28,8,1,0.125,1,0,50
67,29,8,5,0.625,1,0,50
67,30,8,1,0.125,1,1,50
67,31,8,2,0.25,1,1,50
67,32,8,7,0.875,1,1,50
67,33,8,1,0.125,1,0,50
67,34,8,1,0.125,1,0,50
67,35,8,3,0.375,1,0,50
67,36,8,3,0.375,1,1,50
67,37,8,3,0.375,1,1,50
67,38,8,3,0.375,1,0,50
67,39,8,7,0.875,1,1,50
67,40,8,4,0.5,1,0,50
67,41,8,2,0.25,1,1,50
67,42,8,3,0.375,1,0,50
67,43,8,5,0.625,1,1,50
67,44,8,4,0.5,1,0,50
67,45,8,4,0.5,1,1,50
67,46,8,1,0.125,1,1,50
67,47,8,1,0.125,1,0,50
67,48,8,3,0.375,1,1,50
67,49,8,1,0.125,1,0,50
67,50,8,3,0.375,1,1,50
67,51,8,3,0.375,1,0,50
67,52,8,7,0.875,1,1,50
67,53,8,2,0.25,1,0,50
67,54,8,4,0.5,1,1,50
67,55,8,1,0.125,1,0,50
67,56,8,7,0.875,1,1,50
67,57,8,4,0.5,1,0,50
67,58,8,1,0.125,1,0,50
67,59,8,4,0.5,1,1,50
67,60,8,2,0.25,1,0,50
67,61,8,1,0.125,1,0,50
67,62,8,2,0.25,1,1,50
67,63,8,2,0.25,1,0,50
67,64,8,8,1.0,1,1,50
67,65,8,2,0.25,1,0,50
67,66,8,3,0.375,1,1,50
67,67,8,7,0.875,1,1,50
67,68,8,2,0.25,1,0,50
67,69,8,7,0.875,1,1,50
67,70,8,0,0.0,1,0,50
67,71,8,4,0.5,1,0,50
67,72,8,1,0.125,1,1,50
67,73,8,1,0.125,1,0,50
67,74,8,8,1.0,1,1,50
67,75,8,5,0.625,1,1,50
67,76,8,0,0.0,1,1,50
67,77,8,7,0.875,1,1,50
67,78,8,1,0.125,1,1,50
67,79,8,1,0.125,1,1,50
67,80,8,1,0.125,1,0,50
67,81,8,1,0.125,1,0,50
67,82,8,4,0.5,1,1,50
67,83,8,4,0.5,1,0,50
67,84,8,0,0.0,1,0,50
67,85,8,1,0.125,1,0,50
67,86,8,4,0.5,1,1,50
67,87,8,1,0.125,1,0,50
67,88,8,1,0.125,1,0,50
67,89,8,1,0.125,1,0,50
67,90,8,3,0.375,1,0,50
67,91,8,8,1.0,1,1,50
67,92,8,3,0.375,1,1,50
67,93,8,2,0.25,1,1,50
67,94,8,5,0.625,1,1,50
67,95,8,1,0.125,1,0,50
67,96,8,2,0.25,1,1,50
67,97,8,8,1.0,1,1,50
67,98,8,3,0.375,1,0,50
67,99,8,0,0.0,1,1,50
68,0,8,1,0.125,1,0,50
68,1,8,3,0.375,1,1,50
68,2,8,4,0.5,1,1,50
68,3,8,1,0.125,1,0,50
68,4,8,2,0.25,1,1,50
68,5,8,7,0.875,1,1,50
68,6,8,2,0.25,1,1,50
68,7,8,7,0.875,1,1,50
68,8,8,8,1.0,1,1,50
68,9,8,7,0.875,1,1,50
68,10,8,2,0.25,1,0,50
68,11,8,1,0.125,1,1,50
68,12,8,2,0.25,1,0,50
68,13,8,2,0.25,1,0,50
68,14,8,4,0.5,1,0,50
68,15,8,2,0.25,1,0,50
68,16,8,5,0.625,1,1,50
68,17,8,2,0.25,1,0,50
68,18,8,8,1.0,1,1,50
68,19,8,3,0.375,1,0,50
68,20,8,2,0.25,1,0,50
68,21,8,0,0.0,1,1,50
68,22,8,2,0.25,1,0,50
68,23,8,1,0.125,1,1,50
68,24,8,0,0.0,1,1,50
68,25,8,3,0.375,1,0,50
68,26,8,2,0.25,1,1,50
68,27,8,7,0.875,1,1,50
68,28,8,7,0.875,1,1,50
68,29,8,4,0.5,1,1,50
68,30,8,1,0.125,1,1,50
68,31,8,4,0.5,1,0,50
68,32,8,6,0.75,1,1,50
68,33,8,7,0.875,1,1,50
68,34,8,6,0.75,1,1,50
68,35,8,8,1.0,1,1,50
68,36,8,4,0.5,1,1,50
68,37,8,4,0.5,1,1,50
68,38,8,2,0.25,1,1,50
68,39,8,2,0.25,1,1,50
68,40,8,3,0.375,1,0,50
68,41,8,0,0.0,1,0,50
68,42,8,1,0.125,1,0,50
68,43,8,2,0.25,1,0,50
68,44,8,3,0.375,1,0,50
68,45,8,6,0.75,1,1,50
68,46,8,0,0.0,1,1,50
68,47,8,1,0.125,1,1,50
68,48,8,2,0.25,1,0,50
68,49,8,1,0.125,1,0,50
68,50,8,0,0.0,1,1,50
68,51,8,2,0.25,1,0,50
68,52,8,0,0.0,1,0,50
68,53,8,6,0.75,1,1,50
68,54,8,3,0.375,1,0,50
68,55,8,2,0.25,1,1,50
68,56,8,3,0.375,1,0,50
68,57,8,1,0.125,1,0,50
68,58,8,6,0.75,1,1,50
68,59,8,3,0.375,1,1,50
68,60,8,1,0.125,1,1,50
68,61,8,4,0.5,1,0,50
68,62,8,4,0.5,1,1,50
68,63,8,3,0.375,1,0,50
68,64,8,5,0.625,1,1,50
68,65,8,0,0.0,1,1,50
68,66,8,3,0.375,1,0,50
68,67,8,4,0.5,1,1,50
68,68,8,3,0.375,1,1,50
68,69,8,6,0.75,1,1,50
68,70,8,0,0.0,1,0,50
68,71,8,0,0.0,1,1,50
68,72,8,0,0.0,1,0,50
68,73,8,2,0.25,1,0,50
68,74,8,7,0.875,1,1,50
68,75,8,3,0.375,1,0,50
68,76,8,1,0.125,1,0,50
68,77,8,7,0.875,1,1,50
68,78,8,1,0.125,1,0,50
68,79,8,1,0.125,1,0,50
68,80,8,1,0.125,1,0,50
68,81,8,1,0.125,1,0,50
68,82,8,1,0.125,1,0,50
68,83,8,2,0.25,1,0,50
68,84,8,1,0.125,1,0,50
68,85,8,4,0.5,1,1,50
68,86,8,3,0.375,1,0,50
68,87,8,7,0.875,1,1,50
68,88,8,1,0.125,1,0,50
68,89,8,2,0.25,1,1,50
68,90,8,1,0.125,1,0,50
68,91,8,3,0.375,1,0,50
68,92,8,0,0.0,1,0,50
68,93,8,2,0.25,1,0,50
68,94,8,0,0.0,1,1,50
68,95,8,2,0.25,1,0,50
68,96,8,2,0.25,1,0,50
68,97,8,3,0.375,1,0,50
68,98,8,2,0.25,1,0,50
68,99,8,0,0.0,1,1,50
69,0,8,5,0.625,1,1,50
69,1,8,2,0.25,1,0,50
69,2,8,4,0.5,1,0,50
69,3,8,1,0.125,1,0,50
69,4,8,0,0.0,1,1,50
69,5,8,4,0.5,1,1,50
69,6,8,2,0.25,1,0,50
69,7,8,3,0.375,1,1,50
69,8,8,3,0.375,1,0,50
69,9,8,8,1.0,1,1,50
69,10,8,2,0.25,1,0,50
69,11,8,7,0.875,1,1,50
69,12,8,7,0.875,1,1,50
69,13,8,8,1.0,1,1,50
69,14,8,2,0.25,1,0,50
69,15,8,2,0.25,1,0,50
69,16,8,3,0.375,1,0,50
69,17,8,0,0.0,1,1,50
69,18,8,8,1.0,1,1,50
69,19,8,3,0.375,1,1,50
69,20,8,3,0.375,1,1,50
69,21,8,1,0.125,1,1,50
69,22,8,5,0.625,1,0,50
69,23,8,1,0.125,1,1,50
69,24,8,2,0.25,1,0,50
69,25,8,1,0.125,1,0,50
69,26,8,2,0.25,1,0,50
69,27,8,3,0.375,1,1,50
69,28,8,8,1.0,1,1,50
69,29,8,3,0.375,1,0,50
69,30,8,8,1.0,1,1,50
69,31,8,1,0.125,1,0,50
69,32,8,3,0.375,1,1,50
69,33,8,8,1.0,1,1,50
69,34,8,2,0.25,1,0,50
69,35,8,0,0.0,1,0,50
69,36,8,2,0.25,1,1,50
69,37,8,1,0.125,1,0,50
69,38,8,4,0.5,1,1,50
69,39,8,2,0.25,1,1,50
69,40,8,3,0.375,1,1,50
69,41,8,1,0.125,1,0,50
69,42,8,2,0.25,1,0,50
69,43,8,3,0.375,1,1,50
69,44,8,5,0.625,1,1,50
69,45,8,0,0.0,1,0,50
69,46,8,2,0.25,1,0,50
69,47,8,7,0.875,1,1,50
69,48,8,2,0.25,1,0,50
69,49,8,7,0.875,1,1,50
69,50,8,2,0.25,1,0,50
69,51,8,7,0.875,1,1,50
69,52,8,2,0.25,1,0,50
69,53,8,2,0.25,1,1,50
69,54,8,2,0.25,1,0,50
69,55,8,3,0.375,1,0,50
69,56,8,2,0.25,1,0,50
69,57,8,5,0.625,1,1,50
69,58,8,7,0.875,1,1,50
69,59,8,2,0.25,1,0,50
69,60,8,1,0.125,1,0,50
69,61,8,1,0.125,1,1,50
69,62,8,4,0.5,1,1,50
69,63,8,4,0.5,1,0,50
69,64,8,8,1.0,1,1,50
69,65,8,1,0.125,1,0,50
69,66,8,3,0.375,1,1,50
69,67,8,3,0.375,1,0,50
69,68,8,1,0.125,1,0,50
69,69,8,2,0.25,1,0,50
69,70,8,2,0.25,1,0,50
69,71,8,0,0.0,1,0,50
69,72,8,3,0.375,1,1,50
69,73,8,2,0.25,1,1,50
69,74,8,3,0.375,1,0,50
69,75,8,8,1.0,1,1,50
69,76,8,6,0.75,1,1,50
69,77,8,5,0.625,1,1,50
69,78,8,1,0.125,1,0,50
69,79,8,1,0.125,1,1,50
69,80,8,0,0.0,1,0,50
69,81,8,4,0.5,1,1,50
69,82,8,8,1.0,1,1,50
69,83,8,2,0.25,1,0,50
69,84,8,3,0.375,1,1,50
69,85,8,0,0.0,1,0,50
69,86,8,7,0.875,1,1,50
69,87,8,2,0.25,1,0,50
69,88,8,1,0.125,1,1,50
69,89,8,1,0.125,1,0,50
69,90,8,2,0.25,1,0,50
69,91,8,7,0.875,1,1,50
69,92,8,7,0.875,1,1,50
69,93,8,3,0.375,1,0,50
69,94,8,4,0.5,1,1,50
69,95,8,1,0.125,1,0,50
69,96,8,1,0.125,1,1,50
69,97,8,2,0.25,1,0,50
69,98,8,7,0.875,1,1,50
69,99,8,3,0.375,1,0,50
70,0,8,1,0.125,1,0,50
70,1,8,0,0.0,1,1,50
70,2,8,1,0.125,1,0,50
70,3,8,0,0.0,1,1,50
70,4,8,1,0.125,1,0,50
70,5,8,2,0.25,1,1,50
70,6,8,3,0.375,1,0,50
70,7,8,0,0.0,1,1,50
70,8,8,8,1.0,1,1,50
70,9,8,3,0.375,1,1,50
70,10,8,1,0.125,1,0,50
70,11,8,4,0.5,1,1,50
70,12,8,1,0.125,1,1,50
70,13,8,1,0.125,1,1,50
70,14,8,5,0.625,1,1,50
70,15,8,1,0.125,1,0,50
70,16,8,2,0.25,1,1,50
70,17,8,0,0.0,1,1,50
70,18,8,1,0.125,1,0,50
70,19,8,2,0.25,1,0,50
70,20,8,2,0.25,1,0,50
70,21,8,1,0.125,1,0,50
70,22,8,3,0.375,1,0,50
70,23,8,0,0.0,1,1,50
70,24,8,5,0.625,1,1,50
70,25,8,3,0.375,1,0,50
70,26,8,1,0.125,1,0,50
70,27,8,1,0.125,1,0,50
70,28,8,7,0.875,1,1,50
70,29,8,4,0.5,1,1,50
70,30,8,2,0.25,1,0,50
70,31,8,3,0.375,1,0,50
70,32,8,2,0.25,1,0,50
70,33,8,1,0.125,1,0,50
70,34,8,8,1.0,1,1,50
70,35,8,2,0.25,1,0,50
70,36,8,1,0.125,1,0,50
70,37,8,1,0.125,1,1,50
70,38,8,1,0.125,1,0,50
70,39,8,6,0.75,1,1,50
70,40,8,5,0.625,1,1,50
70,41,8,2,0.25,1,0,50
70,42,8,7,0.875,1,1,50
70,43,8,3,0.375,1,0,50
70,44,8,1,0.125,1,0,50
70,45,8,4,0.5,1,1,50
70,46,8,0,0.0,1,0,50
70,47,8,7,0.875,1,1,50
70,48,8,2,0.25,1,0,50
70,49,8,5,0.625,1,1,50
70,50,8,5,0.625,1,1,50
70,51,8,5,0.625,1,0,50
70,52,8,6,0.75,1,1,50
70,53,8,3,0.375,1,0,50
70,54,8,4,0.5,1,1,50
70,55,8,6,0.75,1,1,50
70,56,8,4,0.5,1,1,50
70,57,8,3,0.375,1,0,50
70,58,8,1,0.125,1,1,50
70,59,8,1,0.125,1,0,50
70,60,8,0,0.0,1,0,50
70,61,8,4,0.5,1,1,50
70,62,8,4,0.5,1,1,50
70,63,8,6,0.75,1,1,50
70,64,8,2,0.25,1,0,50
70,65,8,3,0.375,1,0,50
70,66,8,6,0.75,1,0,50
70,67,8,1,0.125,1,1,50
70,68,8,2,0.25,1,0,50
70,69,8,3,0.375,1,0,50
70,70,8,3,0.375,1,0,50
70,71,8,1,0.125,1,0,50
70,72,8,3,0.375,1,1,50
70,73,8,1,0.125,1,0,50
70,74,8,3,0.375,1,0,50
70,75,8,0,0.0,1,1,50
70,76,8,2,0.25,1,1,50
70,77,8,2,0.25,1,0,50
70,78,8,8,1.0,1,1,50
70,79,8,7,0.875,1,1,50
70,80,8,6,0.75,1,0,50
70,81,8,5,0.625,1,1,50
70,82,8,8,1.0,1,1,50
70,83,8,3,0.375,1,0,50
70,84,8,5,0.625,1,1,50
70,85,8,1,0.125,1,0,50
70,86,8,8,1.0,1,1,50
70,87,8,4,0.5,1,1,50
70,88,8,0,0.0,1,0,50
70,89,8,8,1.0,1,1,50
70,90,8,0,0.0,1,0,50
70,91,8,7,0.875,1,1,50
70,92,8,1,0.125,1,1,50
70,93,8,3,0.375,1,0,50
70,94,8,4,0.5,1,0,50
70,95,8,3,0.375,1,0,50
70,96,8,0,0.0,1,0,50
70,97,8,1,0.125,1,0,50
70,98,8,4,0.5,1,1,50
70,99,8,6,0.75,1,1,50
71,0,8,1,0.125,1,0,50
71,1,8,5,0.625,1,0,50
71,2,8,1,0.125,1,0,50
71,3,8,5,0.625,1,0,50
71,4,8,5,0.625,1,0,50
71,5,8,2,0.25,1,0,50
71,6,8,4,0.5,1,1,50
71,7,8,0,0.0,1,1,50
71,8,8,3,0.375,1,1,50
71,9,8,8,1.0,1,1,50
71,10,8,3,0.375,1,1,50
71,11,8,3,0.375,1,1,50
71,12,8,5,0.625,1,0,50
71,13,8,3,0.375,1,0,50
71,14,8,5,0.625,1,1,50
71,15,8,3,0.375,1,1,50
71,16,8,2,0.25,1,0,50
71,17,8,1,0.125,1,0,50
71,18,8,2,0.25,1,0,50
71,19,8,0,0.0,1,1,50
71,20,8,6,0.75,1,1,50
71,21,8,7,0.875,1,1,50
71,22,8,1,0.125,1,0,50
71,23,8,2,0.25,1,1,50
71,24,8,4,0.5,1,1,50
71,25,8,1,0.125,1,0,50
71,26,8,3,0.375,1,1,50
71,27,8,8,1.0,1,1,50
71,28,8,1,0.125,1,1,50
71,29,8,2,0.25,1,0,50
71,30,8,2,0.25,1,1,50
71,31,8,2,0.25,1,0,50
71,32,8,3,0.375,1,1,50
71,33,8,7,0.875,1,1,50
71,34,8,1,0.125,1,0,50
71,35,8,6,0.75,1,1,50
71,36,8,1,0.125,1,0,50
71,37,8,6,0.75,1,1,50
71,38,8,2,0.25,1,0,50
71,39,8,1,0.125,1,0,50
71,40,8,2,0.25,1,0,50
71,41,8,0,0.0,1,0,50
71,42,8,0,0.0,1,1,50
71,43,8,4,0.5,1,0,50
71,44,8,2,0.25,1,0,50
71,45,8,2,0.25,1,1,50
71,46,8,8,1.0,1,1,50
71,47,8,2,0.25,1,0,50
71,48,8,5,0.625,1,0,50
71,49,8,2,0.25,1,0,50
71,50,8,2,0.25,1,0,50
71,51,8,1,0.125,1,0,50
71,52,8,0,0.0,1,1,50
71,53,8,8,1.0,1,1,50
71,54,8,1,0.125,1,0,50
71,55,8,6,0.75,1,1,50
71,56,8,7,0.875,1,1,50
71,57,8,4,0.5,1,1,50
71,58,8,0,0.0,1,0,50
71,59,8,7,0.875,1,1,50
71,60,8,1,0.125,1,1,50
71,61,8,8,1.0,1,1,50
71,62,8,0,0.0,1,0,50
71,63,8,8,1.0,1,1,50
71,64,8,8,1.0,1,1,50
71,65,8,0,0.0,1,0,50
71,66,8,2,0.25,1,0,50
71,67,8,1,0.125,1,1,50
71,68,8,4,0.5,1,1,50
71,69,8,3,0.375,1,0,50
71,70,8,8,1.0,1,1,50
71,71,8,4,0.5,1,0,50
71,72,8,3,0.375,1,1,50
71,73,8,1,0.125,1,0,50
71,74,8,1,0.125,1,0,50
71,75,8,1,0.125,1,0,50
71,76,8,3,0.375,1,0,50
71,77,8,0,0.0,1,1,50
71,78,8,8,1.0,1,1,50
71,79,8,2,0.25,1,1,50
71,80,8,2,0.25,1,1,50
71,81,8,7,0.875,1,1,50
71,82,8,4,0.5,1,1,50
71,83,8,3,0.375,1,0,50
71,84,8,0,0.0,1,1,50
71,85,8,0,0.0,1,0,50
71,86,8,1,0.125,1,0,50
71,87,8,1,0.125,1,0,50
71,88,8,2,0.25,1,0,50
71,89,8,2,0.25,1,1,50
71,90,8,3,0.375,1,1,50
71,91,8,7,0.875,1,1,50
71,92,8,6,0.75,1,1,50
71,93,8,2,0.25,1,0,50
71,94,8,1,0.125,1,1,50
71,95,8,2,0.25,1,0,50
71,96,8,5,0.625,1,0,50
71,97,8,2,0.25,1,0,50
71,98,8,7,0.875,1,1,50
71,99,8,7,0.875,1,1,50
72,0,8,6,0.75,1,1,50
72,1,8,0,0.0,1,0,50
72,2,8,3,0.375,1,0,50
72,3,8,1,0.125,1,0,50
72,4,8,2,0.25,1,0,50
72,5,8,0,0.0,1,1,50
72,6,8,8,1.0,1,1,50
72,7,8,4,0.5,1,0,50
72,8,8,7,0.875,1,1,50
72,9,8,5,0.625,1,1,50
72,10,8,6,0.75,1,1,50
72,11,8,0,0.0,1,1,50
72,12,8,3,0.375,1,0,50
72,13,8,3,0.375,1,0,50
72,14,8,6,0.75,1,1,50
72,15,8,4,0.5,1,1,50
72,16,8,7,0.875,1,1,50
72,17,8,7,0.875,1,1,50
72,18,8,0,0.0,1,1,50
72,19,8,5,0.625,1,1,50
72,20,8,0,0.0,1,1,50
72,21,8,3,0.375,1,0,50
72,22,8,5,0.625,1,1,50
72,23,8,2,0.25,1,0,50
72,24,8,1,0.125,1,0,50
72,25,8,1,0.125,1,0,50
72,26,8,0,0.0,1,1,50
72,27,8,2,0.25,1,0,50
72,28,8,5,0.625,1,0,50
72,29,8,7,0.875,1,1,50
72,30,8,3,0.375,1,0,50
72,31,8,5,0.625,1,1,50
72,32,8,8,1.0,1,1,50
72,33,8,7,0.875,1,1,50
72,34,8,0,0.0,1,1,50
72,35,8,0,0.0,1,0,50
72,36,8,2,0.25,1,0,50
72,37,8,2,0.25,1,0,50
72,38,8,2,0.25,1,1,50
72,39,8,0,0.0,1,0,50
72,40,8,8,1.0,1,1,50
72,41,8,0,0.0,1,1,50
72,42,8,3,0.375,1,1,50
72,43,8,2,0.25,1,1,50
72,44,8,1,0.125,1,1,50
72,45,8,0,0.0,1,0,50
72,46,8,3,0.375,1,0,50
72,47,8,1,0.125,1,0,50
72,48,8,2,0.25,1,0,50
72,49,8,1,0.125,1,1,50
72,50,8,1,0.125,1,1,50
72,51,8,5,0.625,1,0,50
72,52,8,1,0.125,1,0,50
72,53,8,0,0.0,1,1,50
72,54,8,4,0.5,1,1,50
72,55,8,2,0.25,1,0,50
72,56,8,7,0.875,1,1,50
72,57,8,1,0.125,1,1,50
72,58,8,2,0.25,1,0,50
72,59,8,6,0.75,1,1,50
72,60,8,3,0.375,1,1,50
72,61,8,1,0.125,1,0,50
72,62,8,3,0.375,1,0,50
72,63,8,1,0.125,1,0,50
72,64,8,1,0.125,1,1,50
72,65,8,2,0.25,1,0,50
72,66,8,8,1.0,1,1,50
72,67,8,3,0.375,1,1,50
72,68,8,1,0.125,1,0,50
72,69,8,4,0.5,1,1,50
72,70,8,1,0.125,1,0,50
72,71,8,1,0.125,1,1,50
72,72,8,2,0.25,1,0,50
72,73,8,8,1.0,1,1,50
72,74,8,3,0.375,1,0,50
72,75,8,3,0.375,1,0,50
72,76,8,3,0.375,1,0,50
72,77,8,8,1.0,1,1,50
72,78,8,0,0.0,1,0,50
72,79,8,4,0.5,1,1,50
72,80,8,3,0.375,1,0,50
72,81,8,1,0.125,1,0,50
72,82,8,3,0.375,1,0,50
72,83,8,6,0.75,1,1,50
72,84,8,1,0.125,1,0,50
72,85,8,2,0.25,1,0,50
72,86,8,3,0.375,1,1,50
72,87,8,7,0.875,1,1,50
72,88,8,1,0.125,1,0,50
72,89,8,3,0.375,1,1,50
72,90,8,4,0.5,1,0,50
72,91,8,1,0.125,1,0,50
72,92,8,1,0.125,1,1,50
72,93,8,6,0.75,1,1,50
72,94,8,6,0.75,1,1,50
72,95,8,6,0.75,1,1,50
72,96,8,3,0.375,1,0,50
72,97,8,4,0.5,1,0,50
72,98,8,2,0.25,1,0,50
72,99,8,3,0.375,1,0,50
73,0,8,8,1.0,1,1,50
73,1,8,3,0.375,1,1,50
73,2,8,2,0.25,1,0,50
73,3,8,3,0.375,1,0,50
73,4,8,2,0.25,1,0,50
73,5,8,2,0.25,1,1,50
73,6,8,7,0.875,1,1,50
73,7,8,3,0.375,1,0,50
73,8,8,2,0.25,1,0,50
73,9,8,6,0.75,1,1,50
73,10,8,5,0.625,1,1,50
73,11,8,0,0.0,1,1,50
73,12,8,2,0.25,1,0,50
73,13,8,2,0.25,1,0,50
73,14,8,0,0.0,1,1,50
73,15,8,3,0.375,1,0,50
73,16,8,7,0.875,1,1,50
73,17,8,4,0.5,1,1,50
73,18,8,7,0.875,1,1,50
73,19,8,0,0.0,1,1,50
73,20,8,2,0.25,1,0,50
73,21,8,1,0.125,1,0,50
73,22,8,8,1.0,1,1,50
73,23,8,6,0.75,1,1,50
73,24,8,2,0.25,1,1,50
73,25,8,4,0.5,1,1,50
73,26,8,4,0.5,1,0,50
73,27,8,1,0.125,1,0,50
73,28,8,2,0.25,1,1,50
73,29,8,5,0.625,1,1,50
73,30,8,1,0.125,1,0,50
73,31,8,1,0.125,1,0,50
73,32,8,0,0.0,1,1,50
73,33,8,4,0.5,1,1,50
73,34,8,2,0.25,1,0,50
73,35,8,0,0.0,1,0,50
73,36,8,3,0.375,1,0,50
73,37,8,3,0.375,1,1,50
73,38,8,6,0.75,1,1,50
73,39,8,7,0.875,1,1,50
73,40,8,2,0.25,1,0,50
73,41,8,6,0.75,1,1,50
73,42,8,2,0.25,1,1,50
73,43,8,2,0.25,1,1,50
73,44,8,2,0.25,1,1,50
73,45,8,1,0.125,1,0,50
73,46,8,2,0.25,1,0,50
73,47,8,6,0.75,1,1,50
73,48,8,3,0.375,1,1,50
73,49,8,2,0.25,1,0,50
73,50,8,5,0.625,1,1,50
73,51,8,6,0.75,1,1,50
73,52,8,6,0.75,1,1,50
73,53,8,7,0.875,1,1,50
73,54,8,8,1.0,1,1,50
73,55,8,6,0.75,1,1,50
73,56,8,1,0.125,1,0,50
73,57,8,8,1.0,1,1,50
73,58,8,2,0.25,1,0,50
73,59,8,2,0.25,1,1,50
73,60,8,3,0.375,1,0,50
73,61,8,4,0.5,1,0,50
73,62,8,8,1.0,1,1,50
73,63,8,3,0.375,1,1,50
73,64,8,3,0.375,1,0,50
73,65,8,2,0.25,1,0,50
73,66,8,7,0.875,1,1,50
73,67,8,2,0.25,1,1,50
73,68,8,7,0.875,1,1,50
73,69,8,0,0.0,1,1,50
73,70,8,7,0.875,1,1,50
73,71,8,3,0.375,1,0,50
73,72,8,3,0.375,1,0,50
73,73,8,1,0.125,1,0,50
73,74,8,2,0.25,1,0,50
73,75,8,0,0.0,1,0,50
73,76,8,1,0.125,1,0,50
73,77,8,8,1.0,1,1,50
73,78,8,2,0.25,1,0,50
73,79,8,0,0.0,1,0,50
73,80,8,1,0.125,1,0,50
73,81,8,1,0.125,1,0,50
73,82,8,1,0.125,1,1,50
73,83,8,7,0.875,1,1,50
73,84,8,1,0.125,1,0,50
73,85,8,3,0.375,1,1,50
73,86,8,3,0.375,1,0,50
73,87,8,3,0.375,1,1,50
73,88,8,2,0.25,1,0,50
73,89,8,6,0.75,1,0,50
73,90,8,2,0.25,1,0,50
73,91,8,2,0.25,1,0,50
73,92,8,4,0.5,1,1,50
73,93,8,2,0.25,1,0,50
73,94,8,4,0.5,1,0,50
73,95,8,1,0.125,1,1,50
73,96,8,8,1.0,1,1,50
73,97,8,5,0.625,1,1,50
73,98,8,1,0.125,1,0,50
73,99,8,3,0.375,1,0,50
74,0,8,2,0.25,1,0,50
74,1,8,0,0.0,1,0,50
74,2,8,0,0.0,1,0,50
74,3,8,2,0.25,1,0,50
74,4,8,8,1.0,1,1,50
74,5,8,0,0.0,1,1,50
74,6,8,8,1.0,1,1,50
74,7,8,6,0.75,1,1,50
74,8,8,5,0.625,1,1,50
74,9,8,3,0.375,1,0,50
74,10,8,8,1.0,1,1,50
74,11,8,2,0.25,1,0,50
74,12,8,2,0.25,1,0,50
74,13,8,1,0.125,1,0,50
74,14,8,6,0.75,1,1,50
74,15,8,6,0.75,1,1,50
74,16,8,4,0.5,1,0,50
74,17,8,1,0.125,1,0,50
74,18,8,0,0.0,1,0,50
74,19,8,4,0.5,1,0,50
74,20,8,0,0.0,1,0,50
74,21,8,3,0.375,1,0,50
74,22,8,6,0.75,1,1,50
74,23,8,0,0.0,1,0,50
74,24,8,6,0.75,1,1,50
74,25,8,6,0.75,1,1,50
74,26,8,7,0.875,1,1,50
74,27,8,2,0.25,1,0,50
74,28,8,4,0.5,1,0,50
74,29,8,8,1.0,1,1,50
74,30,8,7,0.875,1,1,50
74,31,8,4,0.5,1,0,50
74,32,8,2,0.25,1,0,50
74,33,8,0,0.0,1,1,50
74,34,8,2,0.25,1,1,50
74,35,8,2,0.25,1,1,50
74,36,8,8,1.0,1,1,50
74,37,8,1,0.125,1,0,50
74,38,8,2,0.25,1,0,50
74,39,8,5,0.625,1,1,50
74,40,8,3,0.375,1,0,50
74,41,8,4,0.5,1,0,50
74,42,8,2,0.25,1,1,50
74,43,8,2,0.25,1,0,50
74,44,8,7,0.875,1,1,50
74,45,8,4,0.5,1,0,50
74,46,8,7,0.875,1,1,50
74,47,8,1,0.125,1,0,50
74,48,8,2,0.25,1,0,50
74,49,8,2,0.25,1,0,50
74,50,8,1,0.125,1,0,50
74,51,8,5,0.625,1,0,50
74,52,8,1,0.125,1,0,50
74,53,8,0,0.0,1,1,50
74,54,8,2,0.25,1,0,50
74,55,8,2,0.25,1,1,50
74,56,8,0,0.0,1,0,50
74,57,8,4,0.5,1,0,50
74,58,8,2,0.25,1,0,50
74,59,8,2,0.25,1,0,50
74,60,8,3,0.375,1,0,50
74,61,8,1,0.125,1,0,50
74,62,8,3,0.375,1,0,50
74,63,8,2,0.25,1,0,50
74,64,8,0,0.0,1,0,50
74,65,8,3,0.375,1,1,50
74,66,8,7,0.875,1,1,50
74,67,8,2,0.25,1,0,50
74,68,8,2,0.25,1,0,50
74,69,8,2,0.25,1,0,50
74,70,8,1,0.125,1,0,50
74,71,8,2,0.25,1,0,50
74,72,8,3,0.375,1,0,50
74,73,8,1,0.125,1,1,50
74,74,8,2,0.25,1,0,50
74,75,8,1,0.125,1,1,50
74,76,8,2,0.25,1,0,50
74,77,8,4,0.5,1,1,50
74,78,8,3,0.375,1,1,50
74,79,8,2,0.25,1,0,50
74,80,8,5,0.625,1,1,50
74,81,8,2,0.25,1,0,50
74,82,8,1,0.125,1,0,50
74,83,8,2,0.25,1,0,50
74,84,8,4,0.5,1,1,50
74,85,8,2,0.25,1,0,50
74,86,8,3,0.375,1,0,50
74,87,8,2,0.25,1,0,50
74,88,8,4,0.5,1,1,50
74,89,8,7,0.875,1,1,50
74,90,8,6,0.75,1,1,50
74,91,8,8,1.0,1,1,50
74,92,8,4,0.5,1,0,50
74,93,8,6,0.75,1,1,50
74,94,8,1,0.125,1,0,50
74,95,8,6,0.75,1,1,50
74,96,8,1,0.125,1,0,50
74,97,8,3,0.375,1,0,50
74,98,8,2,0.25,1,0,50
74,99,8,2,0.25,1,0,50
75,0,8,3,0.375,1,0,50
75,1,8,7,0.875,1,1,50
75,2,8,2,0.25,1,0,50
75,3,8,1,0.125,1,0,50
75,4,8,2,0.25,1,0,50
75,5,8,8,1.0,1,1,50
75,6,8,7,0.875,1,1,50
75,7,8,3,0.375,1,1,50
75,8,8,7,0.875,1,1,50
75,9,8,3,0.375,1,0,50
75,10,8,2,0.25,1,0,50
75,11,8,1,0.125,1,0,50
75,12,8,0,0.0,1,0,50
75,13,8,0,0.0,1,1,50
75,14,8,6,0.75,1,1,50
75,15,8,1,0.125,1,0,50
75,16,8,2,0.25,1,0,50
75,17,8,7,0.875,1,1,50
75,18,8,3,0.375,1,1,50
75,19,8,6,0.75,1,1,50
75,20,8,2,0.25,1,0,50
75,21,8,1,0.125,1,0,50
75,22,8,4,0.5,1,1,50
75,23,8,0,0.0,1,1,50
75,24,8,3,0.375,1,0,50
75,25,8,3,0.375,1,1,50
75,26,8,4,0.5,1,0,50
75,27,8,3,0.375,1,0,50
75,28,8,8,1.0,1,1,50
75,29,8,1,0.125,1,1,50
75,30,8,6,0.75,1,1,50
75,31,8,0,0.0,1,0,50
75,32,8,2,0.25,1,0,50
75,33,8,4,0.5,1,1,50
75,34,8,3,0.375,1,0,50
75,35,8,2,0.25,1,0,50
75,36,8,2,0.25,1,1,50
75,37,8,5,0.625,1,1,50
75,38,8,0,0.0,1,0,50
75,39,8,7,0.875,1,1,50
75,40,8,0,0.0,1,1,50
75,41,8,1,0.125,1,0,50
75,42,8,8,1.0,1,1,50
75,43,8,7,0.875,1,1,50
75,44,8,6,0.75,1,1,50
75,45,8,3,0.375,1,0,50
75,46,8,0,0.0,1,1,50
75,47,8,2,0.25,1,0,50
75,48,8,3,0.375,1,1,50
75,49,8,0,0.0,1,0,50
75,50,8,4,0.5,1,1,50
75,51,8,3,0.375,1,0,50
75,52,8,3,0.375,1,1,50
75,53,8,7,0.875,1,1,50
75,54,8,5,0.625,1,1,50
75,55,8,3,0.375,1,1,50
75,56,8,2,0.25,1,0,50
75,57,8,2,0.25,1,0,50
75,58,8,6,0.75,1,1,50
75,59,8,1,0.125,1,1,50
75,60,8,1,0.125,1,0,50
75,61,8,3,0.375,1,0,50
75,62,8,6,0.75,1,1,50
75,63,8,2,0.25,1,1,50
75,64,8,4,0.5,1,0,50
75,65,8,7,0.875,1,1,50
75,66,8,0,0.0,1,1,50
75,67,8,5,0.625,1,1,50
75,68,8,2,0.25,1,0,50
75,69,8,1,0.125,1,0,50
75,70,8,4,0.5,1,0,50
75,71,8,3,0.375,1,0,50
75,72,8,8,1.0,1,1,50
75,73,8,2,0.25,1,0,50
75,74,8,3,0.375,1,0,50
75,75,8,2,0.25,1,0,50
75,76,8,2,0.25,1,0,50
75,77,8,2,0.25,1,0,50
75,78,8,1,0.125,1,0,50
75,79,8,1,0.125,1,0,50
75,80,8,6,0.75,1,1,50
75,81,8,2,0.25,1,1,50
75,82,8,4,0.5,1,1,50
75,83,8,5,0.625,1,1,50
75,84,8,5,0.625,1,1,50
75,85,8,0,0.0,1,1,50
75,86,8,1,0.125,1,0,50
75,87,8,0,0.0,1,1,50
75,88,8,0,0.0,1,0,50
75,89,8,2,0.25,1,0,50
75,90,8,7,0.875,1,1,50
75,91,8,2,0.25,1,0,50
75,92,8,2,0.25,1,0,50
75,93,8,0,0.0,1,1,50
75,94,8,3,0.375,1,0,50
75,95,8,2,0.25,1,0,50
75,96,8,3,0.375,1,0,50
75,97,8,3,0.375,1,0,50
75,98,8,1,0.125,1,0,50
75,99,8,4,0.5,1,1,50
76,0,8,4,0.5,1,1,50
76,1,8,6,0.75,1,1,50
76,2,8,1,0.125,1,0,50
76,3,8,1,0.125,1,1,50
76,4,8,6,0.75,1,1,50
76,5,8,4,0.5,1,0,50
76,6,8,5,0.625,1,0,50
76,7,8,3,0.375,1,0,50
76,8,8,2,0.25,1,0,50
76,9,8,3,0.375,1,0,50
76,10,8,6,0.75,1,1,50
76,11,8,3,0.375,1,1,50
76,12,8,7,0.875,1,1,50
76,13,8,3,0.375,1,0,50
76,14,8,4,0.5,1,0,50
76,15,8,8,1.0,1,1,50
76,16,8,2,0.25,1,0,50
76,17,8,1,0.125,1,0,50
76,18,8,0,0.0,1,1,50
76,19,8,0,0.0,1,0,50
76,20,8,4,0.5,1,0,50
76,21,8,2,0.25,1,1,50
76,22,8,5,0.625,1,1,50
76,23,8,3,0.375,1,0,50
76,24,8,1,0.125,1,1,50
76,25,8,4,0.5,1,1,50
76,26,8,3,0.375,1,0,50
76,27,8,1,0.125,1,0,50
76,28,8,5,0.625,1,1,50
76,29,8,2,0.25,1,0,50
76,30,8,2,0.25,1,0,50
76,31,8,1,0.125,1,0,50
76,32,8,5,0.625,1,1,50
76,33,8,3,0.375,1,0,50
76,34,8,3,0.375,1,0,50
76,35,8,6,0.75,1,1,50
76,36,8,8,1.0,1,1,50
76,37,8,4,0.5,1,1,50
76,38,8,4,0.5,1,1,50
76,39,8,7,0.875,1,1,50
76,40,8,0,0.0,1,1,50
76,41,8,3,0.375,1,1,50
76,42,8,2,0.25,1,0,50
76,43,8,3,0.375,1,0,50
76,44,8,7,0.875,1,1,50
76,45,8,3,0.375,1,1,50
76,46,8,2,0.25,1,0,50
76,47,8,0,0.0,1,1,50
76,48,8,1,0.125,1,1,50
76,49,8,2,0.25,1,1,50
76,50,8,4,0.5,1,0,50
76,51,8,3,0.375,1,0,50
76,52,8,0,0.0,1,0,50
76,53,8,6,0.75,1,1,50
76,54,8,2,0.25,1,0,50
76,55,8,4,0.5,1,1,50
76,56,8,2,0.25,1,0,50
76,57,8,2,0.25,1,0,50
76,58,8,2,0.25,1,1,50
76,59,8,3,0.375,1,0,50
76,60,8,8,1.0,1,1,50
76,61,8,2,0.25,1,0,50
76,62,8,2,0.25,1,0,50
76,63,8,1,0.125,1,0,50
76,64,8,2,0.25,1,1,50
76,65,8,2,0.25,1,0,50
76,66,8,1,0.125,1,0,50
76,67,8,7,0.875,1,1,50
76,68,8,5,0.625,1,1,50
76,69,8,2,0.25,1,0,50
76,70,8,1,0.125,1,0,50
76,71,8,0,0.0,1,0,50
76,72,8,1,0.125,1,1,50
76,73,8,2,0.25,1,0,50
76,74,8,2,0.25,1,1,50
76,75,8,3,0.375,1,0,50
76,76,8,7,0.875,1,1,50
76,77,8,3,0.375,1,0,50
76,78,8,4,0.5,1,1,50
76,79,8,6,0.75,1,0,50
76,80,8,4,0.5,1,1,50
76,81,8,2,0.25,1,0,50
76,82,8,1,0.125,1,1,50
76,83,8,2,0.25,1,1,50
76,84,8,1,0.125,1,0,50
76,85,8,4,0.5,1,1,50
76,86,8,2,0.25,1,1,50
76,87,8,2,0.25,1,1,50
76,88,8,1,0.125,1,0,50
76,89,8,1,0.125,1,1,50
76,90,8,1,0.125,1,1,50
76,91,8,3,0.375,1,0,50
76,92,8,1,0.125,1,0,50
76,93,8,4,0.5,1,1,50
76,94,8,8,1.0,1,1,50
76,95,8,6,0.75,1,1,50
76,96,8,7,0.875,1,1,50
76,97,8,0,0.0,1,0,50
76,98,8,7,0.875,1,1,50
76,99,8,3,0.375,1,0,50
77,0,8,4,0.5,1,1,50
77,1,8,2,0.25,1,0,50
77,2,8,4,0.5,1,1,50
77,3,8,1,0.125,1,1,50
77,4,8,4,0.5,1,0,50
77,5,8,3,0.375,1,0,50
77,6,8,4,0.5,1,1,50
77,7,8,3,0.375,1,0,50
77,8,8,8,1.0,1,1,50
77,9,8,7,0.875,1,1,50
77,10,8,0,0.0,1,0,50
77,11,8,5,0.625,1,1,50
77,12,8,0,0.0,1,0,50
77,13,8,2,0.25,1,1,50
77,14,8,2,0.25,1,1,50
77,15,8,2,0.25,1,0,50
77,16,8,3,0.375,1,0,50
77,17,8,2,0.25,1,0,50
77,18,8,1,0.125,1,1,50
77,19,8,3,0.375,1,0,50
77,20,8,1,0.125,1,1,50
77,21,8,0,0.0,1,1,50
77,22,8,1,0.125,1,0,50
77,23,8,1,0.125,1,0,50
77,24,8,3,0.375,1,0,50
77,25,8,3,0.375,1,0,50
77,26,8,6,0.75,1,1,50
77,27,8,4,0.5,1,1,50
77,28,8,2,0.25,1,0,50
77,29,8,6,0.75,1,1,50
77,30,8,2,0.25,1,1,50
77,31,8,2,0.25,1,0,50
77,32,8,4,0.5,1,0,50
77,33,8,5,0.625,1,1,50
77,34,8,2,0.25,1,0,50
77,35,8,0,0.0,1,0,50
77,36,8,3,0.375,1,1,50
77,37,8,1,0.125,1,0,50
77,38,8,4,0.5,1,0,50
77,39,8,5,0.625,1,1,50
77,40,8,1,0.125,1,0,50
77,41,8,2,0.25,1,1,50
77,42,8,2,0.25,1,0,50
77,43,8,1,0.125,1,0,50
77,44,8,2,0.25,1,0,50
77,45,8,2,0.25,1,0,50
77,46,8,2,0.25,1,0,50
77,47,8,2,0.25,1,0,50
77,48,8,4,0.5,1,1,50
77,49,8,2,0.25,1,0,50
77,50,8,5,0.625,1,1,50
77,51,8,6,0.75,1,1,50
77,52,8,2,0.25,1,0,50
77,53,8,3,0.375,1,1,50
77,54,8,4,0.5,1,1,50
77,55,8,1,0.125,1,0,50
77,56,8,1,0.125,1,1,50
77,57,8,4,0.5,1,1,50
77,58,8,2,0.25,1,1,50
77,59,8,1,0.125,1,1,50
77,60,8,3,0.375,1,0,50
77,61,8,2,0.25,1,0,50
77,62,8,4,0.5,1,1,50
77,63,8,4,0.5,1,1,50
77,64,8,1,0.125,1,1,50
77,65,8,1,0.125,1,0,50
77,66,8,3,0.375,1,0,50
77,67,8,0,0.0,1,1,50
77,68,8,1,0.125,1,1,50
77,69,8,6,0.75,1,1,50
77,70,8,3,0.375,1,0,50
77,71,8,2,0.25,1,1,50
77,72,8,4,0.5,1,0,50
77,73,8,2,0.25,1,0,50
77,74,8,1,0.125,1,0,50
77,75,8,3,0.375,1,1,50
77,76,8,3,0.375,1,0,50
77,77,8,7,0.875,1,1,50
77,78,8,0,0.0,1,0,50
77,79,8,7,0.875,1,1,50
77,80,8,2,0.25,1,0,50
77,81,8,7,0.875,1,1,50
77,82,8,2,0.25,1,0,50
77,83,8,2,0.25,1,0,50
77,84,8,2,0.25,1,0,50
77,85,8,0,0.0,1,1,50
77,86,8,3,0.375,1,1,50
77,87,8,1,0.125,1,0,50
77,88,8,8,1.0,1,1,50
77,89,8,1,0.125,1,1,50
77,90,8,1,0.125,1,0,50
77,91,8,2,0.25,1,1,50
77,92,8,1,0.125,1,0,50
77,93,8,1,0.125,1,0,50
77,94,8,1,0.125,1,0,50
77,95,8,3,0.375,1,0,50
77,96,8,6,0.75,1,1,50
77,97,8,2,0.25,1,1,50
77,98,8,3,0.375,1,0,50
77,99,8,6,0.75,1,1,50
78,0,8,7,0.875,1,1,50
78,1,8,2,0.25,1,0,50
78,2,8,1,0.125,1,1,50
78,3,8,2,0.25,1,0,50
78,4,8,8,1.0,1,1,50
78,5,8,4,0.5,1,1,50
78,6,8,5,0.625,1,1,50
78,7,8,1,0.125,1,1,50
78,8,8,3,0.375,1,0,50
78,9,8,1,0.125,1,0,50
78,10,8,3,0.375,1,0,50
78,11,8,0,0.0,1,0,50
78,12,8,7,0.875,1,1,50
78,13,8,8,1.0,1,1,50
78,14,8,1,0.125,1,0,50
78,15,8,5,0.625,1,1,50
78,16,8,4,0.5,1,1,50
78,17,8,1,0.125,1,0,50
78,18,8,2,0.25,1,0,50
78,19,8,1,0.125,1,0,50
78,20,8,1,0.125,1,0,50
78,21,8,8,1.0,1,1,50
78,22,8,1,0.125,1,1,50
78,23,8,3,0.375,1,0,50
78,24,8,4,0.5,1,0,50
78,25,8,8,1.0,1,1,50
78,26,8,2,0.25,1,0,50
78,27,8,0,0.0,1,1,50
78,28,8,4,0.5,1,1,50
78,29,8,0,0.0,1,1,50
78,30,8,5,0.625,1,1,50
78,31,8,3,0.375,1,0,50
78,32,8,3,0.375,1,1,50
78,33,8,0,0.0,1,1,50
78,34,8,1,0.125,1,0,50
78,35,8,0,0.0,1,0,50
78,36,8,2,0.25,1,0,50
78,37,8,1,0.125,1,1,50
78,38,8,6,0.75,1,1,50
78,39,8,4,0.5,1,1,50
78,40,8,7,0.875,1,1,50
78,41,8,2,0.25,1,0,50
78,42,8,1,0.125,1,0,50
78,43,8,3,0.375,1,0,50
78,44,8,2,0.25,1,0,50
78,45,8,0,0.0,1,1,50
78,46,8,3,0.375,1,1,50
78,47,8,4,0.5,1,0,50
78,48,8,7,0.875,1,1,50
78,49,8,0,0.0,1,0,50
78,50,8,1,0.125,1,1,50
78,51,8,3,0.375,1,1,50
78,52,8,1,0.125,1,1,50
78,53,8,8,1.0,1,1,50
78,54,8,1,0.125,1,0,50
78,55,8,3,0.375,1,0,50
78,56,8,1,0.125,1,0,50
78,57,8,3,0.375,1,1,50
78,58,8,5,0.625,1,1,50
78,59,8,7,0.875,1,1,50
78,60,8,6,0.75,1,1,50
78,61,8,2,0.25,1,1,50
78,62,8,1,0.125,1,1,50
78,63,8,3,0.375,1,1,50
78,64,8,5,0.625,1,1,50
78,65,8,4,0.5,1,1,50
78,66,8,5,0.625,1,1,50
78,67,8,2,0.25,1,0,50
78,68,8,1,0.125,1,1,50
78,69,8,0,0.0,1,0,50
78,70,8,4,0.5,1,1,50
78,71,8,8,1.0,1,1,50
78,72,8,3,0.375,1,0,50
78,73,8,2,0.25,1,1,50
78,74,8,8,1.0,1,1,50
78,75,8,1,0.125,1,0,50
78,76,8,8,1.0,1,1,50
78,77,8,1,0.125,1,0,50
78,78,8,3,0.375,1,0,50
78,79,8,0,0.0,1,1,50
78,80,8,1,0.125,1,1,50
78,81,8,1,0.125,1,0,50
78,82,8,1,0.125,1,0,50
78,83,8,2,0.25,1,1,50
78,84,8,2,0.25,1,0,50
78,85,8,3,0.375,1,0,50
78,86,8,3,0.375,1,0,50
78,87,8,3,0.375,1,1,50
78,88,8,4,0.5,1,1,50
78,89,8,2,0.25,1,0,50
78,90,8,4,0.5,1,0,50
78,91,8,7,0.875,1,1,50
78,92,8,4,0.5,1,0,50
78,93,8,4,0.5,1,0,50
78,94,8,3,0.375,1,0,50
78,95,8,0,0.0,1,0,50
78,96,8,2,0.25,1,1,50
78,97,8,0,0.0,1,1,50
78,98,8,6,0.75,1,1,50
78,99,8,4,0.5,1,0,50
79,0,8,1,0.125,1,0,50
79,1,8,1,0.125,1,1,50
79,2,8,2,0.25,1,1,50
79,3,8,4,0.5,1,1,50
79,4,8,1,0.125,1,1,50
79,5,8,1,0.125,1,0,50
79,6,8,3,0.375,1,1,50
79,7,8,4,0.5,1,0,50
79,8,8,2,0.25,1,0,50
79,9,8,2,0.25,1,0,50
79,10,8,3,0.375,1,1,50
79,11,8,4,0.5,1,1,50
79,12,8,0,0.0,1,0,50
79,13,8,7,0.875,1,1,50
79,14,8,7,0.875,1,1,50
79,15,8,0,0.0,1,0,50
79,16,8,1,0.125,1,0,50
79,17,8,1,0.125,1,0,50
79,18,8,2,0.25,1,0,50
79,19,8,2,0.25,1,0,50
79,20,8,1,0.125,1,1,50
79,21,8,5,0.625,1,1,50
79,22,8,6,0.75,1,1,50
79,23,8,1,0.125,1,0,50
79,24,8,4,0.5,1,1,50
79,25,8,0,0.0,1,0,50
79,26,8,6,0.75,1,1,50
79,27,8,2,0.25,1,1,50
79,28,8,2,0.25,1,0,50
79,29,8,5,0.625,1,1,50
79,30,8,2,0.25,1,0,50
79,31,8,2,0.25,1,1,50
79,32,8,3,0.375,1,1,50
79,33,8,8,1.0,1,1,50
79,34,8,7,0.875,1,1,50
79,35,8,4,0.5,1,0,50
79,36,8,0,0.0,1,1,50
79,37,8,0,0.0,1,1,50
79,38,8,8,1.0,1,1,50
79,39,8,0,0.0,1,1,50
79,40,8,7,0.875,1,1,50
79,41,8,3,0.375,1,0,50
79,42,8,2,0.25,1,1,50
79,43,8,3,0.375,1,1,50
79,44,8,3,0.375,1,0,50
79,45,8,1,0.125,1,0,50
79,46,8,8,1.0,1,1,50
79,47,8,3,0.375,1,1,50
79,48,8,6,0.75,1,1,50
79,49,8,4,0.5,1,0,50
79,50,8,0,0.0,1,0,50
79,51,8,3,0.375,1,1,50
79,52,8,8,1.0,1,1,50
79,53,8,4,0.5,1,1,50
79,54,8,2,0.25,1,0,50
79,55,8,2,0.25,1,1,50
79,56,8,6,0.75,1,1,50
79,57,8,2,0.25,1,0,50
79,58,8,0,0.0,1,1,50
79,59,8,8,1.0,1,1,50
79,60,8,3,0.375,1,1,50
79,61,8,8,1.0,1,1,50
79,62,8,3,0.375,1,1,50
79,63,8,0,0.0,1,0,50
79,64,8,4,0.5,1,0,50
79,65,8,0,0.0,1,0,50
79,66,8,2,0.25,1,0,50
79,67,8,2,0.25,1,1,50
79,68,8,3,0.375,1,1,50
79,69,8,2,0.25,1,0,50
79,70,8,4,0.5,1,1,50
79,71,8,6,0.75,1,1,50
79,72,8,1,0.125,1,1,50
79,73,8,0,0.0,1,1,50
79,74,8,2,0.25,1,0,50
79,75,8,6,0.75,1,1,50
79,76,8,2,0.25,1,0,50
79,77,8,0,0.0,1,1,50
79,78,8,1,0.125,1,0,50
79,79,8,4,0.5,1,0,50
79,80,8,1,0.125,1,1,50
79,81,8,4,0.5,1,1,50
79,82,8,2,0.25,1,1,50
79,83,8,1,0.125,1,0,50
79,84,8,1,0.125,1,0,50
79,85,8,3,0.375,1,1,50
79,86,8,4,0.5,1,1,50
79,87,8,1,0.125,1,0,50
79,88,8,0,0.0,1,1,50
79,89,8,1,0.125,1,1,50
79,90,8,1,0.125,1,1,50
79,91,8,3,0.375,1,0,50
79,92,8,2,0.25,1,0,50
79,93,8,7,0.875,1,1,50
79,94,8,4,0.5,1,1,50
79,95,8,7,0.875,1,1,50
79,96,8,6,0.75,1,1,50
79,97,8,1,0.125,1,0,50
79,98,8,4,0.5,1,1,50
79,99,8,7,0.875,1,1,50
80,0,8,4,0.5,1,1,50
80,1,8,2,0.25,1,0,50
80,2,8,1,0.125,1,0,50
80,3,8,4,0.5,1,0,50
80,4,8,6,0.75,1,1,50
80,5,8,3,0.375,1,1,50
80,6,8,0,0.0,1,1,50
80,7,8,4,0.5,1,0,50
80,8,8,6,0.75,1,1,50
80,9,8,2,0.25,1,0,50
80,10,8,4,0.5,1,0,50
80,11,8,3,0.375,1,0,50
80,12,8,1,0.125,1,0,50
80,13,8,3,0.375,1,1,50
80,14,8,6,0.75,1,1,50
80,15,8,3,0.375,1,0,50
80,16,8,0,0.0,1,1,50
80,17,8,2,0.25,1,0,50
80,18,8,1,0.125,1,0,50
80,19,8,7,0.875,1,1,50
80,20,8,2,0.25,1,1,50
80,21,8,2,0.25,1,0,50
80,22,8,2,0.25,1,0,50
80,23,8,6,0.75,1,0,50
80,24,8,3,0.375,1,1,50
80,25,8,3,0.375,1,0,50
80,26,8,6,0.75,1,1,50
80,27,8,4,0.5,1,1,50
80,28,8,8,1.0,1,1,50
80,29,8,3,0.375,1,0,50
80,30,8,3,0.375,1,1,50
80,31,8,6,0.75,1,1,50
80,32,8,7,0.875,1,1,50
80,33,8,3,0.375,1,1,50
80,34,8,1,0.125,1,0,50
80,35,8,0,0.0,1,0,50
80,36,8,4,0.5,1,1,50
80,37,8,4,0.5,1,1,50
80,38,8,6,0.75,1,1,50
80,39,8,2,0.25,1,0,50
80,40,8,2,0.25,1,0,50
80,41,8,0,0.0,1,1,50
80,42,8,4,0.5,1,0,50
80,43,8,1,0.125,1,0,50
80,44,8,8,1.0,1,1,50
80,45,8,5,0.625,1,1,50
80,46,8,2,0.25,1,0,50
80,47,8,7,0.875,1,1,50
80,48,8,7,0.875,1,1,50
80,49,8,0,0.0,1,0,50
80,50,8,2,0.25,1,0,50
80,51,8,8,1.0,1,1,50
80,52,8,1,0.125,1,0,50
80,53,8,5,0.625,1,1,50
80,54,8,8,1.0,1,1,50
80,55,8,5,0.625,1,0,50
80,56,8,2,0.25,1,1,50
80,57,8,5,0.625,1,1,50
80,58,8,2,0.25,1,0,50
80,59,8,1,0.125,1,0,50
80,60,8,0,0.0,1,0,50
80,61,8,6,0.75,1,1,50
80,62,8,2,0.25,1,0,50
80,63,8,3,0.375,1,0,50
80,64,8,3,0.375,1,0,50
80,65,8,4,0.5,1,1,50
80,66,8,2,0.25,1,1,50
80,67,8,3,0.375,1,1,50
80,68,8,6,0.75,1,1,50
80,69,8,4,0.5,1,1,50
80,70,8,2,0.25,1,0,50
80,71,8,3,0.375,1,1,50
80,72,8,2,0.25,1,0,50
80,73,8,1,0.125,1,0,50
80,74,8,6,0.75,1,1,50
80,75,8,1,0.125,1,0,50
80,76,8,5,0.625,1,1,50
80,77,8,4,0.5,1,0,50
80,78,8,0,0.0,1,1,50
80,79,8,7,0.875,1,1,50
80,80,8,8,1.0,1,1,50
80,81,8,0,0.0,1,1,50
80,82,8,3,0.375,1,0,50
80,83,8,5,0.625,1,1,50
80,84,8,1,0.125,1,0,50
80,85,8,1,0.125,1,1,50
80,86,8,8,1.0,1,1,50
80,87,8,1,0.125,1,0,50
80,88,8,2,0.25,1,0,50
80,89,8,1,0.125,1,1,50
80,90,8,1,0.125,1,1,50
80,91,8,8,1.0,1,1,50
80,92,8,4,0.5,1,0,50
80,93,8,4,0.5,1,1,50
80,94,8,1,0.125,1,0,50
80,95,8,7,0.875,1,1,50
80,96,8,0,0.0,1,0,50
80,97,8,3,0.375,1,0,50
80,98,8,0,0.0,1,1,50
80,99,8,2,0.25,1,0,50
81,0,8,1,0.125,1,0,50
81,1,8,0,0.0,1,1,50
81,2,8,6,0.75,1,1,50
81,3,8,6,0.75,1,1,50
81,4,8,2,0.25,1,0,50
81,5,8,2,0.25,1,0,50
81,6,8,6,0.75,1,1,50
81,7,8,0,0.0,1,1,50
81,8,8,2,0.25,1,0,50
81,9,8,0,0.0,1,0,50
81,10,8,8,1.0,1,1,50
81,11,8,8,1.0,1,1,50
81,12,8,6,0.75,1,0,50
81,13,8,3,0.375,1,0,50
81,14,8,6,0.75,1,1,50
81,15,8,2,0.25,1,0,50
81,16,8,7,0.875,1,1,50
81,17,8,3,0.375,1,1,50
81,18,8,8,1.0,1,1,50
81,19,8,0,0.0,1,1,50
81,20,8,7,0.875,1,1,50
81,21,8,0,0.0,1,0,50
81,22,8,1,0.125,1,0,50
81,23,8,1,0.125,1,0,50
81,24,8,1,0.125,1,0,50
81,25,8,1,0.125,1,1,50
81,26,8,5,0.625,1,1,50
81,27,8,1,0.125,1,0,50
81,28,8,1,0.125,1,0,50
81,29,8,7,0.875,1,1,50
81,30,8,3,0.375,1,0,50
81,31,8,2,0.25,1,0,50
81,32,8,2,0.25,1,0,50
81,33,8,0,0.0,1,0,50
81,34,8,2,0.25,1,0,50
81,35,8,2,0.25,1,0,50
81,36,8,1,0.125,1,1,50
81,37,8,1,0.125,1,1,50
81,38,8,6,0.75,1,1,50
81,39,8,0,0.0,1,1,50
81,40,8,0,0.0,1,1,50
81,41,8,0,0.0,1,1,50
81,42,8,2,0.25,1,0,50
81,43,8,4,0.5,1,1,50
81,44,8,8,1.0,1,1,50
81,45,8,2,0.25,1,0,50
81,46,8,0,0.0,1,0,50
81,47,8,1,0.125,1,0,50
81,48,8,4,0.5,1,1,50
81,49,8,2,0.25,1,1,50
81,50,8,1,0.125,1,0,50
81,51,8,2,0.25,1,0,50
81,52,8,4,0.5,1,0,50
81,53,8,2,0.25,1,1,50
81,54,8,0,0.0,1,0,50
81,55,8,2,0.25,1,1,50
81,56,8,3,0.375,1,0,50
81,57,8,1,0.125,1,0,50
81,58,8,5,0.625,1,1,50
81,59,8,2,0.25,1,1,50
81,60,8,1,0.125,1,1,50
81,61,8,3,0.375,1,0,50
81,62,8,2,0.25,1,1,50
81,63,8,3,0.375,1,0,50
81,64,8,4,0.5,1,0,50
81,65,8,4,0.5,1,1,50
81,66,8,5,0.625,1,1,50
81,67,8,0,0.0,1,1,50
81,68,8,2,0.25,1,1,50
81,69,8,7,0.875,1,1,50
81,70,8,2,0.25,1,0,50
81,71,8,6,0.75,1,1,50
81,72,8,0,0.0,1,1,50
81,73,8,3,0.375,1,0,50
81,74,8,0,0.0,1,1,50
81,75,8,5,0.625,1,1,50
81,76,8,2,0.25,1,1,50
81,77,8,2,0.25,1,0,50
81,78,8,2,0.25,1,1,50
81,79,8,1,0.125,1,0,50
81,80,8,1,0.125,1,0,50
81,81,8,0,0.0,1,1,50
81,82,8,0,0.0,1,1,50
81,83,8,7,0.875,1,1,50
81,84,8,1,0.125,1,0,50
81,85,8,3,0.375,1,0,50
81,86,8,3,0.375,1,1,50
81,87,8,2,0.25,1,1,50
81,88,8,2,0.25,1,0,50
81,89,8,6,0.75,1,1,50
81,90,8,5,0.625,1,1,50
81,91,8,2,0.25,1,0,50
81,92,8,7,0.875,1,1,50
81,93,8,6,0.75,1,1,50
81,94,8,2,0.25,1,0,50
81,95,8,8,1.0,1,1,50
81,96,8,0,0.0,1,1,50
81,97,8,1,0.125,1,0,50
81,98,8,3,0.375,1,0,50
81,99,8,3,0.375,1,0,50
82,0,8,2,0.25,1,0,50
82,1,8,2,0.25,1,0,50
82,2,8,4,0.5,1,1,50
82,3,8,1,0.125,1,0,50
82,4,8,1,0.125,1,0,50
82,5,8,3,0.375,1,1,50
82,6,8,2,0.25,1,0,50
82,7,8,3,0.375,1,1,50
82,8,8,1,0.125,1,0,50
82,9,8,2,0.25,1,0,50
82,10,8,7,0.875,1,1,50
82,11,8,1,0.125,1,1,50
82,12,8,7,0.875,1,1,50
82,13,8,1,0.125,1,0,50
82,14,8,3,0.375,1,1,50
82,15,8,0,0.0,1,0,50
82,16,8,2,0.25,1,0,50
82,17,8,1,0.125,1,1,50
82,18,8,4,0.5,1,1,50
82,19,8,1,0.125,1,0,50
82,20,8,2,0.25,1,0,50
82,21,8,0,0.0,1,1,50
82,22,8,2,0.25,1,0,50
82,23,8,4,0.5,1,1,50
82,24,8,3,0.375,1,1,50
82,25,8,1,0.125,1,0,50
82,26,8,5,0.625,1,1,50
82,27,8,0,0.0,1,1,50
82,28,8,1,0.125,1,0,50
82,29,8,7,0.875,1,1,50
82,30,8,1,0.125,1,0,50
82,31,8,1,0.125,1,0,50
82,32,8,6,0.75,1,1,50
82,33,8,1,0.125,1,0,50
82,34,8,7,0.875,1,1,50
82,35,8,1,0.125,1,1,50
82,36,8,2,0.25,1,0,50
82,37,8,8,1.0,1,1,50
82,38,8,2,0.25,1,0,50
82,39,8,3,0.375,1,0,50
82,40,8,2,0.25,1,0,50
82,41,8,1,0.125,1,0,50
82,42,8,7,0.875,1,1,50
82,43,8,5,0.625,1,1,50
82,44,8,5,0.625,1,1,50
82,45,8,1,0.125,1,0,50
82,46,8,0,0.0,1,0,50
82,47,8,2,0.25,1,0,50
82,48,8,3,0.375,1,1,50
82,49,8,1,0.125,1,0,50
82,50,8,3,0.375,1,0,50
82,51,8,3,0.375,1,1,50
82,52,8,1,0.125,1,0,50
82,53,8,2,0.25,1,1,50
82,54,8,0,0.0,1,1,50
82,55,8,2,0.25,1,0,50
82,56,8,8,1.0,1,1,50
82,57,8,4,0.5,1,0,50
82,58,8,2,0.25,1,0,50
82,59,8,0,0.0,1,0,50
82,60,8,1,0.125,1,1,50
82,61,8,4,0.5,1,0,50
82,62,8,7,0.875,1,1,50
82,63,8,2,0.25,1,1,50
82,64,8,7,0.875,1,1,50
82,65,8,7,0.875,1,1,50
82,66,8,0,0.0,1,0,50
82,67,8,1,0.125,1,1,50
82,68,8,0,0.0,1,1,50
82,69,8,3,0.375,1,0,50
82,70,8,8,1.0,1,1,50
82,71,8,0,0.0,1,0,50
82,72,8,3,0.375,1,1,50
82,73,8,8,1.0,1,1,50
82,74,8,0,0.0,1,1,50
82,75,8,6,0.75,1,1,50
82,76,8,3,0.375,1,0,50
82,77,8,8,1.0,1,1,50
82,78,8,2,0.25,1,0,50
82,79,8,3,0.375,1,0,50
82,80,8,2,0.25,1,0,50
82,81,8,5,0.625,1,1,50
82,82,8,1,0.125,1,1,50
82,83,8,5,0.625,1,1,50
82,84,8,6,0.75,1,1,50
82,85,8,3,0.375,1,1,50
82,86,8,1,0.125,1,1,50
82,87,8,6,0.75,1,1,50
82,88,8,4,0.5,1,0,50
82,89,8,2,0.25,1,0,50
82,90,8,1,0.125,1,1,50
82,91,8,4,0.5,1,0,50
82,92,8,2,0.25,1,0,50
82,93,8,1,0.125,1,0,50
82,94,8,0,0.0,1,0,50
82,95,8,7,0.875,1,1,50
82,96,8,0,0.0,1,1,50
82,97,8,8,1.0,1,1,50
82,98,8,1,0.125,1,0,50
82,99,8,2,0.25,1,0,50
83,0,8,3,0.375,1,1,50
83,1,8,2,0.25,1,0,50
83,2,8,1,0.125,1,0,50
83,3,8,1,0.125,1,0,50
83,4,8,7,0.875,1,1,50
83,5,8,2,0.25,1,0,50
83,6,8,2,0.25,1,0,50
83,7,8,7,0.875,1,1,50
83,8,8,8,1.0,1,1,50
83,9,8,1,0.125,1,1,50
83,10,8,7,0.875,1,1,50
83,11,8,5,0.625,1,0,50
83,12,8,6,0.75,1,1,50
83,13,8,2,0.25,1,0,50
83,14,8,5,0.625,1,1,50
83,15,8,1,0.125,1,0,50
83,16,8,5,0.625,1,1,50
83,17,8,2,0.25,1,0,50
83,18,8,1,0.125,1,0,50
83,19,8,2,0.25,1,0,50
83,20,8,4,0.5,1,1,50
83,21,8,2,0.25,1,1,50
83,22,8,7,0.875,1,1,50
83,23,8,2,0.25,1,0,50
83,24,8,6,0.75,1,0,50
83,25,8,3,0.375,1,1,50
83,26,8,3,0.375,1,1,50
83,27,8,2,0.25,1,1,50
83,28,8,1,0.125,1,0,50
83,29,8,2,0.25,1,0,50
83,30,8,3,0.375,1,1,50
83,31,8,3,0.375,1,0,50
83,32,8,3,0.375,1,0,50
83,33,8,2,0.25,1,0,50
83,34,8,3,0.375,1,1,50
83,35,8,3,0.375,1,0,50
83,36,8,2,0.25,1,0,50
83,37,8,7,0.875,1,1,50
83,38,8,3,0.375,1,0,50
83,39,8,4,0.5,1,0,50
83,40,8,7,0.875,1,1,50
83,41,8,0,0.0,1,1,50
83,42,8,4,0.5,1,1,50
83,43,8,7,0.875,1,1,50
83,44,8,2,0.25,1,0,50
83,45,8,2,0.25,1,0,50
83,46,8,3,0.375,1,0,50
83,47,8,4,0.5,1,0,50
83,48,8,3,0.375,1,0,50
83,49,8,8,1.0,1,1,50
83,50,8,2,0.25,1,0,50
83,51,8,0,0.0,1,0,50
83,52,8,2,0.25,1,1,50
83,53,8,4,0.5,1,1,50
83,54,8,1,0.125,1,0,50
83,55,8,1,0.125,1,0,50
83,56,8,1,0.125,1,0,50
83,57,8,5,0.625,1,1,50
83,58,8,5,0.625,1,0,50
83,59,8,2,0.25,1,0,50
83,60,8,8,1.0,1,1,50
83,61,8,3,0.375,1,1,50
83,62,8,3,0.375,1,0,50
83,63,8,4,0.5,1,0,50
83,64,8,8,1.0,1,1,50
83,65,8,6,0.75,1,1,50
83,66,8,2,0.25,1,0,50
83,67,8,2,0.25,1,0,50
83,68,8,7,0.875,1,1,50
83,69,8,1,0.125,1,1,50
83,70,8,3,0.375,1,0,50
83,71,8,7,0.875,1,1,50
83,72,8,1,0.125,1,0,50
83,73,8,2,0.25,1,0,50
83,74,8,8,1.0,1,1,50
83,75,8,2,0.25,1,0,50
83,76,8,0,0.0,1,0,50
83,77,8,1,0.125,1,0,50
83,78,8,7,0.875,1,1,50
83,79,8,0,0.0,1,1,50
83,80,8,3,0.375,1,1,50
83,81,8,8,1.0,1,1,50
83,82,8,7,0.875,1,1,50
83,83,8,4,0.5,1,0,50
83,84,8,2,0.25,1,0,50
83,85,8,5,0.625,1,1,50
83,86,8,3,0.375,1,0,50
83,87,8,2,0.25,1,0,50
83,88,8,2,0.25,1,0,50
83,89,8,2,0.25,1,1,50
83,90,8,0,0.0,1,0,50
83,91,8,6,0.75,1,1,50
83,92,8,7,0.875,1,1,50
83,93,8,1,0.125,1,1,50
83,94,8,3,0.375,1,0,50
83,95,8,5,0.625,1,1,50
83,96,8,1,0.125,1,1,50
83,97,8,1,0.125,1,1,50
83,98,8,6,0.75,1,1,50
83,99,8,1,0.125,1,0,50
84,0,8,4,0.5,1,1,50
84,1,8,6,0.75,1,1,50
84,2,8,1,0.125,1,0,50
84,3,8,3,0.375,1,1,50
84,4,8,3,0.375,1,0,50
84,5,8,1,0.125,1,1,50
84,6,8,2,0.25,1,0,50
84,7,8,5,0.625,1,1,50
84,8,8,3,0.375,1,0,50
84,9,8,8,1.0,1,1,50
84,10,8,7,0.875,1,1,50
84,11,8,2,0.25,1,0,50
84,12,8,2,0.25,1,0,50
84,13,8,1,0.125,1,1,50
84,14,8,1,0.125,1,0,50
84,15,8,1,0.125,1,1,50
84,16,8,6,0.75,1,1,50
84,17,8,3,0.375,1,0,50
84,18,8,2,0.25,1,0,50
84,19,8,1,0.125,1,0,50
84,20,8,1,0.125,1,0,50
84,21,8,1,0.125,1,0,50
84,22,8,4,0.5,1,0,50
84,23,8,1,0.125,1,0,50
84,24,8,2,0.25,1,0,50
84,25,8,5,0.625,1,0,50
84,26,8,1,0.125,1,0,50
84,27,8,1,0.125,1,0,50
84,28,8,2,0.25,1,0,50
84,29,8,0,0.0,1,1,50
84,30,8,4,0.5,1,1,50
84,31,8,7,0.875,1,1,50
84,32,8,4,0.5,1,0,50
84,33,8,0,0.0,1,1,50
84,34,8,4,0.5,1,1,50
84,35,8,2,0.25,1,1,50
84,36,8,3,0.375,1,0,50
84,37,8,6,0.75,1,1,50
84,38,8,7,0.875,1,1,50
84,39,8,5,0.625,1,1,50
84,40,8,4,0.5,1,0,50
84,41,8,3,0.375,1,1,50
84,42,8,2,0.25,1,0,50
84,43,8,3,0.375,1,1,50
84,44,8,1,0.125,1,0,50
84,45,8,3,0.375,1,0,50
84,46,8,0,0.0,1,1,50
84,47,8,2,0.25,1,1,50
84,48,8,2,0.25,1,1,50
84,49,8,1,0.125,1,1,50
84,50,8,2,0.25,1,0,50
84,51,8,4,0.5,1,1,50
84,52,8,7,0.875,1,1,50
84,53,8,1,0.125,1,0,50
84,54,8,7,0.875,1,1,50
84,55,8,1,0.125,1,0,50
84,56,8,5,0.625,1,1,50
84,57,8,2,0.25,1,1,50
84,58,8,5,0.625,1,0,50
84,59,8,1,0.125,1,0,50
84,60,8,3,0.375,1,0,50
84,61,8,1,0.125,1,0,50
84,62,8,2,0.25,1,0,50
84,63,8,0,0.0,1,0,50
84,64,8,1,0.125,1,0,50
84,65,8,4,0.5,1,0,50
84,66,8,1,0.125,1,1,50
84,67,8,7,0.875,1,1,50
84,68,8,3,0.375,1,0,50
84,69,8,3,0.375,1,0,50
84,70,8,0,0.0,1,1,50
84,71,8,0,0.0,1,0,50
84,72,8,5,0.625,1,1,50
84,73,8,7,0.875,1,1,50
84,74,8,7,0.875,1,1,50
84,75,8,2,0.25,1,0,50
84,76,8,6,0.75,1,1,50
84,77,8,6,0.75,1,1,50
84,78,8,2,0.25,1,0,50
84,79,8,0,0.0,1,0,50
84,80,8,2,0.25,1,0,50
84,81,8,8,1.0,1,1,50
84,82,8,3,0.375,1,0,50
84,83,8,3,0.375,1,0,50
84,84,8,8,1.0,1,1,50
84,85,8,2,0.25,1,0,50
84,86,8,1,0.125,1,0,50
84,87,8,7,0.875,1,1,50
84,88,8,1,0.125,1,1,50
84,89,8,3,0.375,1,0,50
84,90,8,2,0.25,1,0,50
84,91,8,2,0.25,1,1,50
84,92,8,4,0.5,1,0,50
84,93,8,4,0.5,1,0,50
84,94,8,2,0.25,1,1,50
84,95,8,3,0.375,1,1,50
84,96,8,6,0.75,1,1,50
84,97,8,7,0.875,1,1,50
84,98,8,0,0.0,1,0,50
84,99,8,4,0.5,1,0,50
85,0,8,3,0.375,1,1,50
85,1,8,1,0.125,1,0,50
85,2,8,2,0.25,1,1,50
85,3,8,7,0.875,1,1,50
85,4,8,2,0.25,1,0,50
85,5,8,3,0.375,1,0,50
85,6,8,3,0.375,1,0,50
85,7,8,1,0.125,1,0,50
85,8,8,7,0.875,1,1,50
85,9,8,0,0.0,1,1,50
85,10,8,0,0.0,1,1,50
85,11,8,1,0.125,1,0,50
85,12,8,2,0.25,1,0,50
85,13,8,4,0.5,1,1,50
85,14,8,1,0.125,1,0,50
85,15,8,2,0.25,1,0,50
85,16,8,4,0.5,1,1,50
85,17,8,0,0.0,1,1,50
85,18,8,7,0.875,1,1,50
85,19,8,8,1.0,1,1,50
85,20,8,2,0.25,1,1,50
85,21,8,8,1.0,1,1,50
85,22,8,1,0.125,1,1,50
85,23,8,4,0.5,1,1,50
85,24,8,8,1.0,1,1,50
85,25,8,1,0.125,1,0,50
85,26,8,0,0.0,1,1,50
85,27,8,3,0.375,1,0,50
85,28,8,2,0.25,1,0,50
85,29,8,7,0.875,1,1,50
85,30,8,7,0.875,1,1,50
85,31,8,2,0.25,1,0,50
85,32,8,1,0.125,1,0,50
85,33,8,0,0.0,1,1,50
85,34,8,0,0.0,1,0,50
85,35,8,1,0.125,1,1,50
85,36,8,2,0.25,1,1,50
85,37,8,1,0.125,1,1,50
85,38,8,2,0.25,1,0,50
85,39,8,4,0.5,1,1,50
85,40,8,5,0.625,1,1,50
85,41,8,1,0.125,1,0,50
85,42,8,4,0.5,1,1,50
85,43,8,1,0.125,1,0,50
85,44,8,4,0.5,1,0,50
85,45,8,2,0.25,1,1,50
85,46,8,6,0.75,1,1,50
85,47,8,2,0.25,1,1,50
85,48,8,0,0.0,1,1,50
85,49,8,2,0.25,1,0,50
85,50,8,4,0.5,1,1,50
85,51,8,8,1.0,1,1,50
85,52,8,2,0.25,1,0,50
85,53,8,1,0.125,1,1,50
85,54,8,6,0.75,1,1,50
85,55,8,2,0.25,1,0,50
85,56,8,4,0.5,1,1,50
85,57,8,6,0.75,1,1,50
85,58,8,0,0.0,1,0,50
85,59,8,3,0.375,1,0,50
85,60,8,2,0.25,1,0,50
85,61,8,2,0.25,1,0,50
85,62,8,3,0.375,1,1,50
85,63,8,2,0.25,1,0,50
85,64,8,2,0.25,1,0,50
85,65,8,3,0.375,1,0,50
85,66,8,2,0.25,1,1,50
85,67,8,1,0.125,1,1,50
85,68,8,0,0.0,1,0,50
85,69,8,3,0.375,1,0,50
85,70,8,5,0.625,1,1,50
85,71,8,2,0.25,1,0,50
85,72,8,1,0.125,1,1,50
85,73,8,3,0.375,1,0,50
85,74,8,3,0.375,1,1,50
85,75,8,5,0.625,1,1,50
85,76,8,8,1.0,1,1,50
85,77,8,0,0.0,1,1,50
85,78,8,0,0.0,1,0,50
85,79,8,1,0.125,1,0,50
85,80,8,8,1.0,1,1,50
85,81,8,3,0.375,1,0,50
85,82,8,0,0.0,1,1,50
85,83,8,2,0.25,1,0,50
85,84,8,1,0.125,1,1,50
85,85,8,4,0.5,1,1,50
85,86,8,1,0.125,1,0,50
85,87,8,8,1.0,1,1,50
85,88,8,7,0.875,1,1,50
85,89,8,4,0.5,1,1,50
85,90,8,3,0.375,1,0,50
85,91,8,3,0.375,1,0,50
85,92,8,6,0.75,1,1,50
85,93,8,4,0.5,1,0,50
85,94,8,2,0.25,1,0,50
85,95,8,2,0.25,1,0,50
85,96,8,4,0.5,1,1,50
85,97,8,3,0.375,1,1,50
85,98,8,2,0.25,1,0,50
85,99,8,2,0.25,1,0,50
86,0,8,2,0.25,1,0,50
86,1,8,8,1.0,1,1,50
86,2,8,2,0.25,1,0,50
86,3,8,7,0.875,1,1,50
86,4,8,7,0.875,1,1,50
86,5,8,4,0.5,1,1,50
86,6,8,2,0.25,1,0,50
86,7,8,0,0.0,1,1,50
86,8,8,6,0.75,1,1,50
86,9,8,2,0.25,1,0,50
86,10,8,3,0.375,1,0,50
86,11,8,2,0.25,1,0,50
86,12,8,1,0.125,1,0,50
86,13,8,3,0.375,1,0,50
86,14,8,1,0.125,1,0,50
86,15,8,3,0.375,1,0,50
86,16,8,2,0.25,1,0,50
86,17,8,1,0.125,1,0,50
86,18,8,4,0.5,1,0,50
86,19,8,4,0.5,1,0,50
86,20,8,0,0.0,1,1,50
86,21,8,2,0.25,1,1,50
86,22,8,2,0.25,1,0,50
86,23,8,0,0.0,1,1,50
86,24,8,1,0.125,1,1,50
86,25,8,6,0.75,1,1,50
86,26,8,2,0.25,1,0,50
86,27,8,8,1.0,1,1,50
86,28,8,4,0.5,1,1,50
86,29,8,5,0.625,1,1,50
86,30,8,2,0.25,1,0,50
86,31,8,2,0.25,1,0,50
86,32,8,8,1.0,1,1,50
86,33,8,3,0.375,1,0,50
86,34,8,0,0.0,1,1,50
86,35,8,3,0.375,1,1,50
86,36,8,3,0.375,1,0,50
86,37,8,2,0.25,1,0,50
86,38,8,4,0.5,1,1,50
86,39,8,1,0.125,1,0,50
86,40,8,0,0.0,1,1,50
86,41,8,1,0.125,1,0,50
86,42,8,3,0.375,1,1,50
86,43,8,2,0.25,1,0,50
86,44,8,7,0.875,1,1,50
86,45,8,3,0.375,1,1,50
86,46,8,2,0.25,1,0,50
86,47,8,0,0.0,1,1,50
86,48,8,6,0.75,1,1,50
86,49,8,0,0.0,1,1,50
86,50,8,8,1.0,1,1,50
86,51,8,7,0.875,1,1,50
86,52,8,7,0.875,1,1,50
86,53,8,1,0.125,1,0,50
86,54,8,1,0.125,1,1,50
86,55,8,0,0.0,1,0,50
86,56,8,1,0.125,1,1,50
86,57,8,7,0.875,1,1,50
86,58,8,1,0.125,1,1,50
86,59,8,0,0.0,1,0,50
86,60,8,3,0.375,1,1,50
86,61,8,4,0.5,1,1,50
86,62,8,1,0.125,1,0,50
86,63,8,4,0.5,1,0,50
86,64,8,1,0.125,1,0,50
86,65,8,2,0.25,1,0,50
86,66,8,6,0.75,1,1,50
86,67,8,3,0.375,1,1,50
86,68,8,1,0.125,1,0,50
86,69,8,6,0.75,1,1,50
86,70,8,0,0.0,1,0,50
86,71,8,5,0.625,1,1,50
86,72,8,7,0.875,1,1,50
86,73,8,2,0.25,1,0,50
86,74,8,4,0.5,1,1,50
86,75,8,2,0.25,1,0,50
86,76,8,3,0.375,1,0,50
86,77,8,6,0.75,1,0,50
86,78,8,2,0.25,1,0,50
86,79,8,2,0.25,1,1,50
86,80,8,8,1.0,1,1,50
86,81,8,1,0.125,1,0,50
86,82,8,1,0.125,1,1,50
86,83,8,2,0.25,1,0,50
86,84,8,3,0.375,1,1,50
86,85,8,5,0.625,1,0,50
86,86,8,2,0.25,1,1,50
86,87,8,2,0.25,1,1,50
86,88,8,7,0.875,1,1,50
86,89,8,2,0.25,1,0,50
86,90,8,1,0.125,1,0,50
86,91,8,1,0.125,1,0,50
86,92,8,8,1.0,1,1,50
86,93,8,4,0.5,1,1,50
86,94,8,2,0.25,1,1,50
86,95,8,1,0.125,1,0,50
86,96,8,3,0.375,1,1,50
86,97,8,0,0.0,1,1,50
86,98,8,5,0.625,1,1,50
86,99,8,6,0.75,1,1,50
87,0,8,1,0.125,1,0,50
87,1,8,3,0.375,1,0,50
87,2,8,0,0.0,1,1,50
87,3,8,2,0.25,1,0,50
87,4,8,1,0.125,1,0,50
87,5,8,1,0.125,1,0,50
87,6,8,2,0.25,1,1,50
87,7,8,4,0.5,1,1,50
87,8,8,1,0.125,1,0,50
87,9,8,2,0.25,1,0,50
87,10,8,5,0.625,1,1,50
87,11,8,3,0.375,1,1,50
87,12,8,1,0.125,1,0,50
87,13,8,1,0.125,1,1,50
87,14,8,1,0.125,1,1,50
87,15,8,2,0.25,1,0,50
87,16,8,2,0.25,1,1,50
87,17,8,2,0.25,1,0,50
87,18,8,7,0.875,1,1,50
87,19,8,4,0.5,1,1,50
87,20,8,1,0.125,1,0,50
87,21,8,7,0.875,1,1,50
87,22,8,0,0.0,1,1,50
87,23,8,2,0.25,1,0,50
87,24,8,2,0.25,1,0,50
87,25,8,7,0.875,1,1,50
87,26,8,7,0.875,1,1,50
87,27,8,3,0.375,1,1,50
87,28,8,3,0.375,1,0,50
87,29,8,1,0.125,1,0,50
87,30,8,4,0.5,1,0,50
87,31,8,1,0.125,1,0,50
87,32,8,5,0.625,1,1,50
87,33,8,4,0.5,1,0,50
87,34,8,3,0.375,1,0,50
87,35,8,3,0.375,1,1,50
87,36,8,4,0.5,1,0,50
87,37,8,0,0.0,1,0,50
87,38,8,2,0.25,1,0,50
87,39,8,0,0.0,1,1,50
87,40,8,6,0.75,1,1,50
87,41,8,2,0.25,1,0,50
87,42,8,1,0.125,1,0,50
87,43,8,4,0.5,1,0,50
87,44,8,1,0.125,1,0,50
87,45,8,0,0.0,1,1,50
87,46,8,3,0.375,1,0,50
87,47,8,2,0.25,1,1,50
87,48,8,3,0.375,1,1,50
87,49,8,7,0.875,1,1,50
87,50,8,4,0.5,1,0,50
87,51,8,2,0.25,1,1,50
87,52,8,4,0.5,1,1,50
87,53,8,3,0.375,1,0,50
87,54,8,1,0.125,1,0,50
87,55,8,2,0.25,1,0,50
87,56,8,3,0.375,1,0,50
87,57,8,6,0.75,1,1,50
87,58,8,5,0.625,1,1,50
87,59,8,1,0.125,1,1,50
87,60,8,5,0.625,1,1,50
87,61,8,5,0.625,1,1,50
87,62,8,1,0.125,1,0,50
87,63,8,0,0.0,1,1,50
87,64,8,2,0.25,1,0,50
87,65,8,3,0.375,1,0,50
87,66,8,2,0.25,1,0,50
87,67,8,4,0.5,1,0,50
87,68,8,1,0.125,1,0,50
87,69,8,5,0.625,1,1,50
87,70,8,3,0.375,1,0,50
87,71,8,1,0.125,1,1,50
87,72,8,3,0.375,1,1,50
87,73,8,8,1.0,1,1,50
87,74,8,3,0.375,1,1,50
87,75,8,7,0.875,1,1,50
87,76,8,1,0.125,1,0,50
87,77,8,1,0.125,1,1,50
87,78,8,0,0.0,1,1,50
87,79,8,5,0.625,1,1,50
87,80,8,1,0.125,1,0,50
87,81,8,3,0.375,1,0,50
87,82,8,2,0.25,1,0,50
87,83,8,6,0.75,1,1,50
87,84,8,5,0.625,1,1,50
87,85,8,2,0.25,1,1,50
87,86,8,0,0.0,1,1,50
87,87,8,5,0.625,1,0,50
87,88,8,5,0.625,1,1,50
87,89,8,7,0.875,1,1,50
87,90,8,5,0.625,1,1,50
87,91,8,5,0.625,1,1,50
87,92,8,0,0.0,1,1,50
87,93,8,6,0.75,1,1,50
87,94,8,7,0.875,1,1,50
87,95,8,2,0.25,1,1,50
87,96,8,7,0.875,1,1,50
87,97,8,5,0.625,1,1,50
87,98,8,0,0.0,1,1,50
87,99,8,1,0.125,1,1,50
88,0,8,3,0.375,1,0,50
88,1,8,0,0.0,1,0,50
88,2,8,6,0.75,1,1,50
88,3,8,7,0.875,1,1,50
88,4,8,5,0.625,1,1,50
88,5,8,5,0.625,1,1,50
88,6,8,2,0.25,1,1,50
88,7,8,4,0.5,1,1,50
88,8,8,2,0.25,1,0,50
88,9,8,4,0.5,1,1,50
88,10,8,0,0.0,1,0,50
88,11,8,1,0.125,1,0,50
88,12,8,8,1.0,1,1,50
88,13,8,3,0.375,1,0,50
88,14,8,4,0.5,1,0,50
88,15,8,1,0.125,1,0,50
88,16,8,5,0.625,1,1,50
88,17,8,7,0.875,1,1,50
88,18,8,4,0.5,1,0,50
88,19,8,2,0.25,1,0,50
88,20,8,2,0.25,1,0,50
88,21,8,4,0.5,1,0,50
88,22,8,7,0.875,1,1,50
88,23,8,0,0.0,1,1,50
88,24,8,1,0.125,1,0,50
88,25,8,2,0.25,1,0,50
88,26,8,2,0.25,1,0,50
88,27,8,3,0.375,1,0,50
88,28,8,3,0.375,1,0,50
88,29,8,1,0.125,1,0,50
88,30,8,8,1.0,1,1,50
88,31,8,2,0.25,1,1,50
88,32,8,2,0.25,1,0,50
88,33,8,4,0.5,1,0,50
88,34,8,8,1.0,1,1,50
88,35,8,2,0.25,1,1,50
88,36,8,2,0.25,1,0,50
88,37,8,1,0.125,1,0,50
88,38,8,2,0.25,1,0,50
88,39,8,2,0.25,1,0,50
88,40,8,5,0.625,1,1,50
88,41,8,8,1.0,1,1,50
88,42,8,3,0.375,1,0,50
88,43,8,2,0.25,1,1,50
88,44,8,7,0.875,1,1,50
88,45,8,0,0.0,1,1,50
88,46,8,1,0.125,1,0,50
88,47,8,8,1.0,1,1,50
88,48,8,1,0.125,1,0,50
88,49,8,2,0.25,1,0,50
88,50,8,3,0.375,1,0,50
88,51,8,6,0.75,1,1,50
88,52,8,3,0.375,1,0,50
88,53,8,1,0.125,1,0,50
88,54,8,0,0.0,1,0,50
88,55,8,2,0.25,1,0,50
88,56,8,3,0.375,1,1,50
88,57,8,6,0.75,1,0,50
88,58,8,4,0.5,1,1,50
88,59,8,0,0.0,1,1,50
88,60,8,6,0.75,1,1,50
88,61,8,5,0.625,1,1,50
88,62,8,6,0.75,1,1,50
88,63,8,1,0.125,1,0,50
88,64,8,1,0.125,1,0,50
88,65,8,0,0.0,1,1,50
88,66,8,3,0.375,1,0,50
88,67,8,2,0.25,1,0,50
88,68,8,4,0.5,1,1,50
88,69,8,5,0.625,1,1,50
88,70,8,0,0.0,1,0,50
88,71,8,4,0.5,1,1,50
88,72,8,1,0.125,1,0,50
88,73,8,2,0.25,1,1,50
88,74,8,4,0.5,1,1,50
88,75,8,3,0.375,1,0,50
88,76,8,0,0.0,1,1,50
88,77,8,5,0.625,1,1,50
88,78,8,6,0.75,1,1,50
88,79,8,4,0.5,1,0,50
88,80,8,1,0.125,1,0,50
88,81,8,5,0.625,1,1,50
88,82,8,1,0.125,1,0,50
88,83,8,4,0.5,1,0,50
88,84,8,2,0.25,1,0,50
88,85,8,5,0.625,1,1,50
88,86,8,0,0.0,1,1,50
88,87,8,1,0.125,1,0,50
88,88,8,2,0.25,1,0,50
88,89,8,3,0.375,1,0,50
88,90,8,2,0.25,1,0,50
88,91,8,1,0.125,1,0,50
88,92,8,2,0.25,1,1,50
88,93,8,3,0.375,1,1,50
88,94,8,2,0.25,1,1,50
88,95,8,0,0.0,1,0,50
88,96,8,1,0.125,1,0,50
88,97,8,4,0.5,1,0,50
88,98,8,3,0.375,1,1,50
88,99,8,4,0.5,1,1,50
89,0,8,5,0.625,1,1,50
89,1,8,6,0.75,1,1,50
89,2,8,0,0.0,1,1,50
89,3,8,7,0.875,1,1,50
89,4,8,1,0.125,1,1,50
89,5,8,3,0.375,1,0,50
89,6,8,1,0.125,1,0,50
89,7,8,6,0.75,1,1,50
89,8,8,7,0.875,1,1,50
89,9,8,2,0.25,1,0,50
89,10,8,0,0.0,1,1,50
89,11,8,7,0.875,1,1,50
89,12,8,4,0.5,1,0,50
89,13,8,4,0.5,1,1,50
89,14,8,1,0.125,1,1,50
89,15,8,5,0.625,1,1,50
89,16,8,5,0.625,1,1,50
89,17,8,2,0.25,1,0,50
89,18,8,0,0.0,1,0,50
89,19,8,8,1.0,1,1,50
89,20,8,8,1.0,1,1,50
89,21,8,5,0.625,1,1,50
89,22,8,5,0.625,1,0,50
89,23,8,3,0.375,1,1,50
89,24,8,2,0.25,1,0,50
89,25,8,1,0.125,1,0,50
89,26,8,6,0.75,1,1,50
89,27,8,5,0.625,1,1,50
89,28,8,2,0.25,1,0,50
89,29,8,2,0.25,1,0,50
89,30,8,3,0.375,1,1,50
89,31,8,5,0.625,1,1,50
89,32,8,2,0.25,1,0,50
89,33,8,0,0.0,1,0,50
89,34,8,1,0.125,1,1,50
89,35,8,3,0.375,1,0,50
89,36,8,7,0.875,1,1,50
89,37,8,3,0.375,1,0,50
89,38,8,4,0.5,1,0,50
89,39,8,2,0.25,1,1,50
89,40,8,1,0.125,1,0,50
89,41,8,2,0.25,1,0,50
89,42,8,1,0.125,1,1,50
89,43,8,6,0.75,1,1,50
89,44,8,3,0.375,1,0,50
89,45,8,8,1.0,1,1,50
89,46,8,2,0.25,1,1,50
89,47,8,7,0.875,1,1,50
89,48,8,8,1.0,1,1,50
89,49,8,7,0.875,1,1,50
89,50,8,2,0.25,1,0,50
89,51,8,7,0.875,1,1,50
89,52,8,7,0.875,1,1,50
89,53,8,0,0.0,1,0,50
89,54,8,3,0.375,1,0,50
89,55,8,3,0.375,1,0,50
89,56,8,6,0.75,1,1,50
89,57,8,5,0.625,1,0,50
89,58,8,1,0.125,1,1,50
89,59,8,2,0.25,1,1,50
89,60,8,0,0.0,1,1,50
89,61,8,0,0.0,1,1,50
89,62,8,1,0.125,1,0,50
89,63,8,1,0.125,1,0,50
89,64,8,0,0.0,1,0,50
89,65,8,0,0.0,1,1,50
89,66,8,2,0.25,1,1,50
89,67,8,3,0.375,1,1,50
89,68,8,2,0.25,1,0,50
89,69,8,0,0.0,1,0,50
89,70,8,2,0.25,1,0,50
89,71,8,5,0.625,1,1,50
89,72,8,1,0.125,1,0,50
89,73,8,0,0.0,1,0,50
89,74,8,6,0.75,1,1,50
89,75,8,6,0.75,1,1,50
89,76,8,6,0.75,1,0,50
89,77,8,1,0.125,1,1,50
89,78,8,3,0.375,1,0,50
89,79,8,7,0.875,1,1,50
89,80,8,6,0.75,1,1,50
89,81,8,2,0.25,1,1,50
89,82,8,2,0.25,1,1,50
89,83,8,6,0.75,1,1,50
89,84,8,1,0.125,1,1,50
89,85,8,2,0.25,1,1,50
89,86,8,8,1.0,1,1,50
89,87,8,4,0.5,1,0,50
89,88,8,1,0.125,1,0,50
89,89,8,1,0.125,1,0,50
89,90,8,2,0.25,1,0,50
89,91,8,1,0.125,1,0,50
89,92,8,4,0.5,1,0,50
89,93,8,2,0.25,1,0,50
89,94,8,8,1.0,1,1,50
89,95,8,2,0.25,1,0,50
89,96,8,1,0.125,1,0,50
89,97,8,3,0.375,1,1,50
89,98,8,1,0.125,1,0,50
89,99,8,5,0.625,1,1,50
90,0,8,1,0.125,1,1,50
90,1,8,0,0.0,1,0,50
90,2,8,1,0.125,1,0,50
90,3,8,3,0.375,1,0,50
90,4,8,2,0.25,1,0,50
90,5,8,2,0.25,1,0,50
90,6,8,0,0.0,1,0,50
90,7,8,6,0.75,1,1,50
90,8,8,3,0.375,1,1,50
90,9,8,3,0.375,1,1,50
90,10,8,3,0.375,1,0,50
90,11,8,7,0.875,1,1,50
90,12,8,3,0.375,1,1,50
90,13,8,2,0.25,1,0,50
90,14,8,1,0.125,1,0,50
90,15,8,8,1.0,1,1,50
90,16,8,2,0.25,1,0,50
90,17,8,1,0.125,1,0,50
90,18,8,1,0.125,1,0,50
90,19,8,5,0.625,1,1,50
90,20,8,0,0.0,1,1,50
90,21,8,3,0.375,1,0,50
90,22,8,1,0.125,1,0,50
90,23,8,8,1.0,1,1,50
90,24,8,2,0.25,1,0,50
90,25,8,1,0.125,1,1,50
90,26,8,6,0.75,1,1,50
90,27,8,1,0.125,1,0,50
90,28,8,4,0.5,1,1,50
90,29,8,1,0.125,1,1,50
90,30,8,2,0.25,1,0,50
90,31,8,4,0.5,1,0,50
90,32,8,2,0.25,1,1,50
90,33,8,2,0.25,1,0,50
90,34,8,7,0.875,1,1,50
90,35,8,1,0.125,1,0,50
90,36,8,3,0.375,1,1,50
90,37,8,1,0.125,1,0,50
90,38,8,6,0.75,1,1,50
90,39,8,2,0.25,1,0,50
90,40,8,1,0.125,1,0,50
90,41,8,0,0.0,1,0,50
90,42,8,1,0.125,1,0,50
90,43,8,3,0.375,1,0,50
90,44,8,6,0.75,1,1,50
90,45,8,1,0.125,1,0,50
90,46,8,1,0.125,1,0,50
90,47,8,3,0.375,1,1,50
90,48,8,2,0.25,1,0,50
90,49,8,4,0.5,1,0,50
90,50,8,6,0.75,1,1,50
90,51,8,8,1.0,1,1,50
90,52,8,3,0.375,1,0,50
90,53,8,3,0.375,1,1,50
90,54,8,4,0.5,1,1,50
90,55,8,2,0.25,1,0,50
90,56,8,0,0.0,1,1,50
90,57,8,7,0.875,1,1,50
90,58,8,7,0.875,1,1,50
90,59,8,2,0.25,1,0,50
90,60,8,4,0.5,1,0,50
90,61,8,7,0.875,1,1,50
90,62,8,7,0.875,1,1,50
90,63,8,5,0.625,1,1,50
90,64,8,4,0.5,1,0,50
90,65,8,4,0.5,1,1,50
90,66,8,3,0.375,1,0,50
90,67,8,1,0.125,1,1,50
90,68,8,2,0.25,1,0,50
90,69,8,3,0.375,1,0,50
90,70,8,2,0.25,1,0,50
90,71,8,3,0.375,1,0,50
90,72,8,3,0.375,1,1,50
90,73,8,4,0.5,1,0,50
90,74,8,4,0.5,1,1,50
90,75,8,1,0.125,1,0,50
90,76,8,3,0.375,1,1,50
90,77,8,2,0.25,1,0,50
90,78,8,2,0.25,1,0,50
90,79,8,2,0.25,1,0,50
90,80,8,3,0.375,1,0,50
90,81,8,3,0.375,1,1,50
90,82,8,1,0.125,1,0,50
90,83,8,2,0.25,1,0,50
90,84,8,2,0.25,1,0,50
90,85,8,4,0.5,1,1,50
90,86,8,4,0.5,1,1,50
90,87,8,1,0.125,1,0,50
90,88,8,2,0.25,1,1,50
90,89,8,2,0.25,1,0,50
90,90,8,1,0.125,1,0,50
90,91,8,0,0.0,1,1,50
90,92,8,8,1.0,1,1,50
90,93,8,5,0.625,1,1,50
90,94,8,6,0.75,1,1,50
90,95,8,3,0.375,1,0,50
90,96,8,4,0.5,1,1,50
90,97,8,5,0.625,1,1,50
90,98,8,2,0.25,1,0,50
90,99,8,1,0.125,1,0,50
91,0,8,2,0.25,1,0,50
91,1,8,8,1.0,1,1,50
91,2,8,1,0.125,1,1,50
91,3,8,3,0.375,1,0,50
91,4,8,6,0.75,1,1,50
91,5,8,1,0.125,1,0,50
91,6,8,0,0.0,1,0,50
91,7,8,2,0.25,1,1,50
91,8,8,2,0.25,1,0,50
91,9,8,0,0.0,1,0,50
91,10,8,2,0.25,1,1,50
91,11,8,6,0.75,1,1,50
91,12,8,8,1.0,1,1,50
91,13,8,8,1.0,1,1,50
91,14,8,1,0.125,1,1,50
91,15,8,2,0.25,1,1,50
91,16,8,3,0.375,1,0,50
91,17,8,7,0.875,1,1,50
91,18,8,5,0.625,1,1,50
91,19,8,4,0.5,1,0,50
91,20,8,8,1.0,1,1,50
91,21,8,1,0.125,1,0,50
91,22,8,0,0.0,1,1,50
91,23,8,3,0.375,1,1,50
91,24,8,2,0.25,1,0,50
91,25,8,4,0.5,1,1,50
91,26,8,1,0.125,1,0,50
91,27,8,3,0.375,1,0,50
91,28,8,2,0.25,1,1,50
91,29,8,8,1.0,1,1,50
91,30,8,3,0.375,1,1,50
91,31,8,5,0.625,1,1,50
91,32,8,3,0.375,1,1,50
91,33,8,2,0.25,1,0,50
91,34,8,5,0.625,1,1,50
91,35,8,2,0.25,1,0,50
91,36,8,1,0.125,1,1,50
91,37,8,3,0.375,1,1,50
91,38,8,1,0.125,1,1,50
91,39,8,1,0.125,1,1,50
91,40,8,2,0.25,1,1,50
91,41,8,5,0.625,1,1,50
91,42,8,3,0.375,1,1,50
91,43,8,0,0.0,1,1,50
91,44,8,4,0.5,1,0,50
91,45,8,3,0.375,1,1,50
91,46,8,3,0.375,1,1,50
91,47,8,4,0.5,1,1,50
91,48,8,1,0.125,1,1,50
91,49,8,8,1.0,1,1,50
91,50,8,8,1.0,1,1,50
91,51,8,6,0.75,1,1,50
91,52,8,4,0.5,1,0,50
91,53,8,6,0.75,1,1,50
91,54,8,1,0.125,1,0,50
91,55,8,1,0.125,1,0,50
91,56,8,2,0.25,1,0,50
91,57,8,6,0.75,1,1,50
91,58,8,4,0.5,1,1,50
91,59,8,3,0.375,1,1,50
91,60,8,5,0.625,1,0,50
91,61,8,3,0.375,1,0,50
91,62,8,1,0.125,1,0,50
91,63,8,7,0.875,1,1,50
91,64,8,5,0.625,1,1,50
91,65,8,4,0.5,1,0,50
91,66,8,2,0.25,1,0,50
91,67,8,2,0.25,1,0,50
91,68,8,1,0.125,1,0,50
91,69,8,1,0.125,1,0,50
91,70,8,1,0.125,1,0,50
91,71,8,1,0.125,1,0,50
91,72,8,3,0.375,1,0,50
91,73,8,2,0.25,1,0,50
91,74,8,1,0.125,1,0,50
91,75,8,2,0.25,1,0,50
91,76,8,3,0.375,1,0,50
91,77,8,5,0.625,1,1,50
91,78,8,2,0.25,1,0,50
91,79,8,5,0.625,1,0,50
91,80,8,4,0.5,1,0,50
91,81,8,1,0.125,1,0,50
91,82,8,4,0.5,1,0,50
91,83,8,2,0.25,1,0,50
91,84,8,3,0.375,1,0,50
91,85,8,2,0.25,1,0,50
91,86,8,4,0.5,1,0,50
91,87,8,0,0.0,1,1,50
91,88,8,4,0.5,1,1,50
91,89,8,3,0.375,1,0,50
91,90,8,8,1.0,1,1,50
91,91,8,7,0.875,1,1,50
91,92,8,4,0.5,1,0,50
91,93,8,1,0.125,1,0,50
91,94,8,2,0.25,1,0,50
91,95,8,3,0.375,1,1,50
91,96,8,3,0.375,1,0,50
91,97,8,2,0.25,1,0,50
91,98,8,8,1.0,1,1,50
91,99,8,2,0.25,1,0,50
92,0,8,3,0.375,1,1,50
92,1,8,4,0.5,1,0,50
92,2,8,7,0.875,1,1,50
92,3,8,8,1.0,1,1,50
92,4,8,6,0.75,1,1,50
92,5,8,4,0.5,1,0,50
92,6,8,2,0.25,1,0,50
92,7,8,4,0.5,1,0,50
92,8,8,8,1.0,1,1,50
92,9,8,2,0.25,1,1,50
92,10,8,5,0.625,1,1,50
92,11,8,1,0.125,1,0,50
92,12,8,1,0.125,1,1,50
92,13,8,6,0.75,1,1,50
92,14,8,2,0.25,1,0,50
92,15,8,8,1.0,1,1,50
92,16,8,4,0.5,1,0,50
92,17,8,1,0.125,1,1,50
92,18,8,2,0.25,1,0,50
92,19,8,3,0.375,1,0,50
92,20,8,5,0.625,1,1,50
92,21,8,0,0.0,1,0,50
92,22,8,0,0.0,1,1,50
92,23,8,4,0.5,1,1,50
92,24,8,2,0.25,1,1,50
92,25,8,1,0.125,1,0,50
92,26,8,2,0.25,1,0,50
92,27,8,0,0.0,1,1,50
92,28,8,3,0.375,1,1,50
92,29,8,7,0.875,1,1,50
92,30,8,4,0.5,1,1,50
92,31,8,0,0.0,1,1,50
92,32,8,1,0.125,1,0,50
92,33,8,1,0.125,1,0,50
92,34,8,3,0.375,1,0,50
92,35,8,1,0.125,1,1,50
92,36,8,8,1.0,1,1,50
92,37,8,2,0.25,1,1,50
92,38,8,3,0.375,1,1,50
92,39,8,4,0.5,1,0,50
92,40,8,5,0.625,1,1,50
92,41,8,8,1.0,1,1,50
92,42,8,0,0.0,1,1,50
92,43,8,4,0.5,1,1,50
92,44,8,1,0.125,1,1,50
92,45,8,1,0.125,1,0,50
92,46,8,5,0.625,1,1,50
92,47,8,2,0.25,1,1,50
92,48,8,2,0.25,1,0,50
92,49,8,1,0.125,1,1,50
92,50,8,2,0.25,1,0,50
92,51,8,2,0.25,1,0,50
92,52,8,4,0.5,1,1,50
92,53,8,4,0.5,1,0,50
92,54,8,0,0.0,1,1,50
92,55,8,3,0.375,1,0,50
92,56,8,3,0.375,1,1,50
92,57,8,1,0.125,1,0,50
92,58,8,7,0.875,1,1,50
92,59,8,3,0.375,1,1,50
92,60,8,2,0.25,1,0,50
92,61,8,0,0.0,1,1,50
92,62,8,2,0.25,1,0,50
92,63,8,2,0.25,1,0,50
92,64,8,4,0.5,1,0,50
92,65,8,2,0.25,1,0,50
92,66,8,8,1.0,1,1,50
92,67,8,8,1.0,1,1,50
92,68,8,1,0.125,1,0,50
92,69,8,2,0.25,1,0,50
92,70,8,6,0.75,1,1,50
92,71,8,1,0.125,1,1,50
92,72,8,2,0.25,1,0,50
92,73,8,3,0.375,1,1,50
92,74,8,0,0.0,1,1,50
92,75,8,1,0.125,1,1,50
92,76,8,1,0.125,1,0,50
92,77,8,2,0.25,1,1,50
92,78,8,3,0.375,1,0,50
92,79,8,3,0.375,1,0,50
92,80,8,1,0.125,1,0,50
92,81,8,4,0.5,1,0,50
92,82,8,5,0.625,1,1,50
92,83,8,1,0.125,1,0,50
92,84,8,3,0.375,1,0,50
92,85,8,3,0.375,1,1,50
92,86,8,2,0.25,1,0,50
92,87,8,2,0.25,1,0,50
92,88,8,2,0.25,1,1,50
92,89,8,0,0.0,1,0,50
92,90,8,6,0.75,1,1,50
92,91,8,2,0.25,1,0,50
92,92,8,4,0.5,1,0,50
92,93,8,2,0.25,1,1,50
92,94,8,4,0.5,1,0,50
92,95,8,2,0.25,1,1,50
92,96,8,4,0.5,1,1,50
92,97,8,3,0.375,1,0,50
92,98,8,2,0.25,1,0,50
92,99,8,7,0.875,1,1,50
93,0,8,4,0.5,1,1,50
93,1,8,2,0.25,1,1,50
93,2,8,0,0.0,1,0,50
93,3,8,4,0.5,1,1,50
93,4,8,0,0.0,1,1,50
93,5,8,0,0.0,1,1,50
93,6,8,2,0.25,1,0,50
93,7,8,6,0.75,1,1,50
93,8,8,3,0.375,1,1,50
93,9,8,7,0.875,1,1,50
93,10,8,0,0.0,1,1,50
93,11,8,1,0.125,1,1,50
93,12,8,3,0.375,1,0,50
93,13,8,3,0.375,1,0,50
93,14,8,3,0.375,1,0,50
93,15,8,1,0.125,1,0,50
93,16,8,7,0.875,1,1,50
93,17,8,7,0.875,1,1,50
93,18,8,3,0.375,1,0,50
93,19,8,3,0.375,1,1,50
93,20,8,6,0.75,1,1,50
93,21,8,5,0.625,1,1,50
93,22,8,3,0.375,1,0,50
93,23,8,1,0.125,1,0,50
93,24,8,4,0.5,1,1,50
93,25,8,3,0.375,1,0,50
93,26,8,0,0.0,1,1,50
93,27,8,8,1.0,1,1,50
93,28,8,1,0.125,1,1,50
93,29,8,4,0.5,1,1,50
93,30,8,8,1.0,1,1,50
93,31,8,2,0.25,1,0,50
93,32,8,1,0.125,1,1,50
93,33,8,2,0.25,1,1,50
93,34,8,2,0.25,1,1,50
93,35,8,0,0.0,1,1,50
93,36,8,0,0.0,1,1,50
93,37,8,4,0.5,1,0,50
93,38,8,7,0.875,1,1,50
93,39,8,3,0.375,1,1,50
93,40,8,2,0.25,1,0,50
93,41,8,4,0.5,1,1,50
93,42,8,2,0.25,1,0,50
93,43,8,3,0.375,1,0,50
93,44,8,1,0.125,1,0,50
93,45,8,5,0.625,1,0,50
93,46,8,1,0.125,1,0,50
93,47,8,4,0.5,1,0,50
93,48,8,8,1.0,1,1,50
93,49,8,7,0.875,1,1,50
93,50,8,2,0.25,1,0,50
93,51,8,3,0.375,1,0,50
93,52,8,7,0.875,1,1,50
93,53,8,8,1.0,1,1,50
93,54,8,0,0.0,1,1,50
93,55,8,8,1.0,1,1,50
93,56,8,6,0.75,1,1,50
93,57,8,1,0.125,1,0,50
93,58,8,4,0.5,1,1,50
93,59,8,2,0.25,1,0,50
93,60,8,0,0.0,1,0,50
93,61,8,1,0.125,1,0,50
93,62,8,8,1.0,1,1,50
93,63,8,5,0.625,1,1,50
93,64,8,3,0.375,1,1,50
93,65,8,2,0.25,1,0,50
93,66,8,3,0.375,1,0,50
93,67,8,3,0.375,1,0,50
93,68,8,4,0.5,1,1,50
93,69,8,8,1.0,1,1,50
93,70,8,3,0.375,1,1,50
93,71,8,3,0.375,1,0,50
93,72,8,1,0.125,1,0,50
93,73,8,8,1.0,1,1,50
93,74,8,3,0.375,1,0,50
93,75,8,2,0.25,1,0,50
93,76,8,2,0.25,1,0,50
93,77,8,2,0.25,1,0,50
93,78,8,7,0.875,1,1,50
93,79,8,1,0.125,1,0,50
93,80,8,6,0.75,1,1,50
93,81,8,8,1.0,1,1,50
93,82,8,5,0.625,1,1,50
93,83,8,1,0.125,1,0,50
93,84,8,4,0.5,1,1,50
93,85,8,4,0.5,1,0,50
93,86,8,8,1.0,1,1,50
93,87,8,2,0.25,1,0,50
93,88,8,2,0.25,1,1,50
93,89,8,7,0.875,1,1,50
93,90,8,2,0.25,1,0,50
93,91,8,1,0.125,1,0,50
93,92,8,8,1.0,1,1,50
93,93,8,1,0.125,1,0,50
93,94,8,6,0.75,1,1,50
93,95,8,1,0.125,1,0,50
93,96,8,4,0.5,1,0,50
93,97,8,7,0.875,1,1,50
93,98,8,1,0.125,1,1,50
93,99,8,2,0.25,1,0,50
94,0,8,1,0.125,1,0,50
94,1,8,4,0.5,1,0,50
94,2,8,4,0.5,1,1,50
94,3,8,2,0.25,1,1,50
94,4,8,0,0.0,1,0,50
94,5,8,1,0.125,1,0,50
94,6,8,0,0.0,1,0,50
94,7,8,2,0.25,1,1,50
94,8,8,4,0.5,1,1,50
94,9,8,6,0.75,1,1,50
94,10,8,3,0.375,1,0,50
94,11,8,7,0.875,1,1,50
94,12,8,0,0.0,1,0,50
94,13,8,0,0.0,1,1,50
94,14,8,2,0.25,1,0,50
94,15,8,2,0.25,1,0,50
94,16,8,0,0.0,1,1,50
94,17,8,2,0.25,1,0,50
94,18,8,3,0.375,1,0,50
94,19,8,6,0.75,1,1,50
94,20,8,7,0.875,1,1,50
94,21,8,3,0.375,1,0,50
94,22,8,6,0.75,1,1,50
94,23,8,1,0.125,1,0,50
94,24,8,2,0.25,1,0,50
94,25,8,1,0.125,1,0,50
94,26,8,3,0.375,1,1,50
94,27,8,2,0.25,1,0,50
94,28,8,7,0.875,1,1,50
94,29,8,6,0.75,1,1,50
94,30,8,0,0.0,1,0,50
94,31,8,8,1.0,1,1,50
94,32,8,0,0.0,1,1,50
94,33,8,5,0.625,1,1,50
94,34,8,6,0.75,1,1,50
94,35,8,5,0.625,1,0,50
94,36,8,5,0.625,1,0,50
94,37,8,3,0.375,1,0,50
94,38,8,2,0.25,1,0,50
94,39,8,0,0.0,1,0,50
94,40,8,3,0.375,1,0,50
94,41,8,1,0.125,1,1,50
94,42,8,4,0.5,1,0,50
94,43,8,6,0.75,1,1,50
94,44,8,4,0.5,1,1,50
94,45,8,0,0.0,1,1,50
94,46,8,7,0.875,1,1,50
94,47,8,1,0.125,1,0,50
94,48,8,1,0.125,1,0,50
94,49,8,0,0.0,1,1,50
94,50,8,2,0.25,1,0,50
94,51,8,2,0.25,1,0,50
94,52,8,2,0.25,1,1,50
94,53,8,3,0.375,1,1,50
94,54,8,1,0.125,1,0,50
94,55,8,3,0.375,1,0,50
94,56,8,2,0.25,1,0,50
94,57,8,8,1.0,1,1,50
94,58,8,0,0.0,1,0,50
94,59,8,3,0.375,1,0,50
94,60,8,5,0.625,1,1,50
94,61,8,8,1.0,1,1,50
94,62,8,3,0.375,1,1,50
94,63,8,4,0.5,1,1,50
94,64,8,1,0.125,1,0,50
94,65,8,0,0.0,1,1,50
94,66,8,0,0.0,1,0,50
94,67,8,1,0.125,1,1,50
94,68,8,6,0.75,1,1,50
94,69,8,1,0.125,1,0,50
94,70,8,4,0.5,1,0,50
94,71,8,4,0.5,1,1,50
94,72,8,3,0.375,1,1,50
94,73,8,1,0.125,1,0,50
94,74,8,3,0.375,1,0,50
94,75,8,1,0.125,1,1,50
94,76,8,0,0.0,1,0,50
94,77,8,2,0.25,1,0,50
94,78,8,3,0.375,1,0,50
94,79,8,2,0.25,1,0,50
94,80,8,1,0.125,1,1,50
94,81,8,0,0.0,1,0,50
94,82,8,0,0.0,1,1,50
94,83,8,2,0.25,1,1,50
94,84,8,7,0.875,1,1,50
94,85,8,2,0.25,1,1,50
94,86,8,1,0.125,1,1,50
94,87,8,3,0.375,1,0,50
94,88,8,3,0.375,1,0,50
94,89,8,3,0.375,1,1,50
94,90,8,1,0.125,1,0,50
94,91,8,4,0.5,1,0,50
94,92,8,2,0.25,1,1,50
94,93,8,2,0.25,1,1,50
94,94,8,7,0.875,1,1,50
94,95,8,7,0.875,1,1,50
94,96,8,6,0.75,1,1,50
94,97,8,7,0.875,1,1,50
94,98,8,6,0.75,1,1,50
94,99,8,4,0.5,1,1,50
95,0,8,1,0.125,1,0,50
95,1,8,6,0.75,1,0,50
95,2,8,1,0.125,1,1,50
95,3,8,3,0.375,1,1,50
95,4,8,6,0.75,1,1,50
95,5,8,2,0.25,1,0,50
95,6,8,3,0.375,1,0,50
95,7,8,2,0.25,1,0,50
95,8,8,1,0.125,1,0,50
95,9,8,2,0.25,1,0,50
95,10,8,3,0.375,1,0,50
95,11,8,1,0.125,1,0,50
95,12,8,6,0.75,1,1,50
95,13,8,1,0.125,1,1,50
95,14,8,6,0.75,1,1,50
95,15,8,7,0.875,1,1,50
95,16,8,0,0.0,1,1,50
95,17,8,5,0.625,1,1,50
95,18,8,4,0.5,1,1,50
95,19,8,2,0.25,1,0,50
95,20,8,0,0.0,1,1,50
95,21,8,2,0.25,1,1,50
95,22,8,1,0.125,1,0,50
95,23,8,0,0.0,1,0,50
95,24,8,8,1.0,1,1,50
95,25,8,8,1.0,1,1,50
95,26,8,2,0.25,1,0,50
95,27,8,6,0.75,1,1,50
95,28,8,1,0.125,1,0,50
95,29,8,0,0.0,1,0,50
95,30,8,2,0.25,1,0,50
95,31,8,0,0.0,1,0,50
95,32,8,1,0.125,1,0,50
95,33,8,3,0.375,1,0,50
95,34,8,1,0.125,1,1,50
95,35,8,3,0.375,1,0,50
95,36,8,4,0.5,1,0,50
95,37,8,1,0.125,1,0,50
95,38,8,1,0.125,1,1,50
95,39,8,2,0.25,1,0,50
95,40,8,3,0.375,1,1,50
95,41,8,4,0.5,1,0,50
95,42,8,2,0.25,1,0,50
95,43,8,1,0.125,1,0,50
95,44,8,1,0.125,1,0,50
95,45,8,1,0.125,1,0,50
95,46,8,7,0.875,1,1,50
95,47,8,8,1.0,1,1,50
95,48,8,2,0.25,1,0,50
95,49,8,5,0.625,1,0,50
95,50,8,2,0.25,1,0,50
95,51,8,6,0.75,1,1,50
95,52,8,1,0.125,1,1,50
95,53,8,1,0.125,1,0,50
95,54,8,2,0.25,1,0,50
95,55,8,1,0.125,1,0,50
95,56,8,2,0.25,1,0,50
95,57,8,0,0.0,1,0,50
95,58,8,2,0.25,1,0,50
95,59,8,2,0.25,1,0,50
95,60,8,1,0.125,1,0,50
95,61,8,4,0.5,1,1,50
95,62,8,2,0.25,1,0,50
95,63,8,6,0.75,1,1,50
95,64,8,2,0.25,1,1,50
95,65,8,1,0.125,1,1,50
95,66,8,1,0.125,1,0,50
95,67,8,1,0.125,1,0,50
95,68,8,2,0.25,1,0,50
95,69,8,6,0.75,1,1,50
95,70,8,5,0.625,1,1,50
95,71,8,3,0.375,1,0,50
95,72,8,2,0.25,1,0,50
95,73,8,1,0.125,1,0,50
95,74,8,2,0.25,1,0,50
95,75,8,1,0.125,1,0,50
95,76,8,7,0.875,1,1,50
95,77,8,0,0.0,1,1,50
95,78,8,5,0.625,1,1,50
95,79,8,4,0.5,1,0,50
95,80,8,2,0.25,1,0,50
95,81,8,3,0.375,1,1,50
95,82,8,2,0.25,1,1,50
95,83,8,4,0.5,1,0,50
95,84,8,1,0.125,1,1,50
95,85,8,4,0.5,1,1,50
95,86,8,7,0.875,1,1,50
95,87,8,6,0.75,1,1,50
95,88,8,8,1.0,1,1,50
95,89,8,5,0.625,1,1,50
95,90,8,0,0.0,1,0,50
95,91,8,2,0.25,1,0,50
95,92,8,3,0.375,1,1,50
95,93,8,4,0.5,1,1,50
95,94,8,2,0.25,1,0,50
95,95,8,4,0.5,1,1,50
95,96,8,3,0.375,1,0,50
95,97,8,4,0.5,1,1,50
95,98,8,0,0.0,1,0,50
95,99,8,3,0.375,1,1,50
96,0,8,4,0.5,1,0,50
96,1,8,3,0.375,1,0,50
96,2,8,0,0.0,1,0,50
96,3,8,4,0.5,1,1,50
96,4,8,2,0.25,1,0,50
96,5,8,2,0.25,1,0,50
96,6,8,0,0.0,1,1,50
96,7,8,8,1.0,1,1,50
96,8,8,1,0.125,1,1,50
96,9,8,8,1.0,1,1,50
96,10,8,0,0.0,1,1,50
96,11,8,0,0.0,1,1,50
96,12,8,5,0.625,1,1,50
96,13,8,1,0.125,1,1,50
96,14,8,8,1.0,1,1,50
96,15,8,3,0.375,1,1,50
96,16,8,6,0.75,1,1,50
96,17,8,2,0.25,1,0,50
96,18,8,7,0.875,1,1,50
96,19,8,3,0.375,1,0,50
96,20,8,3,0.375,1,1,50
96,21,8,4,0.5,1,0,50
96,22,8,3,0.375,1,1,50
96,23,8,0,0.0,1,1,50
96,24,8,7,0.875,1,1,50
96,25,8,7,0.875,1,1,50
96,26,8,4,0.5,1,1,50
96,27,8,2,0.25,1,0,50
96,28,8,3,0.375,1,0,50
96,29,8,8,1.0,1,1,50
96,30,8,1,0.125,1,1,50
96,31,8,5,0.625,1,1,50
96,32,8,3,0.375,1,0,50
96,33,8,8,1.0,1,1,50
96,34,8,3,0.375,1,0,50
96,35,8,6,0.75,1,1,50
96,36,8,2,0.25,1,0,50
96,37,8,2,0.25,1,0,50
96,38,8,3,0.375,1,0,50
96,39,8,0,0.0,1,1,50
96,40,8,3,0.375,1,1,50
96,41,8,2,0.25,1,0,50
96,42,8,4,0.5,1,1,50
96,43,8,5,0.625,1,1,50
96,44,8,3,0.375,1,0,50
96,45,8,2,0.25,1,0,50
96,46,8,4,0.5,1,0,50
96,47,8,5,0.625,1,1,50
96,48,8,0,0.0,1,1,50
96,49,8,1,0.125,1,0,50
96,50,8,1,0.125,1,0,50
96,51,8,6,0.75,1,1,50
96,52,8,8,1.0,1,1,50
96,53,8,1,0.125,1,0,50
96,54,8,5,0.625,1,0,50
96,55,8,2,0.25,1,1,50
96,56,8,2,0.25,1,1,50
96,57,8,1,0.125,1,0,50
96,58,8,0,0.0,1,1,50
96,59,8,1,0.125,1,1,50
96,60,8,2,0.25,1,1,50
96,61,8,3,0.375,1,0,50
96,62,8,3,0.375,1,0,50
96,63,8,8,1.0,1,1,50
96,64,8,1,0.125,1,0,50
96,65,8,0,0.0,1,0,50
96,66,8,1,0.125,1,0,50
96,67,8,0,0.0,1,0,50
96,68,8,4,0.5,1,0,50
96,69,8,2,0.25,1,0,50
96,70,8,1,0.125,1,1,50
96,71,8,6,0.75,1,1,50
96,72,8,0,0.0,1,0,50
96,73,8,1,0.125,1,0,50
96,74,8,6,0.75,1,1,50
96,75,8,7,0.875,1,1,50
96,76,8,4,0.5,1,1,50
96,77,8,2,0.25,1,0,50
96,78,8,0,0.0,1,1,50
96,79,8,1,0.125,1,1,50
96,80,8,2,0.25,1,0,50
96,81,8,2,0.25,1,0,50
96,82,8,0,0.0,1,0,50
96,83,8,6,0.75,1,1,50
96,84,8,0,0.0,1,0,50
96,85,8,2,0.25,1,1,50
96,86,8,2,0.25,1,0,50
96,87,8,2,0.25,1,0,50
96,88,8,3,0.375,1,1,50
96,89,8,2,0.25,1,1,50
96,90,8,1,0.125,1,0,50
96,91,8,5,0.625,1,1,50
96,92,8,3,0.375,1,0,50
96,93,8,0,0.0,1,1,50
96,94,8,1,0.125,1,0,50
96,95,8,2,0.25,1,0,50
96,96,8,8,1.0,1,1,50
96,97,8,1,0.125,1,0,50
96,98,8,3,0.375,1,0,50
96,99,8,1,0.125,1,1,50
97,0,8,5,0.625,1,1,50
97,1,8,1,0.125,1,0,50
97,2,8,1,0.125,1,0,50
97,3,8,2,0.25,1,1,50
97,4,8,3,0.375,1,1,50
97,5,8,6,0.75,1,1,50
97,6,8,2,0.25,1,0,50
97,7,8,5,0.625,1,1,50
97,8,8,8,1.0,1,1,50
97,9,8,3,0.375,1,0,50
97,10,8,7,0.875,1,1,50
97,11,8,2,0.25,1,0,50
97,12,8,6,0.75,1,1,50
97,13,8,7,0.875,1,1,50
97,14,8,2,0.25,1,1,50
97,15,8,3,0.375,1,0,50
97,16,8,6,0.75,1,1,50
97,17,8,8,1.0,1,1,50
97,18,8,2,0.25,1,0,50
97,19,8,0,0.0,1,1,50
97,20,8,6,0.75,1,1,50
97,21,8,8,1.0,1,1,50
97,22,8,3,0.375,1,0,50
97,23,8,3,0.375,1,1,50
97,24,8,3,0.375,1,0,50
97,25,8,5,0.625,1,0,50
97,26,8,1,0.125,1,0,50
97,27,8,6,0.75,1,1,50
97,28,8,2,0.25,1,0,50
97,29,8,2,0.25,1,0,50
97,30,8,1,0.125,1,1,50
97,31,8,3,0.375,1,1,50
97,32,8,3,0.375,1,1,50
97,33,8,3,0.375,1,0,50
97,34,8,1,0.125,1,0,50
97,35,8,3,0.375,1,0,50
97,36,8,3,0.375,1,0,50
97,37,8,2,0.25,1,0,50
97,38,8,0,0.0,1,0,50
97,39,8,2,0.25,1,0,50
97,40,8,6,0.75,1,1,50
97,41,8,3,0.375,1,1,50
97,42,8,4,0.5,1,0,50
97,43,8,0,0.0,1,1,50
97,44,8,2,0.25,1,0,50
97,45,8,3,0.375,1,0,50
97,46,8,1,0.125,1,0,50
97,47,8,1,0.125,1,0,50
97,48,8,1,0.125,1,0,50
97,49,8,1,0.125,1,0,50
97,50,8,2,0.25,1,0,50
97,51,8,1,0.125,1,0,50
97,52,8,1,0.125,1,0,50
97,53,8,1,0.125,1,1,50
97,54,8,0,0.0,1,0,50
97,55,8,1,0.125,1,0,50
97,56,8,0,0.0,1,0,50
97,57,8,2,0.25,1,0,50
97,58,8,3,0.375,1,0,50
97,59,8,4,0.5,1,1,50
97,60,8,7,0.875,1,1,50
97,61,8,2,0.25,1,1,50
97,62,8,1,0.125,1,1,50
97,63,8,3,0.375,1,0,50
97,64,8,1,0.125,1,1,50
97,65,8,0,0.0,1,1,50
97,66,8,0,0.0,1,0,50
97,67,8,3,0.375,1,0,50
97,68,8,4,0.5,1,1,50
97,69,8,3,0.375,1,1,50
97,70,8,0,0.0,1,0,50
97,71,8,0,0.0,1,0,50
97,72,8,2,0.25,1,0,50
97,73,8,2,0.25,1,0,50
97,74,8,3,0.375,1,0,50
97,75,8,5,0.625,1,0,50
97,76,8,3,0.375,1,0,50
97,77,8,4,0.5,1,1,50
97,78,8,0,0.0,1,1,50
97,79,8,3,0.375,1,1,50
97,80,8,5,0.625,1,1,50
97,81,8,5,0.625,1,1,50
97,82,8,3,0.375,1,0,50
97,83,8,7,0.875,1,1,50
97,84,8,0,0.0,1,0,50
97,85,8,3,0.375,1,1,50
97,86,8,1,0.125,1,1,50
97,87,8,2,0.25,1,0,50
97,88,8,4,0.5,1,1,50
97,89,8,5,0.625,1,0,50
97,90,8,2,0.25,1,0,50
97,91,8,1,0.125,1,1,50
97,92,8,2,0.25,1,1,50
97,93,8,2,0.25,1,0,50
97,94,8,2,0.25,1,0,50
97,95,8,4,0.5,1,1,50
97,96,8,2,0.25,1,0,50
97,97,8,1,0.125,1,1,50
97,98,8,3,0.375,1,1,50
97,99,8,5,0.625,1,1,50
98,0,8,2,0.25,1,1,50
98,1,8,8,1.0,1,1,50
98,2,8,1,0.125,1,0,50
98,3,8,3,0.375,1,0,50
98,4,8,2,0.25,1,0,50
98,5,8,1,0.125,1,1,50
98,6,8,2,0.25,1,0,50
98,7,8,5,0.625,1,1,50
98,8,8,2,0.25,1,0,50
98,9,8,2,0.25,1,0,50
98,10,8,2,0.25,1,0,50
98,11,8,1,0.125,1,0,50
98,12,8,6,0.75,1,1,50
98,13,8,0,0.0,1,1,50
98,14,8,2,0.25,1,0,50
98,15,8,1,0.125,1,1,50
98,16,8,5,0.625,1,1,50
98,17,8,4,0.5,1,0,50
98,18,8,1,0.125,1,0,50
98,19,8,2,0.25,1,0,50
98,20,8,0,0.0,1,0,50
98,21,8,7,0.875,1,1,50
98,22,8,1,0.125,1,1,50
98,23,8,2,0.25,1,0,50
98,24,8,3,0.375,1,0,50
98,25,8,7,0.875,1,1,50
98,26,8,0,0.0,1,1,50
98,27,8,2,0.25,1,0,50
98,28,8,4,0.5,1,0,50
98,29,8,1,0.125,1,0,50
98,30,8,4,0.5,1,1,50
98,31,8,5,0.625,1,1,50
98,32,8,4,0.5,1,0,50
98,33,8,5,0.625,1,1,50
98,34,8,2,0.25,1,0,50
98,35,8,1,0.125,1,1,50
98,36,8,5,0.625,1,1,50
98,37,8,1,0.125,1,0,50
98,38,8,0,0.0,1,1,50
98,39,8,0,0.0,1,1,50
98,40,8,2,0.25,1,0,50
98,41,8,4,0.5,1,0,50
98,42,8,4,0.5,1,1,50
98,43,8,2,0.25,1,0,50
98,44,8,3,0.375,1,0,50
98,45,8,1,0.125,1,0,50
98,46,8,0,0.0,1,1,50
98,47,8,6,0.75,1,1,50
98,48,8,5,0.625,1,0,50
98,49,8,1,0.125,1,0,50
98,50,8,5,0.625,1,1,50
98,51,8,0,0.0,1,1,50
98,52,8,2,0.25,1,0,50
98,53,8,0,0.0,1,1,50
98,54,8,4,0.5,1,1,50
98,55,8,3,0.375,1,0,50
98,56,8,0,0.0,1,0,50
98,57,8,7,0.875,1,1,50
98,58,8,4,0.5,1,1,50
98,59,8,3,0.375,1,0,50
98,60,8,1,0.125,1,0,50
98,61,8,5,0.625,1,1,50
98,62,8,4,0.5,1,1,50
98,63,8,5,0.625,1,1,50
98,64,8,7,0.875,1,1,50
98,65,8,8,1.0,1,1,50
98,66,8,1,0.125,1,0,50
98,67,8,2,0.25,1,0,50
98,68,8,5,0.625,1,1,50
98,69,8,4,0.5,1,1,50
98,70,8,3,0.375,1,1,50
98,71,8,2,0.25,1,0,50
98,72,8,1,0.125,1,0,50
98,73,8,4,0.5,1,1,50
98,74,8,0,0.0,1,1,50
98,75,8,2,0.25,1,0,50
98,76,8,1,0.125,1,0,50
98,77,8,8,1.0,1,1,50
98,78,8,3,0.375,1,1,50
98,79,8,6,0.75,1,1,50
98,80,8,2,0.25,1,0,50
98,81,8,3,0.375,1,0,50
98,82,8,1,0.125,1,0,50
98,83,8,1,0.125,1,1,50
98,84,8,1,0.125,1,0,50
98,85,8,1,0.125,1,0,50
98,86,8,8,1.0,1,1,50
98,87,8,8,1.0,1,1,50
98,88,8,1,0.125,1,1,50
98,89,8,1,0.125,1,1,50
98,90,8,1,0.125,1,1,50
98,91,8,1,0.125,1,0,50
98,92,8,4,0.5,1,0,50
98,93,8,1,0.125,1,0,50
98,94,8,4,0.5,1,1,50
98,95,8,2,0.25,1,0,50
98,96,8,2,0.25,1,0,50
98,97,8,8,1.0,1,1,50
98,98,8,1,0.125,1,0,50
98,99,8,0,0.0,1,1,50
99,0,8,4,0.5,1,0,50
99,1,8,5,0.625,1,1,50
99,2,8,5,0.625,1,1,50
99,3,8,6,0.75,1,1,50
99,4,8,2,0.25,1,0,50
99,5,8,0,0.0,1,1,50
99,6,8,5,0.625,1,1,50
99,7,8,4,0.5,1,1,50
99,8,8,4,0.5,1,1,50
99,9,8,2,0.25,1,0,50
99,10,8,3,0.375,1,0,50
99,11,8,1,0.125,1,0,50
99,12,8,7,0.875,1,1,50
99,13,8,5,0.625,1,1,50
99,14,8,1,0.125,1,1,50
99,15,8,7,0.875,1,1,50
99,16,8,7,0.875,1,1,50
99,17,8,2,0.25,1,0,50
99,18,8,5,0.625,1,1,50
99,19,8,1,0.125,1,0,50
99,20,8,2,0.25,1,1,50
99,21,8,1,0.125,1,0,50
99,22,8,3,0.375,1,0,50
99,23,8,0,0.0,1,0,50
99,24,8,3,0.375,1,0,50
99,25,8,3,0.375,1,0,50
99,26,8,3,0.375,1,0,50
99,27,8,6,0.75,1,1,50
99,28,8,8,1.0,1,1,50
99,29,8,3,0.375,1,0,50
99,30,8,2,0.25,1,0,50
99,31,8,8,1.0,1,1,50
99,32,8,4,0.5,1,1,50
99,33,8,6,0.75,1,1,50
99,34,8,5,0.625,1,1,50
99,35,8,2,0.25,1,0,50
99,36,8,2,0.25,1,1,50
99,37,8,1,0.125,1,1,50
99,38,8,0,0.0,1,0,50
99,39,8,3,0.375,1,0,50
99,40,8,1,0.125,1,1,50
99,41,8,3,0.375,1,0,50
99,42,8,2,0.25,1,0,50
99,43,8,3,0.375,1,1,50
99,44,8,1,0.125,1,0,50
99,45,8,2,0.25,1,1,50
99,46,8,1,0.125,1,1,50
99,47,8,1,0.125,1,0,50
99,48,8,5,0.625,1,1,50
99,49,8,3,0.375,1,0,50
99,50,8,8,1.0,1,1,50
99,51,8,3,0.375,1,1,50
99,52,8,3,0.375,1,0,50
99,53,8,2,0.25,1,0,50
99,54,8,0,0.0,1,0,50
99,55,8,5,0.625,1,1,50
99,56,8,5,0.625,1,1,50
99,57,8,5,0.625,1,1,50
99,58,8,4,0.5,1,0,50
99,59,8,5,0.625,1,1,50
99,60,8,3,0.375,1,1,50
99,61,8,0,0.0,1,0,50
99,62,8,1,0.125,1,0,50
99,63,8,2,0.25,1,0,50
99,64,8,2,0.25,1,0,50
99,65,8,1,0.125,1,0,50
99,66,8,3,0.375,1,0,50
99,67,8,0,0.0,1,0,50
99,68,8,4,0.5,1,0,50
99,69,8,3,0.375,1,1,50
99,70,8,8,1.0,1,1,50
99,71,8,2,0.25,1,0,50
99,72,8,7,0.875,1,1,50
99,73,8,5,0.625,1,1,50
99,74,8,5,0.625,1,1,50
99,75,8,4,0.5,1,1,50
99,76,8,3,0.375,1,0,50
99,77,8,0,0.0,1,1,50
99,78,8,4,0.5,1,0,50
99,79,8,2,0.25,1,0,50
99,80,8,2,0.25,1,0,50
99,81,8,3,0.375,1,1,50
99,82,8,2,0.25,1,0,50
99,83,8,4,0.5,1,1,50
99,84,8,3,0.375,1,0,50
99,85,8,7,0.875,1,1,50
99,86,8,1,0.125,1,0,50
99,87,8,7,0.875,1,1,50
99,88,8,2,0.25,1,0,50
99,89,8,7,0.875,1,1,50
99,90,8,2,0.25,1,0,50
99,91,8,8,1.0,1,1,50
99,92,8,3,0.375,1,1,50
99,93,8,7,0.875,1,1,50
99,94,8,5,0.625,1,1,50
99,95,8,6,0.75,1,1,50
99,96,8,2,0.25,1,0,50
99,97,8,2,0.25,1,0,50
99,98,8,1,0.125,1,0,50
99,99,8,2,0.25,1,0,50
