model,approach,poison_pct,accuracy,auc,seconds,roc_fpr,roc_tpr,approach_name
Random Forest,A,10,1.0,1.0,0.3139760494232178,"[0.0, 0.0, 0.0, 1.0]","[0.0, 0.99975, 1.0, 1.0]",A (Random Resample)
Gradient Boosting,A,10,1.0,1.0,3.3143818378448486,"[0.0, 0.0, 1.0]","[0.0, 1.0, 1.0]",A (Random Resample)
Logistic Regression,A,10,1.0,1.0,0.032530784606933594,"[0.0, 0.0, 0.0, 1.0]","[0.0, 0.00025, 1.0, 1.0]",A (Random Resample)
SVM,A,10,1.0,1.0,0.13906240463256836,"[0.0, 0.0, 0.0, 1.0]","[0.0, 0.00025, 1.0, 1.0]",A (Random Resample)
KNN,A,10,1.0,1.0,0.3183770179748535,"[0.0, 0.0, 1.0]","[0.0, 1.0, 1.0]",A (Random Resample)
Neural Network,A,10,1.0,1.0,0.4912900924682617,"[0.0, 0.0, 0.0, 1.0]","[0.0, 0.00025, 1.0, 1.0]",A (Random Resample)
Random Forest,A,20,1.0,1.0,0.30709052085876465,"[0.0, 0.0, 1.0]","[0.0, 1.0, 1.0]",A (Random Resample)
Gradient Boosting,A,20,1.0,1.0,3.250906229019165,"[0.0, 0.0, 1.0]","[0.0, 1.0, 1.0]",A (Random Resample)
Logistic Regression,A,20,1.0,1.0,0.023292064666748047,"[0.0, 0.0, 0.0, 1.0]","[0.0, 0.00025, 1.0, 1.0]",A (Random Resample)
SVM,A,20,1.0,1.0,0.09717154502868652,"[0.0, 0.0, 0.0, 1.0]","[0.0, 0.00025, 1.0, 1.0]",A (Random Resample)
KNN,A,20,1.0,1.0,0.43454861640930176,"[0.0, 0.0, 1.0]","[0.0, 1.0, 1.0]",A (Random Resample)
Neural Network,A,20,1.0,1.0,0.477189302444458,"[0.0, 0.0, 0.0, 1.0]","[0.0, 0.00025, 1.0, 1.0]",A (Random Resample)
Random Forest,A,30,1.0,1.0,0.2994239330291748,"[0.0, 0.0, 1.0]","[0.0, 1.0, 1.0]",A (Random Resample)
Gradient Boosting,A,30,1.0,1.0,3.3293282985687256,"[0.0, 0.0, 1.0]","[0.0, 1.0, 1.0]",A (Random Resample)
Logistic Regression,A,30,1.0,1.0,0.021402835845947266,"[0.0, 0.0, 0.0, 1.0]","[0.0, 0.00025, 1.0, 1.0]",A (Random Resample)
SVM,A,30,1.0,1.0,0.07322168350219727,"[0.0, 0.0, 0.0, 1.0]","[0.0, 0.00025, 1.0, 1.0]",A (Random Resample)
KNN,A,30,1.0,1.0,0.39959001541137695,"[0.0, 0.0, 1.0]","[0.0, 1.0, 1.0]",A (Random Resample)
Neural Network,A,30,1.0,1.0,0.4693737030029297,"[0.0, 0.0, 0.0, 1.0]","[0.0, 0.00025, 1.0, 1.0]",A (Random Resample)
Random Forest,A,40,1.0,1.0,0.3036618232727051,"[0.0, 0.0, 1.0]","[0.0, 1.0, 1.0]",A (Random Resample)
Gradient Boosting,A,40,1.0,1.0,3.3412609100341797,"[0.0, 0.0, 1.0]","[0.0, 1.0, 1.0]",A (Random Resample)
Logistic Regression,A,40,1.0,1.0,0.020640850067138672,"[0.0, 0.0, 0.0, 1.0]","[0.0, 0.00025, 1.0, 1.0]",A (Random Resample)
SVM,A,40,1.0,1.0,0.07432413101196289,"[0.0, 0.0, 0.0, 1.0]","[0.0, 0.00025, 1.0, 1.0]",A (Random Resample)
KNN,A,40,1.0,1.0,0.3798866271972656,"[0.0, 0.0, 1.0]","[0.0, 1.0, 1.0]",A (Random Resample)
Neural Network,A,40,1.0,1.0,0.48011016845703125,"[0.0, 0.0, 0.0, 1.0]","[0.0, 0.00025, 1.0, 1.0]",A (Random Resample)
Random Forest,A,50,1.0,1.0,0.2964158058166504,"[0.0, 0.0, 0.00025, 1.0]","[0.0, 1.0, 1.0, 1.0]",A (Random Resample)
Gradient Boosting,A,50,1.0,1.0,3.2377407550811768,"[0.0, 0.0, 0.00025, 1.0]","[0.0, 1.0, 1.0, 1.0]",A (Random Resample)
Logistic Regression,A,50,1.0,1.0,0.021341800689697266,"[0.0, 0.0, 0.0, 1.0]","[0.0, 0.00025, 1.0, 1.0]",A (Random Resample)
SVM,A,50,1.0,1.0,0.0531916618347168,"[0.0, 0.0, 0.0, 1.0]","[0.0, 0.00025, 1.0, 1.0]",A (Random Resample)
KNN,A,50,1.0,1.0,0.3777022361755371,"[0.0, 0.0, 1.0]","[0.0, 1.0, 1.0]",A (Random Resample)
Neural Network,A,50,1.0,1.0,0.48593783378601074,"[0.0, 0.0, 0.0, 1.0]","[0.0, 0.00025, 1.0, 1.0]",A (Random Resample)
Random Forest,B,10,0.834,0.907553625,0.64910888671875,"[0.0, 0.0005, 0.004, 0.005, 0.00625, 0.00775, 0.00975, 0.0115, 0.01325, 0.01475, 0.0185, 0.0215, 0.024, 0.02675, 0.02825, 0.031, 0.03325, 0.038, 0.03975, 0.0425, 0.04475, 0.04725, 0.05025, 0.0545, 0.05725, 0.06025, 0.06375, 0.06625, 0.0675, 0.07125, 0.07425, 0.07675, 0.082, 0.08675, 0.09125, 0.09425, 0.0965, 0.09975, 0.1055, 0.108, 0.1105, 0.115, 0.1205, 0.12325, 0.12875, 0.13075, 0.13725, 0.143, 0.1485, 0.15175, 0.1575, 0.16375, 0.1675, 0.17325, 0.18, 0.1855, 0.18975, 0.1965, 0.202, 0.2105, 0.2165, 0.2245, 0.23225, 0.24075, 0.2485, 0.257, 0.26425, 0.2715, 0.27975, 0.2885, 0.29875, 0.30825, 0.32125, 0.33675, 0.346, 0.356, 0.367, 0.3785, 0.393, 0.407, 0.42025, 0.43425, 0.45125, 0.46375, 0.4805, 0.501, 0.519, 0.5395, 0.55575, 0.5785, 0.6055, 0.629, 0.659, 0.68725, 0.7205, 0.75625, 0.79525, 0.83425, 0.87525, 0.91975, 0.96175, 1.0]","[0.0, 0.0435, 0.0915, 0.14, 0.1855, 0.22375, 0.25625, 0.28875, 0.319, 0.34275, 0.37375, 0.39975, 0.42475, 0.44975, 0.4695, 0.486, 0.503, 0.52625, 0.54175, 0.5585, 0.5725, 0.58625, 0.5965, 0.6095, 0.62175, 0.632, 0.64375, 0.65175, 0.6605, 0.672, 0.6815, 0.69025, 0.69925, 0.705, 0.713, 0.72225, 0.729, 0.74, 0.74775, 0.756, 0.7615, 0.7705, 0.7775, 0.78475, 0.7915, 0.798, 0.805, 0.80975, 0.81425, 0.8195, 0.8255, 0.83075, 0.837, 0.84375, 0.848, 0.854, 0.85775, 0.861, 0.86525, 0.869, 0.874, 0.879, 0.8835, 0.88725, 0.89125, 0.894, 0.8995, 0.9035, 0.9055, 0.90925, 0.91375, 0.9175, 0.9225, 0.926, 0.929, 0.93225, 0.935, 0.937, 0.94175, 0.946, 0.94925, 0.95275, 0.9565, 0.95975, 0.962, 0.96525, 0.96825, 0.973, 0.97525, 0.9785, 0.9815, 0.98425, 0.9865, 0.9895, 0.9915, 0.99325, 0.996, 0.99675, 0.99775, 0.99825, 0.99925, 1.0]",B (Random +/-1)
Gradient Boosting,B,10,0.83825,0.9143519374999999,7.515808343887329,"[0.0, 0.0, 0.0, 0.00025, 0.00025, 0.0005, 0.0005, 0.00075, 0.00075, 0.00075, 0.00075, 0.00075, 0.00075, 0.001, 0.001, 0.001, 0.001, 0.001, 0.001, 0.00125, 0.00125, 0.0015, 0.0015, 0.0015, 0.0015, 0.00175, 0.00175, 0.002, 0.002, 0.00225, 0.00225, 0.0025, 0.0025, 0.00275, 0.00275, 0.003, 0.003, 0.00325, 0.00325, 0.0035, 0.0035, 0.00375, 0.00375, 0.004, 0.004, 0.00425, 0.00425, 0.0045, 0.0045, 0.00475, 0.00475, 0.005, 0.005, 0.00525, 0.00525, 0.0055, 0.0055, 0.00575, 0.00575, 0.006, 0.006, 0.00625, 0.00625, 0.0065, 0.0065, 0.00675, 0.00675, 0.007, 0.007, 0.00725, 0.00725, 0.0075, 0.0075, 0.008, 0.008, 0.00825, 0.00825, 0.0085, 0.0085, 0.00875, 0.00875, 0.009, 0.009, 0.00925, 0.00925, 0.00975, 0.00975, 0.01, 0.01, 0.01025, 0.01025, 0.0105, 0.0105, 0.01075, 0.01075, 0.011, 0.011, 0.01125, 0.01125, 0.0115, 0.0115, 0.01175, 0.01175, 0.012, 0.012, 0.01225, 0.01225, 0.0125, 0.0125, 0.01275, 0.01275, 0.013, 0.013, 0.01325, 0.01325, 0.0135, 0.0135, 0.01375, 0.01375, 0.014, 0.014, 0.01425, 0.01425, 0.0145, 0.0145, 0.01475, 0.01475, 0.015, 0.015, 0.01525, 0.01525, 0.0155, 0.0155, 0.01575, 0.01575, 0.016, 0.016, 0.01625, 0.01625, 0.0165, 0.0165, 0.01675, 0.01675, 0.017, 0.017, 0.01725, 0.01725, 0.0175, 0.0175, 0.01775, 0.01775, 0.018, 0.018, 0.01825, 0.01825, 0.0185, 0.0185, 0.01875, 0.01875, 0.019, 0.019, 0.01925, 0.01925, 0.01975, 0.01975, 0.02025, 0.02025, 0.0205, 0.0205, 0.02075, 0.02075, 0.02125, 0.02125, 0.0215, 0.0215, 0.02175, 0.02175, 0.022, 0.022, 0.02225, 0.02225, 0.023, 0.023, 0.0235, 0.0235, 0.02375, 0.02375, 0.024, 0.024, 0.02425, 0.02425, 0.0245, 0.0245, 0.02475, 0.02475, 0.025, 0.025, 0.02525, 0.02525, 0.02575, 0.02575, 0.026, 0.026, 0.0265, 0.0265, 0.02675, 0.02675, 0.027, 0.027, 0.02725, 0.02725, 0.02775, 0.02775, 0.028, 0.028, 0.02825, 0.02825, 0.0285, 0.0285, 0.02875, 0.02875, 0.029, 0.029, 0.02925, 0.02925, 0.0295, 0.0295, 0.02975, 0.02975, 0.03, 0.03, 0.03025, 0.03025, 0.0305, 0.0305, 0.03075, 0.03075, 0.031, 0.031, 0.03125, 0.03125, 0.0315, 0.0315, 0.03175, 0.03175, 0.03225, 0.03225, 0.0325, 0.0325, 0.03275, 0.03275, 0.033, 0.033, 0.03325, 0.03325, 0.0335, 0.0335, 0.034, 0.034, 0.03425, 0.03425, 0.03475, 0.03475, 0.035, 0.035, 0.03525, 0.03525, 0.0355, 0.0355, 0.03625, 0.03625, 0.03675, 0.03675, 0.037, 0.037, 0.03725, 0.03725, 0.0375, 0.0375, 0.03775, 0.03775, 0.038, 0.038, 0.03825, 0.03825, 0.0385, 0.0385, 0.03875, 0.03875, 0.039, 0.039, 0.03925, 0.03925, 0.0395, 0.0395, 0.03975, 0.03975, 0.04, 0.04, 0.04025, 0.04025, 0.0405, 0.0405, 0.04075, 0.04075, 0.041, 0.041, 0.04125, 0.04125, 0.0415, 0.0415, 0.04175, 0.04175, 0.042, 0.042, 0.04225, 0.04225, 0.0425, 0.0425, 0.04275, 0.04275, 0.043, 0.043, 0.04325, 0.04325, 0.0435, 0.0435, 0.04375, 0.04375, 0.044, 0.044, 0.04425, 0.04425, 0.0445, 0.0445, 0.04475, 0.04475, 0.045, 0.045, 0.04525, 0.04525, 0.0455, 0.0455, 0.04575, 0.04575, 0.046, 0.046, 0.04625, 0.04625, 0.0465, 0.0465, 0.04675, 0.04675, 0.047, 0.047, 0.04725, 0.04725, 0.0475, 0.0475, 0.04775, 0.04775, 0.04825, 0.04825, 0.0485, 0.0485, 0.049, 0.049, 0.0495, 0.0495, 0.04975, 0.04975, 0.05, 0.05, 0.05025, 0.05025, 0.0505, 0.0505, 0.05075, 0.05075, 0.051, 0.051, 0.05125, 0.05125, 0.05225, 0.05225, 0.05275, 0.05275, 0.053, 0.053, 0.05325, 0.05325, 0.0535, 0.0535, 0.05375, 0.05375, 0.054, 0.054, 0.05425, 0.05425, 0.05475, 0.05475, 0.055, 0.055, 0.05525, 0.05525, 0.0555, 0.0555, 0.05575, 0.05575, 0.056, 0.056, 0.05625, 0.05625, 0.0565, 0.0565, 0.057, 0.057, 0.05725, 0.05725, 0.05775, 0.05775, 0.05825, 0.05825, 0.0585, 0.0585, 0.05875, 0.05875, 0.059, 0.059, 0.05975, 0.05975, 0.06, 0.06, 0.06025, 0.06025, 0.0605, 0.0605, 0.061, 0.061, 0.06125, 0.06125, 0.0615, 0.0615, 0.062, 0.062, 0.06225, 0.06225, 0.0625, 0.0625, 0.06275, 0.06275, 0.06275, 0.06275, 0.063, 0.063, 0.06325, 0.06325, 0.0635, 0.0635, 0.064, 0.064, 0.06425, 0.06425, 0.0645, 0.0645, 0.06475, 0.06475, 0.065, 0.065, 0.06575, 0.06575, 0.06625, 0.06625, 0.0665, 0.0665, 0.06675, 0.06675, 0.067, 0.067, 0.06725, 0.06725, 0.0675, 0.0675, 0.06775, 0.06775, 0.068, 0.068, 0.06825, 0.06825, 0.0685, 0.0685, 0.06875, 0.06875, 0.0695, 0.0695, 0.06975, 0.06975, 0.07, 0.07, 0.07025, 0.07025, 0.0705, 0.0705, 0.07125, 0.07125, 0.07175, 0.07175, 0.072, 0.072, 0.07225, 0.07225, 0.0725, 0.0725, 0.07275, 0.07275, 0.073, 0.073, 0.07325, 0.07325, 0.07375, 0.07375, 0.074, 0.074, 0.07425, 0.07425, 0.0745, 0.0745, 0.07475, 0.07475, 0.075, 0.075, 0.07525, 0.07525, 0.07575, 0.07575, 0.076, 0.076, 0.07625, 0.07625, 0.0765, 0.0765, 0.07675, 0.07675, 0.077, 0.077, 0.07725, 0.07725, 0.07775, 0.07775, 0.078, 0.078, 0.07825, 0.07825, 0.0785, 0.0785, 0.07875, 0.07875, 0.07925, 0.07925, 0.0795, 0.0795, 0.08, 0.08, 0.08025, 0.08025, 0.08075, 0.08075, 0.081, 0.081, 0.08125, 0.08125, 0.0815, 0.0815, 0.08175, 0.08175, 0.082, 0.082, 0.08225, 0.08225, 0.08325, 0.08325, 0.0835, 0.0835, 0.08375, 0.08375, 0.084, 0.084, 0.08425, 0.08425, 0.0845, 0.0845, 0.085, 0.085, 0.08525, 0.08525, 0.0855, 0.0855, 0.08575, 0.08575, 0.08625, 0.08625, 0.0865, 0.0865, 0.08675, 0.08675, 0.08725, 0.08725, 0.0875, 0.0875, 0.08775, 0.08775, 0.088, 0.088, 0.08825, 0.08825, 0.0885, 0.0885, 0.08875, 0.08875, 0.089, 0.089, 0.08925, 0.08925, 0.08975, 0.08975, 0.0905, 0.0905, 0.09075, 0.09075, 0.0915, 0.0915, 0.092, 0.092, 0.09225, 0.09225, 0.0925, 0.0925, 0.093, 0.093, 0.09325, 0.09325, 0.0935, 0.0935, 0.09375, 0.09375, 0.094, 0.094, 0.09425, 0.09425, 0.095, 0.095, 0.0955, 0.0955, 0.09575, 0.09575, 0.0965, 0.0965, 0.09675, 0.09675, 0.097, 0.097, 0.09725, 0.09725, 0.098, 0.098, 0.09825, 0.09825, 0.0985, 0.0985, 0.099, 0.099, 0.09925, 0.09925, 0.0995, 0.0995, 0.09975, 0.09975, 0.1, 0.1, 0.101, 0.101, 0.10125, 0.10125, 0.1015, 0.1015, 0.10175, 0.10175, 0.102, 0.102, 0.10225, 0.10225, 0.1025, 0.1025, 0.103, 0.103, 0.10325, 0.10325, 0.104, 0.104, 0.10425, 0.10425, 0.1045, 0.1045, 0.10475, 0.10475, 0.105, 0.105, 0.1055, 0.1055, 0.1065, 0.1065, 0.107, 0.107, 0.10725, 0.10725, 0.1075, 0.1075, 0.10775, 0.10775, 0.108, 0.108, 0.10825, 0.10825, 0.1085, 0.1085, 0.10875, 0.10875, 0.109, 0.109, 0.10925, 0.10925, 0.10975, 0.10975, 0.11025, 0.11025, 0.111, 0.111, 0.1115, 0.1115, 0.112, 0.112, 0.11275, 0.11275, 0.113, 0.113, 0.11325, 0.11325, 0.1135, 0.1135, 0.11375, 0.11375, 0.114, 0.114, 0.11425, 0.11425, 0.1145, 0.1145, 0.1155, 0.1155, 0.116, 0.116, 0.11675, 0.11675, 0.117, 0.117, 0.11725, 0.11725, 0.11775, 0.11775, 0.118, 0.118, 0.1195, 0.1195, 0.11975, 0.11975, 0.12, 0.12, 0.12025, 0.12025, 0.1205, 0.1205, 0.121, 0.121, 0.12175, 0.12175, 0.12225, 0.12225, 0.1225, 0.1225, 0.12275, 0.12275, 0.123, 0.123, 0.12325, 0.1235, 0.1235, 0.12425, 0.12425, 0.1245, 0.1245, 0.12475, 0.12475, 0.12525, 0.12525, 0.12575, 0.12575, 0.12625, 0.12625, 0.1265, 0.1265, 0.12675, 0.12675, 0.127, 0.127, 0.12725, 0.12725, 0.1275, 0.1275, 0.12775, 0.12775, 0.1285, 0.1285, 0.129, 0.129, 0.12975, 0.12975, 0.13, 0.13, 0.13025, 0.13025, 0.1305, 0.1305, 0.13075, 0.13075, 0.13125, 0.13125, 0.1315, 0.1315, 0.13175, 0.13175, 0.1325, 0.1325, 0.133, 0.133, 0.13325, 0.13325, 0.1335, 0.1335, 0.13375, 0.13375, 0.134, 0.134, 0.13425, 0.13425, 0.1345, 0.1345, 0.13525, 0.13525, 0.1355, 0.1355, 0.13575, 0.13575, 0.13625, 0.13625, 0.1365, 0.1365, 0.1375, 0.1375, 0.13775, 0.13775, 0.138, 0.138, 0.1385, 0.1385, 0.13925, 0.13925, 0.14, 0.14, 0.14025, 0.14025, 0.14075, 0.14075, 0.141, 0.141, 0.14125, 0.14125, 0.1415, 0.1415, 0.142, 0.142, 0.1425, 0.1425, 0.14325, 0.14325, 0.14375, 0.14375, 0.1445, 0.1445, 0.14475, 0.14475, 0.146, 0.146, 0.1465, 0.1465, 0.148, 0.148, 0.14825, 0.14825, 0.14875, 0.14875, 0.149, 0.149, 0.14925, 0.14925, 0.15, 0.15, 0.15025, 0.15025, 0.1505, 0.1505, 0.151, 0.151, 0.1515, 0.1515, 0.152, 0.152, 0.15225, 0.15225, 0.1525, 0.1525, 0.15275, 0.15275, 0.1535, 0.1535, 0.15375, 0.15375, 0.15425, 0.15425, 0.1545, 0.1545, 0.156, 0.156, 0.1565, 0.1565, 0.15775, 0.15775, 0.158, 0.158, 0.1585, 0.1585, 0.15925, 0.15925, 0.1595, 0.1595, 0.16, 0.16, 0.16175, 0.16175, 0.162, 0.162, 0.16225, 0.16225, 0.1625, 0.1625, 0.16275, 0.16275, 0.163, 0.163, 0.164, 0.164, 0.165, 0.165, 0.16575, 0.16575, 0.16625, 0.16625, 0.16675, 0.16675, 0.167, 0.167, 0.16725, 0.16725, 0.1675, 0.1675, 0.16775, 0.16775, 0.16825, 0.16825, 0.1685, 0.1685, 0.16875, 0.16875, 0.169, 0.169, 0.1695, 0.1695, 0.16975, 0.16975, 0.17075, 0.17075, 0.1715, 0.1715, 0.17175, 0.17175, 0.17225, 0.17225, 0.1725, 0.1725, 0.17275, 0.17275, 0.1735, 0.1735, 0.17575, 0.17575, 0.176, 0.176, 0.1765, 0.1765, 0.17675, 0.17675, 0.17725, 0.17725, 0.1775, 0.1775, 0.17825, 0.17825, 0.17875, 0.17875, 0.18025, 0.18025, 0.18075, 0.18075, 0.182, 0.182, 0.18225, 0.18225, 0.1825, 0.1825, 0.18275, 0.18275, 0.1835, 0.1835, 0.185, 0.185, 0.1865, 0.1865, 0.187, 0.187, 0.1875, 0.1875, 0.18825, 0.18825, 0.1885, 0.1885, 0.18875, 0.18875, 0.1895, 0.1895, 0.18975, 0.18975, 0.19, 0.19, 0.19025, 0.19025, 0.19075, 0.19075, 0.191, 0.191, 0.19125, 0.19125, 0.192, 0.192, 0.19275, 0.19275, 0.19325, 0.19325, 0.194, 0.194, 0.1945, 0.1945, 0.19475, 0.19475, 0.195, 0.195, 0.19575, 0.19575, 0.1965, 0.1965, 0.19725, 0.19725, 0.198, 0.198, 0.1985, 0.1985, 0.19925, 0.19925, 0.20025, 0.20025, 0.20075, 0.20075, 0.20125, 0.20125, 0.202, 0.202, 0.2025, 0.2025, 0.20325, 0.20325, 0.2035, 0.2035, 0.20375, 0.20375, 0.204, 0.204, 0.20525, 0.20525, 0.2055, 0.2055, 0.2065, 0.2065, 0.207, 0.207, 0.2075, 0.2075, 0.208, 0.208, 0.2085, 0.2085, 0.2095, 0.2095, 0.20975, 0.20975, 0.21, 0.21, 0.21025, 0.21025, 0.2115, 0.2115, 0.21175, 0.21175, 0.21225, 0.21225, 0.213, 0.213, 0.21425, 0.21425, 0.21575, 0.21575, 0.21625, 0.21625, 0.21675, 0.21675, 0.217, 0.217, 0.21725, 0.21725, 0.2175, 0.2175, 0.2185, 0.2185, 0.22125, 0.22125, 0.2215, 0.2215, 0.222, 0.222, 0.22275, 0.22275, 0.22325, 0.22325, 0.22375, 0.22375, 0.22425, 0.22425, 0.22475, 0.22475, 0.226, 0.226, 0.22675, 0.22675, 0.22725, 0.22725, 0.22925, 0.22925, 0.23, 0.23, 0.23075, 0.23075, 0.23175, 0.23175, 0.23225, 0.23225, 0.233, 0.233, 0.235, 0.235, 0.23625, 0.23625, 0.2365, 0.2365, 0.237, 0.237, 0.2375, 0.2375, 0.23775, 0.23775, 0.238, 0.238, 0.24, 0.24, 0.2405, 0.2405, 0.241, 0.241, 0.242, 0.242, 0.24325, 0.24325, 0.24525, 0.24525, 0.2465, 0.2465, 0.24675, 0.24675, 0.247, 0.247, 0.2475, 0.2475, 0.24775, 0.24775, 0.24825, 0.24825, 0.25025, 0.25025, 0.25075, 0.25075, 0.251, 0.251, 0.25175, 0.25175, 0.252, 0.252, 0.25375, 0.25375, 0.254, 0.254, 0.2545, 0.2545, 0.2555, 0.2555, 0.25675, 0.25675, 0.2575, 0.2575, 0.25825, 0.25825, 0.259, 0.259, 0.25925, 0.25925, 0.26025, 0.26025, 0.261, 0.261, 0.26125, 0.26125, 0.2615, 0.2615, 0.26375, 0.26375, 0.264, 0.264, 0.2645, 0.2645, 0.2655, 0.2655, 0.2665, 0.2665, 0.267, 0.267, 0.2675, 0.2675, 0.26825, 0.26825, 0.2685, 0.2685, 0.269, 0.269, 0.2695, 0.2695, 0.26975, 0.26975, 0.27, 0.27, 0.27075, 0.27075, 0.27125, 0.27125, 0.272, 0.272, 0.2755, 0.2755, 0.27625, 0.27625, 0.2765, 0.2765, 0.27725, 0.27725, 0.278, 0.278, 0.2785, 0.2785, 0.27875, 0.27875, 0.27975, 0.27975, 0.2815, 0.2815, 0.28225, 0.28225, 0.28275, 0.28275, 0.283, 0.283, 0.28375, 0.28375, 0.28475, 0.28475, 0.28625, 0.28625, 0.287, 0.287, 0.28725, 0.28725, 0.2875, 0.2875, 0.28775, 0.28775, 0.288, 0.288, 0.28875, 0.28875, 0.2895, 0.2895, 0.2905, 0.2905, 0.2915, 0.2915, 0.29275, 0.29275, 0.29325, 0.29325, 0.2935, 0.2935, 0.29525, 0.29525, 0.29575, 0.29575, 0.29625, 0.29625, 0.297, 0.297, 0.298, 0.298, 0.29975, 0.29975, 0.30025, 0.30025, 0.301, 0.301, 0.30125, 0.30125, 0.30175, 0.30175, 0.302, 0.302, 0.30225, 0.30225, 0.303, 0.303, 0.304, 0.304, 0.30625, 0.30625, 0.307, 0.307, 0.30725, 0.30725, 0.30775, 0.30775, 0.30925, 0.30925, 0.30975, 0.30975, 0.31125, 0.31125, 0.3125, 0.3125, 0.314, 0.314, 0.31525, 0.31525, 0.31575, 0.31575, 0.31625, 0.31625, 0.31825, 0.31825, 0.3185, 0.3185, 0.31875, 0.31875, 0.319, 0.319, 0.3195, 0.3195, 0.32125, 0.32125, 0.3215, 0.3215, 0.32175, 0.32175, 0.323, 0.323, 0.32325, 0.32325, 0.324, 0.324, 0.3255, 0.3255, 0.32575, 0.32575, 0.32575, 0.32625, 0.32625, 0.32675, 0.32675, 0.327, 0.327, 0.32725, 0.32725, 0.32825, 0.32825, 0.32975, 0.32975, 0.33, 0.33, 0.33025, 0.33025, 0.333, 0.333, 0.33375, 0.33375, 0.33525, 0.33525, 0.3365, 0.3365, 0.33675, 0.33675, 0.3375, 0.3375, 0.33775, 0.33775, 0.33825, 0.33825, 0.34025, 0.34025, 0.3405, 0.3405, 0.34075, 0.34075, 0.342, 0.342, 0.343, 0.343, 0.3435, 0.3435, 0.345, 0.345, 0.3455, 0.3455, 0.34575, 0.34575, 0.34675, 0.34675, 0.347, 0.347, 0.35, 0.35, 0.3505, 0.3505, 0.35125, 0.35125, 0.3515, 0.3515, 0.353, 0.353, 0.35375, 0.35375, 0.35475, 0.35475, 0.357, 0.357, 0.35725, 0.35725, 0.35825, 0.35825, 0.36125, 0.36125, 0.3625, 0.3625, 0.36925, 0.36925, 0.3695, 0.3695, 0.36975, 0.36975, 0.37025, 0.37025, 0.3705, 0.3705, 0.37075, 0.37075, 0.371, 0.371, 0.37125, 0.37125, 0.37175, 0.37175, 0.3735, 0.3735, 0.3745, 0.3745, 0.37575, 0.37575, 0.376, 0.376, 0.37625, 0.37625, 0.37825, 0.37825, 0.379, 0.379, 0.37925, 0.37925, 0.38125, 0.38125, 0.384, 0.384, 0.38475, 0.38475, 0.385, 0.385, 0.38525, 0.38525, 0.386, 0.386, 0.38625, 0.38625, 0.3915, 0.3915, 0.392, 0.392, 0.39275, 0.39275, 0.39725, 0.39725, 0.398, 0.398, 0.4025, 0.4025, 0.404, 0.404, 0.4045, 0.4045, 0.405, 0.405, 0.40525, 0.40525, 0.4055, 0.4055, 0.4065, 0.4065, 0.408, 0.408, 0.41475, 0.41475, 0.4185, 0.4185, 0.42025, 0.42025, 0.421, 0.421, 0.4215, 0.4215, 0.4225, 0.4225, 0.42575, 0.42575, 0.426, 0.426, 0.42675, 0.42675, 0.42775, 0.42775, 0.42925, 0.42925, 0.43025, 0.43025, 0.43225, 0.43225, 0.433, 0.433, 0.434, 0.434, 0.437, 0.437, 0.4375, 0.4375, 0.439, 0.439, 0.441, 0.441, 0.4425, 0.4425, 0.443, 0.443, 0.44575, 0.44575, 0.4475, 0.4475, 0.448, 0.448, 0.4485, 0.4485, 0.44875, 0.44875, 0.44925, 0.44925, 0.45275, 0.45275, 0.455, 0.455, 0.45625, 0.45625, 0.4605, 0.4605, 0.4615, 0.4615, 0.4635, 0.4635, 0.4645, 0.4645, 0.466, 0.466, 0.46725, 0.46725, 0.46775, 0.46775, 0.47025, 0.47025, 0.4705, 0.4705, 0.47075, 0.47075, 0.47375, 0.47375, 0.476, 0.476, 0.47625, 0.47625, 0.47725, 0.47725, 0.47775, 0.47775, 0.479, 0.479, 0.47925, 0.47925, 0.48025, 0.48025, 0.48275, 0.48275, 0.483, 0.483, 0.48325, 0.48325, 0.48375, 0.48375, 0.48775, 0.48775, 0.48875, 0.48875, 0.49075, 0.49075, 0.496, 0.496, 0.4985, 0.4985, 0.50225, 0.50225, 0.50525, 0.50525, 0.511, 0.511, 0.5115, 0.5115, 0.512, 0.512, 0.513, 0.513, 0.51575, 0.51575, 0.51625, 0.51625, 0.51725, 0.51725, 0.518, 0.518, 0.52, 0.52, 0.52025, 0.52025, 0.528, 0.528, 0.5295, 0.5295, 0.53075, 0.53075, 0.5325, 0.533, 0.53375, 0.53375, 0.53525, 0.53525, 0.5355, 0.5355, 0.536, 0.536, 0.53925, 0.53925, 0.54175, 0.54175, 0.543, 0.543, 0.544, 0.544, 0.54425, 0.54425, 0.54575, 0.54575, 0.54675, 0.54675, 0.54725, 0.54725, 0.5505, 0.5505, 0.5515, 0.5515, 0.55225, 0.55225, 0.5645, 0.5645, 0.56475, 0.56475, 0.5655, 0.5655, 0.5665, 0.5665, 0.56975, 0.56975, 0.5705, 0.5705, 0.57325, 0.57325, 0.57375, 0.57375, 0.57625, 0.57625, 0.5855, 0.5855, 0.58675, 0.58675, 0.58725, 0.58725, 0.58925, 0.58925, 0.591, 0.591, 0.60025, 0.60025, 0.6005, 0.6005, 0.605, 0.605, 0.606, 0.606, 0.6105, 0.6105, 0.6125, 0.6125, 0.613, 0.613, 0.614, 0.614, 0.6155, 0.6155, 0.61775, 0.61775, 0.62025, 0.62025, 0.62475, 0.62475, 0.62675, 0.62675, 0.62925, 0.62925, 0.6295, 0.6295, 0.63225, 0.63225, 0.6325, 0.6325, 0.633, 0.633, 0.63375, 0.63375, 0.63875, 0.63875, 0.643, 0.643, 0.662, 0.662, 0.66375, 0.66375, 0.66475, 0.66475, 0.6735, 0.6735, 0.675, 0.6755, 0.67575, 0.67575, 0.6795, 0.6795, 0.68425, 0.68425, 0.6845, 0.6845, 0.68625, 0.68625, 0.6905, 0.6905, 0.69875, 0.69925, 0.6995, 0.6995, 0.7065, 0.7065, 0.70925, 0.70925, 0.713, 0.713, 0.71525, 0.71525, 0.7215, 0.7215, 0.72625, 0.72625, 0.734, 0.734, 0.73475, 0.73475, 0.7385, 0.7385, 0.741, 0.741, 0.74475, 0.74475, 0.75, 0.75, 0.7505, 0.7505, 0.751, 0.751, 0.759, 0.7595, 0.763, 0.763, 0.77125, 0.77125, 0.77575, 0.77575, 0.788, 0.788, 0.78975, 0.78975, 0.8015, 0.8015, 0.8165, 0.8165, 0.83275, 0.83275, 0.8385, 0.8385, 0.83975, 0.83975, 0.8445, 0.845, 0.848, 0.848, 0.8545, 0.8545, 0.8555, 0.856, 0.85875, 0.85875, 0.86375, 0.86375, 0.87475, 0.87475, 0.87625, 0.87625, 0.88275, 0.88325, 0.886, 0.886, 0.892, 0.8925, 0.89325, 0.89375, 0.89475, 0.89525, 0.9085, 0.909, 0.91225, 0.91225, 0.93275, 0.93375, 0.94, 0.94075, 0.9425, 0.943, 0.9435, 0.944, 0.9465, 0.9475, 0.94825, 0.94875, 0.95125, 0.952, 0.9525, 0.953, 0.95975, 0.96025, 0.962, 0.9625, 0.96575, 0.96625, 0.972, 0.9725, 0.973, 0.97375, 0.97775, 0.9785, 0.97875, 0.97925, 0.98025, 0.98075, 0.9855, 0.986, 0.989, 0.98975, 0.99, 0.99075, 0.992, 0.9925, 0.994, 0.995, 1.0]","[0.0, 0.00025, 0.0185, 0.0185, 0.0225, 0.0225, 0.02825, 0.02825, 0.02925, 0.02975, 0.06525, 0.06575, 0.06625, 0.06625, 0.08225, 0.08275, 0.08625, 0.08675, 0.1065, 0.10675, 0.11375, 0.11375, 0.11775, 0.11825, 0.12375, 0.12375, 0.1285, 0.1285, 0.13725, 0.13725, 0.13925, 0.13925, 0.15075, 0.15075, 0.16325, 0.16325, 0.174, 0.174, 0.1745, 0.1745, 0.1905, 0.1905, 0.20825, 0.20825, 0.22225, 0.22225, 0.229, 0.229, 0.23125, 0.23125, 0.24225, 0.24225, 0.24425, 0.24425, 0.24475, 0.24475, 0.25025, 0.25025, 0.255, 0.255, 0.2555, 0.2555, 0.2585, 0.2585, 0.27475, 0.27475, 0.27575, 0.27575, 0.2785, 0.2785, 0.283, 0.283, 0.28575, 0.28575, 0.28775, 0.28775, 0.29225, 0.29225, 0.294, 0.294, 0.29575, 0.29575, 0.29725, 0.29725, 0.2975, 0.2975, 0.3025, 0.3025, 0.30725, 0.30725, 0.3105, 0.3105, 0.3135, 0.3135, 0.318, 0.318, 0.3265, 0.3265, 0.32725, 0.32725, 0.3295, 0.3295, 0.3315, 0.3315, 0.336, 0.336, 0.348, 0.348, 0.3485, 0.3485, 0.352, 0.352, 0.35375, 0.35375, 0.35775, 0.35775, 0.36125, 0.36125, 0.36375, 0.36375, 0.36425, 0.36425, 0.36825, 0.36825, 0.37025, 0.37025, 0.3725, 0.3725, 0.38175, 0.38175, 0.391, 0.391, 0.39425, 0.39425, 0.405, 0.405, 0.40575, 0.40575, 0.408, 0.408, 0.41, 0.41, 0.411, 0.411, 0.41125, 0.41125, 0.42, 0.42, 0.421, 0.421, 0.42175, 0.42175, 0.43175, 0.43175, 0.4335, 0.4335, 0.43425, 0.43425, 0.4355, 0.4355, 0.43575, 0.43575, 0.4375, 0.4375, 0.43825, 0.43825, 0.43875, 0.43875, 0.44025, 0.44025, 0.44275, 0.44275, 0.444, 0.444, 0.4445, 0.4445, 0.44525, 0.44525, 0.44675, 0.44675, 0.447, 0.447, 0.4475, 0.4475, 0.4505, 0.4505, 0.45075, 0.45075, 0.4555, 0.4555, 0.4595, 0.4595, 0.46025, 0.46025, 0.46575, 0.46575, 0.46875, 0.46875, 0.46925, 0.46925, 0.471, 0.471, 0.48325, 0.48325, 0.4835, 0.4835, 0.4845, 0.4845, 0.48625, 0.48625, 0.48775, 0.48775, 0.49525, 0.49525, 0.49775, 0.49775, 0.50375, 0.50375, 0.50575, 0.50575, 0.50825, 0.50825, 0.51225, 0.51225, 0.5145, 0.5145, 0.51475, 0.51475, 0.518, 0.518, 0.51875, 0.51875, 0.519, 0.519, 0.52175, 0.52175, 0.5235, 0.5235, 0.524, 0.524, 0.5245, 0.5245, 0.5265, 0.5265, 0.5305, 0.5305, 0.531, 0.531, 0.53275, 0.53275, 0.533, 0.533, 0.53475, 0.53475, 0.5355, 0.5355, 0.53875, 0.53875, 0.5395, 0.5395, 0.54025, 0.54025, 0.5405, 0.5405, 0.544, 0.544, 0.54425, 0.54425, 0.54625, 0.54625, 0.54875, 0.54875, 0.55125, 0.55125, 0.55475, 0.55475, 0.555, 0.555, 0.55625, 0.55625, 0.558, 0.558, 0.567, 0.567, 0.56775, 0.56775, 0.5685, 0.5685, 0.56875, 0.56875, 0.57075, 0.57075, 0.5725, 0.5725, 0.57325, 0.57325, 0.5745, 0.5745, 0.57575, 0.57575, 0.57625, 0.57625, 0.5775, 0.5775, 0.5805, 0.5805, 0.58125, 0.58125, 0.58175, 0.58175, 0.582, 0.582, 0.58625, 0.58625, 0.587, 0.587, 0.58725, 0.58725, 0.5915, 0.5915, 0.59175, 0.59175, 0.59425, 0.59425, 0.59725, 0.59725, 0.5975, 0.5975, 0.5985, 0.5985, 0.59975, 0.59975, 0.6005, 0.6005, 0.60175, 0.60175, 0.6025, 0.6025, 0.603, 0.603, 0.60425, 0.60425, 0.605, 0.605, 0.60675, 0.60675, 0.61075, 0.61075, 0.613, 0.613, 0.614, 0.614, 0.6145, 0.6145, 0.615, 0.615, 0.61525, 0.61525, 0.6155, 0.6155, 0.6205, 0.6205, 0.62075, 0.62075, 0.62125, 0.62125, 0.62275, 0.62275, 0.62375, 0.62375, 0.624, 0.624, 0.62575, 0.62575, 0.626, 0.626, 0.6265, 0.6265, 0.62775, 0.62775, 0.62925, 0.62925, 0.62975, 0.62975, 0.63025, 0.63025, 0.6305, 0.6305, 0.631, 0.631, 0.632, 0.632, 0.63375, 0.63375, 0.637, 0.637, 0.6385, 0.6385, 0.63875, 0.63875, 0.64, 0.64, 0.6405, 0.6405, 0.64075, 0.64075, 0.642, 0.642, 0.64275, 0.64275, 0.643, 0.643, 0.644, 0.644, 0.64425, 0.64425, 0.645, 0.645, 0.6465, 0.6465, 0.647, 0.647, 0.64825, 0.64825, 0.6505, 0.6505, 0.651, 0.651, 0.65175, 0.65175, 0.654, 0.654, 0.657, 0.657, 0.65775, 0.65775, 0.6585, 0.6585, 0.66025, 0.66025, 0.6605, 0.6605, 0.66125, 0.66125, 0.66175, 0.66175, 0.662, 0.662, 0.66225, 0.66225, 0.663, 0.6635, 0.66375, 0.66375, 0.665, 0.665, 0.66575, 0.66575, 0.66625, 0.66625, 0.66675, 0.66675, 0.66825, 0.66825, 0.669, 0.669, 0.66975, 0.66975, 0.6705, 0.6705, 0.67075, 0.67075, 0.6725, 0.6725, 0.673, 0.673, 0.67425, 0.67425, 0.6745, 0.6745, 0.67475, 0.67475, 0.6765, 0.6765, 0.67675, 0.67675, 0.6795, 0.6795, 0.68275, 0.68275, 0.6845, 0.6845, 0.68525, 0.68525, 0.686, 0.686, 0.68625, 0.68625, 0.687, 0.687, 0.68725, 0.68725, 0.6885, 0.6885, 0.68875, 0.68875, 0.68925, 0.68925, 0.68975, 0.68975, 0.6905, 0.6905, 0.69075, 0.69075, 0.692, 0.692, 0.69225, 0.69225, 0.6925, 0.6925, 0.69375, 0.69375, 0.69475, 0.69475, 0.6955, 0.6955, 0.696, 0.696, 0.69825, 0.69825, 0.6995, 0.6995, 0.70075, 0.70075, 0.702, 0.702, 0.70275, 0.70275, 0.70375, 0.70375, 0.704, 0.704, 0.7045, 0.7045, 0.7065, 0.7065, 0.70675, 0.70675, 0.707, 0.707, 0.7075, 0.7075, 0.7085, 0.7085, 0.70875, 0.70875, 0.709, 0.709, 0.7095, 0.7095, 0.71025, 0.71025, 0.71175, 0.71175, 0.712, 0.712, 0.7135, 0.7135, 0.7145, 0.7145, 0.715, 0.715, 0.7165, 0.7165, 0.7175, 0.7175, 0.7205, 0.7205, 0.72075, 0.72075, 0.72125, 0.72125, 0.723, 0.723, 0.72325, 0.72325, 0.7235, 0.7235, 0.724, 0.724, 0.72425, 0.72425, 0.72625, 0.72625, 0.72675, 0.72675, 0.728, 0.728, 0.7285, 0.7285, 0.72875, 0.72875, 0.729, 0.729, 0.72925, 0.72925, 0.73, 0.73, 0.73125, 0.73125, 0.7325, 0.7325, 0.733, 0.733, 0.73325, 0.73325, 0.73375, 0.73375, 0.734, 0.734, 0.735, 0.735, 0.73525, 0.73525, 0.736, 0.736, 0.73625, 0.73625, 0.737, 0.737, 0.73775, 0.73775, 0.738, 0.738, 0.7385, 0.7385, 0.73925, 0.73925, 0.73975, 0.73975, 0.7405, 0.7405, 0.74075, 0.74075, 0.74175, 0.74175, 0.7425, 0.7425, 0.74275, 0.74275, 0.74425, 0.74425, 0.745, 0.745, 0.74525, 0.74525, 0.746, 0.746, 0.74675, 0.74675, 0.7475, 0.7475, 0.749, 0.749, 0.75025, 0.75025, 0.75075, 0.75075, 0.751, 0.751, 0.75125, 0.75125, 0.7515, 0.7515, 0.75225, 0.75225, 0.7535, 0.7535, 0.75425, 0.75425, 0.7545, 0.7545, 0.755, 0.755, 0.756, 0.756, 0.75625, 0.75625, 0.75675, 0.75675, 0.75725, 0.75725, 0.7575, 0.7575, 0.75825, 0.75825, 0.75875, 0.75875, 0.75925, 0.75925, 0.76, 0.76, 0.76025, 0.76025, 0.7605, 0.7605, 0.76075, 0.76075, 0.76175, 0.76175, 0.76225, 0.76225, 0.7625, 0.7625, 0.76325, 0.76325, 0.7635, 0.7635, 0.765, 0.765, 0.7655, 0.7655, 0.76575, 0.76575, 0.76625, 0.76625, 0.7665, 0.7665, 0.767, 0.767, 0.768, 0.768, 0.77025, 0.77025, 0.7705, 0.7705, 0.77175, 0.77175, 0.772, 0.772, 0.77225, 0.77225, 0.773, 0.773, 0.77375, 0.77375, 0.77425, 0.77425, 0.775, 0.775, 0.7755, 0.7755, 0.776, 0.776, 0.77625, 0.77625, 0.7765, 0.7765, 0.77675, 0.77675, 0.77825, 0.77825, 0.7795, 0.7795, 0.781, 0.781, 0.782, 0.782, 0.78275, 0.78275, 0.78375, 0.78375, 0.784, 0.784, 0.78425, 0.78425, 0.78525, 0.78525, 0.786, 0.786, 0.78675, 0.78675, 0.78725, 0.78725, 0.788, 0.788, 0.78925, 0.78925, 0.78975, 0.78975, 0.79075, 0.79075, 0.791, 0.79125, 0.79125, 0.792, 0.792, 0.793, 0.793, 0.7935, 0.7935, 0.79375, 0.79375, 0.79425, 0.79425, 0.79475, 0.79475, 0.79575, 0.79575, 0.79675, 0.79675, 0.79725, 0.79725, 0.7975, 0.7975, 0.79775, 0.79775, 0.7985, 0.7985, 0.799, 0.799, 0.79975, 0.79975, 0.8, 0.8, 0.80075, 0.80075, 0.8015, 0.8015, 0.80275, 0.80275, 0.803, 0.803, 0.80325, 0.80325, 0.8045, 0.8045, 0.805, 0.805, 0.8055, 0.8055, 0.806, 0.806, 0.80625, 0.80625, 0.80675, 0.80675, 0.8075, 0.8075, 0.80775, 0.80775, 0.808, 0.808, 0.8085, 0.8085, 0.809, 0.809, 0.80925, 0.80925, 0.81, 0.81, 0.81125, 0.81125, 0.8115, 0.8115, 0.812, 0.812, 0.81275, 0.81275, 0.813, 0.813, 0.81325, 0.81325, 0.8135, 0.8135, 0.814, 0.814, 0.81425, 0.81425, 0.815, 0.815, 0.81525, 0.81525, 0.81625, 0.81625, 0.81675, 0.81675, 0.817, 0.817, 0.8175, 0.8175, 0.81775, 0.81775, 0.81825, 0.81825, 0.8185, 0.8185, 0.81925, 0.81925, 0.81975, 0.81975, 0.82, 0.82, 0.82025, 0.82025, 0.8205, 0.8205, 0.82075, 0.82075, 0.821, 0.821, 0.822, 0.822, 0.8225, 0.8225, 0.823, 0.823, 0.82475, 0.82475, 0.8255, 0.8255, 0.82575, 0.82575, 0.8265, 0.8265, 0.82725, 0.82725, 0.82775, 0.82775, 0.828, 0.828, 0.8285, 0.8285, 0.82925, 0.82925, 0.83, 0.83, 0.831, 0.831, 0.83225, 0.83225, 0.8325, 0.8325, 0.833, 0.833, 0.83325, 0.83325, 0.8335, 0.8335, 0.8345, 0.8345, 0.835, 0.835, 0.83525, 0.83525, 0.8355, 0.8355, 0.83625, 0.83625, 0.83675, 0.83675, 0.83725, 0.83725, 0.83775, 0.83775, 0.83825, 0.83825, 0.8395, 0.8395, 0.84075, 0.84075, 0.84175, 0.84175, 0.84225, 0.84225, 0.8425, 0.8425, 0.84325, 0.84325, 0.8435, 0.8435, 0.84375, 0.84375, 0.844, 0.844, 0.8445, 0.8445, 0.84475, 0.84475, 0.845, 0.845, 0.84525, 0.84525, 0.8455, 0.8455, 0.84625, 0.84625, 0.84725, 0.84725, 0.8475, 0.8475, 0.84775, 0.84775, 0.8485, 0.8485, 0.84875, 0.84875, 0.849, 0.849, 0.8495, 0.8495, 0.84975, 0.84975, 0.85, 0.85, 0.85075, 0.85075, 0.85125, 0.85125, 0.8515, 0.8515, 0.852, 0.852, 0.85275, 0.85275, 0.853, 0.853, 0.8535, 0.8535, 0.85375, 0.85375, 0.854, 0.854, 0.8545, 0.8545, 0.855, 0.855, 0.85525, 0.85525, 0.8555, 0.8555, 0.85575, 0.85575, 0.856, 0.856, 0.8565, 0.8565, 0.85675, 0.85675, 0.857, 0.857, 0.85775, 0.85775, 0.8585, 0.8585, 0.85975, 0.85975, 0.86, 0.86, 0.861, 0.861, 0.86125, 0.86125, 0.862, 0.862, 0.8625, 0.8625, 0.863, 0.863, 0.86325, 0.86325, 0.8635, 0.8635, 0.86425, 0.86425, 0.865, 0.865, 0.86525, 0.86525, 0.8655, 0.8655, 0.86575, 0.86575, 0.86675, 0.86675, 0.86725, 0.86725, 0.8675, 0.8675, 0.8685, 0.8685, 0.86875, 0.86875, 0.869, 0.869, 0.86925, 0.86925, 0.86975, 0.86975, 0.87, 0.87, 0.87075, 0.87075, 0.871, 0.871, 0.87175, 0.87175, 0.872, 0.872, 0.87225, 0.87225, 0.87275, 0.87275, 0.873, 0.873, 0.87325, 0.87325, 0.8735, 0.8735, 0.87375, 0.87375, 0.87425, 0.87425, 0.87475, 0.87475, 0.875, 0.875, 0.87525, 0.87525, 0.8755, 0.8755, 0.87625, 0.87625, 0.8765, 0.8765, 0.87675, 0.87675, 0.87725, 0.87725, 0.8775, 0.8775, 0.87825, 0.87825, 0.87875, 0.87875, 0.879, 0.879, 0.8795, 0.8795, 0.87975, 0.87975, 0.88, 0.88, 0.8805, 0.8805, 0.88125, 0.88125, 0.8815, 0.8815, 0.882, 0.882, 0.88225, 0.88225, 0.88275, 0.88275, 0.88325, 0.88325, 0.8835, 0.8835, 0.88375, 0.88375, 0.884, 0.884, 0.88425, 0.88425, 0.88475, 0.88475, 0.88575, 0.88575, 0.886, 0.886, 0.8865, 0.8865, 0.88725, 0.88725, 0.8875, 0.8875, 0.88775, 0.88775, 0.888, 0.888, 0.88825, 0.88825, 0.889, 0.889, 0.8895, 0.8895, 0.88975, 0.88975, 0.89, 0.89, 0.89025, 0.89025, 0.89075, 0.89075, 0.891, 0.891, 0.89125, 0.89125, 0.8915, 0.8915, 0.89175, 0.89175, 0.89225, 0.89225, 0.8925, 0.8925, 0.89275, 0.89275, 0.893, 0.893, 0.89325, 0.89325, 0.8935, 0.8935, 0.894, 0.894, 0.8945, 0.8945, 0.895, 0.895, 0.8955, 0.8955, 0.89575, 0.89575, 0.896, 0.896, 0.8965, 0.8965, 0.89675, 0.89675, 0.89725, 0.89725, 0.8975, 0.8975, 0.8985, 0.8985, 0.89875, 0.89875, 0.899, 0.899, 0.89925, 0.89925, 0.8995, 0.8995, 0.89975, 0.89975, 0.9, 0.9, 0.90075, 0.90075, 0.90125, 0.90125, 0.9015, 0.9015, 0.90225, 0.90225, 0.9025, 0.9025, 0.90275, 0.90275, 0.90325, 0.90325, 0.9035, 0.9035, 0.90375, 0.90375, 0.904, 0.904, 0.90425, 0.90425, 0.9045, 0.9045, 0.90475, 0.90475, 0.905, 0.905, 0.9055, 0.9055, 0.906, 0.906, 0.9065, 0.9065, 0.90675, 0.90675, 0.907, 0.907, 0.908, 0.908, 0.90825, 0.90825, 0.9085, 0.9085, 0.90875, 0.90875, 0.90925, 0.90925, 0.9095, 0.9095, 0.90975, 0.90975, 0.91025, 0.91025, 0.9105, 0.9105, 0.91075, 0.91075, 0.911, 0.911, 0.91125, 0.91125, 0.9115, 0.9115, 0.91175, 0.91175, 0.912, 0.912, 0.91225, 0.91225, 0.91325, 0.91325, 0.9135, 0.9135, 0.91375, 0.91375, 0.91425, 0.91425, 0.91475, 0.91475, 0.915, 0.915, 0.91525, 0.91525, 0.9155, 0.9155, 0.91575, 0.91575, 0.916, 0.916, 0.91625, 0.91625, 0.9165, 0.9165, 0.91675, 0.91675, 0.91725, 0.91725, 0.9175, 0.9175, 0.91775, 0.91775, 0.918, 0.918, 0.91825, 0.91825, 0.9185, 0.9185, 0.91925, 0.91925, 0.9195, 0.9195, 0.91975, 0.91975, 0.92, 0.92, 0.92025, 0.92025, 0.9205, 0.9205, 0.921, 0.921, 0.92125, 0.92125, 0.9215, 0.9215, 0.92175, 0.92175, 0.922, 0.922, 0.92275, 0.92275, 0.923, 0.923, 0.92325, 0.92325, 0.9235, 0.9235, 0.92425, 0.92425, 0.9245, 0.9245, 0.925, 0.925, 0.92525, 0.92525, 0.9255, 0.9255, 0.92575, 0.92575, 0.92625, 0.92625, 0.9265, 0.9265, 0.92675, 0.92675, 0.927, 0.927, 0.92725, 0.92725, 0.92775, 0.92775, 0.928, 0.928, 0.92825, 0.92825, 0.9285, 0.9285, 0.92875, 0.92875, 0.929, 0.929, 0.92925, 0.92975, 0.92975, 0.931, 0.931, 0.9315, 0.9315, 0.93175, 0.93175, 0.93225, 0.93225, 0.93275, 0.93275, 0.933, 0.933, 0.93375, 0.93375, 0.934, 0.934, 0.93425, 0.93425, 0.9345, 0.9345, 0.93475, 0.93475, 0.935, 0.935, 0.93525, 0.93525, 0.9355, 0.9355, 0.93575, 0.93575, 0.936, 0.936, 0.9365, 0.9365, 0.93675, 0.93675, 0.937, 0.937, 0.9375, 0.9375, 0.93775, 0.93775, 0.938, 0.938, 0.93825, 0.93825, 0.939, 0.939, 0.93925, 0.93925, 0.9395, 0.9395, 0.93975, 0.93975, 0.94025, 0.94025, 0.9405, 0.9405, 0.94075, 0.94075, 0.941, 0.941, 0.94125, 0.94125, 0.9415, 0.9415, 0.94175, 0.94175, 0.942, 0.942, 0.94225, 0.94225, 0.9425, 0.9425, 0.94275, 0.94275, 0.943, 0.943, 0.94325, 0.94325, 0.9435, 0.9435, 0.94375, 0.94375, 0.94425, 0.94425, 0.9445, 0.9445, 0.94475, 0.94475, 0.945, 0.945, 0.9455, 0.9455, 0.94575, 0.94575, 0.946, 0.946, 0.94625, 0.94625, 0.9465, 0.9465, 0.94675, 0.94675, 0.947, 0.947, 0.9475, 0.9475, 0.94775, 0.94775, 0.948, 0.948, 0.94825, 0.94825, 0.9485, 0.9485, 0.94875, 0.94875, 0.949, 0.949, 0.94925, 0.94925, 0.9495, 0.9495, 0.94975, 0.94975, 0.95, 0.95, 0.9505, 0.9505, 0.951, 0.951, 0.95125, 0.95125, 0.9515, 0.9515, 0.95175, 0.95175, 0.95225, 0.95225, 0.9525, 0.9525, 0.95275, 0.95275, 0.953, 0.953, 0.95325, 0.95325, 0.9535, 0.9535, 0.95375, 0.95375, 0.954, 0.954, 0.95425, 0.95425, 0.955, 0.955, 0.9555, 0.9555, 0.956, 0.956, 0.95625, 0.95625, 0.9565, 0.9565, 0.957, 0.957, 0.95725, 0.95725, 0.9575, 0.9575, 0.95775, 0.95775, 0.9585, 0.9585, 0.95875, 0.95875, 0.959, 0.959, 0.95925, 0.95925, 0.9595, 0.9595, 0.95975, 0.95975, 0.96, 0.96, 0.9605, 0.9605, 0.96075, 0.96075, 0.961, 0.961, 0.96125, 0.96125, 0.9615, 0.9615, 0.96175, 0.96175, 0.962, 0.962, 0.96225, 0.96225, 0.9625, 0.9625, 0.96275, 0.96275, 0.963, 0.963, 0.96325, 0.96325, 0.9635, 0.9635, 0.96375, 0.96375, 0.964, 0.964, 0.9645, 0.9645, 0.965, 0.965, 0.96525, 0.96525, 0.9655, 0.9655, 0.96575, 0.96575, 0.966, 0.966, 0.9665, 0.9665, 0.96675, 0.96675, 0.967, 0.967, 0.96725, 0.96725, 0.9675, 0.9675, 0.96775, 0.96775, 0.968, 0.968, 0.96825, 0.96825, 0.9685, 0.9685, 0.969, 0.969, 0.9695, 0.9695, 0.96975, 0.96975, 0.97, 0.97, 0.97025, 0.97025, 0.9705, 0.9705, 0.97075, 0.97075, 0.971, 0.971, 0.97125, 0.97125, 0.9715, 0.9715, 0.97175, 0.97175, 0.972, 0.972, 0.97225, 0.97225, 0.9725, 0.9725, 0.97275, 0.97275, 0.973, 0.973, 0.97325, 0.97325, 0.9735, 0.9735, 0.97375, 0.97375, 0.974, 0.974, 0.97425, 0.97425, 0.9745, 0.9745, 0.97475, 0.97475, 0.975, 0.975, 0.975, 0.975, 0.97525, 0.97525, 0.9755, 0.9755, 0.97575, 0.97575, 0.97625, 0.97625, 0.9765, 0.9765, 0.97675, 0.97675, 0.977, 0.977, 0.97725, 0.97725, 0.97775, 0.97775, 0.978, 0.978, 0.97825, 0.97825, 0.97875, 0.97875, 0.979, 0.979, 0.97925, 0.97925, 0.9795, 0.9795, 0.97975, 0.97975, 0.98, 0.98, 0.9805, 0.9805, 0.98075, 0.98075, 0.981, 0.981, 0.98125, 0.98125, 0.9815, 0.9815, 0.98175, 0.98175, 0.98225, 0.98225, 0.9825, 0.9825, 0.98275, 0.98275, 0.983, 0.983, 0.98325, 0.98325, 0.9835, 0.9835, 0.98375, 0.98375, 0.984, 0.984, 0.98425, 0.98425, 0.9845, 0.9845, 0.98475, 0.98475, 0.985, 0.985, 0.98525, 0.98525, 0.9855, 0.9855, 0.98575, 0.98575, 0.986, 0.986, 0.98625, 0.98625, 0.9865, 0.9865, 0.98675, 0.98675, 0.987, 0.987, 0.98725, 0.98725, 0.9875, 0.9875, 0.98775, 0.98775, 0.988, 0.988, 0.98825, 0.98825, 0.9885, 0.9885, 0.98875, 0.98875, 0.989, 0.989, 0.98925, 0.98925, 0.9895, 0.9895, 0.98975, 0.98975, 0.98975, 0.98975, 0.99, 0.99, 0.99025, 0.99025, 0.9905, 0.9905, 0.99075, 0.99075, 0.991, 0.991, 0.99125, 0.99125, 0.99125, 0.99125, 0.9915, 0.9915, 0.99175, 0.99175, 0.992, 0.992, 0.99225, 0.99225, 0.9925, 0.9925, 0.99275, 0.99275, 0.99325, 0.99325, 0.9935, 0.9935, 0.99375, 0.99375, 0.994, 0.994, 0.99425, 0.99425, 0.9945, 0.9945, 0.995, 0.995, 0.99525, 0.99525, 0.9955, 0.9955, 0.9955, 0.9955, 0.99575, 0.99575, 0.996, 0.996, 0.99625, 0.99625, 0.9965, 0.9965, 0.99675, 0.99675, 0.997, 0.997, 0.99725, 0.99725, 0.9975, 0.9975, 0.99775, 0.99775, 0.998, 0.998, 0.998, 0.998, 0.99825, 0.99825, 0.9985, 0.9985, 0.9985, 0.9985, 0.99875, 0.99875, 0.999, 0.999, 0.99925, 0.99925, 0.9995, 0.9995, 0.9995, 0.9995, 0.99975, 0.99975, 0.99975, 0.99975, 0.99975, 0.99975, 0.99975, 0.99975, 0.99975, 0.99975, 1.0, 1.0, 1.0, 1.0, 1.0, 1.0, 1.0, 1.0, 1.0, 1.0, 1.0, 1.0, 1.0, 1.0, 1.0, 1.0, 1.0, 1.0, 1.0, 1.0, 1.0, 1.0, 1.0, 1.0, 1.0, 1.0, 1.0, 1.0, 1.0, 1.0, 1.0, 1.0, 1.0, 1.0, 1.0, 1.0, 1.0, 1.0, 1.0, 1.0, 1.0, 1.0, 1.0, 1.0]",B (Random +/-1)
Logistic Regression,B,10,0.839375,0.9155448125000001,0.037687063217163086,"[0.0, 0.0, 0.0, 0.00025, 0.00025, 0.0005, 0.0005, 0.00075, 0.00075, 0.001, 0.001, 0.00125, 0.00125, 0.0015, 0.0015, 0.00175, 0.00175, 0.002, 0.002, 0.00225, 0.00225, 0.0025, 0.0025, 0.00275, 0.00275, 0.003, 0.003, 0.00325, 0.00325, 0.0035, 0.0035, 0.00375, 0.00375, 0.004, 0.004, 0.00425, 0.00425, 0.0045, 0.0045, 0.00475, 0.00475, 0.005, 0.005, 0.0055, 0.0055, 0.00575, 0.00575, 0.006, 0.006, 0.00625, 0.00625, 0.0065, 0.0065, 0.00675, 0.00675, 0.007, 0.007, 0.00725, 0.00725, 0.0075, 0.0075, 0.00775, 0.00775, 0.008, 0.008, 0.00825, 0.00825, 0.0085, 0.0085, 0.00875, 0.00875, 0.009, 0.009, 0.00925, 0.00925, 0.0095, 0.0095, 0.00975, 0.00975, 0.01, 0.01, 0.01025, 0.01025, 0.0105, 0.0105, 0.01075, 0.01075, 0.011, 0.011, 0.01125, 0.01125, 0.0115, 0.0115, 0.01175, 0.01175, 0.012, 0.012, 0.01225, 0.01225, 0.0125, 0.0125, 0.01275, 0.01275, 0.013, 0.013, 0.0135, 0.0135, 0.014, 0.014, 0.0145, 0.0145, 0.01475, 0.01475, 0.015, 0.015, 0.01525, 0.01525, 0.0155, 0.0155, 0.01575, 0.01575, 0.01625, 0.01625, 0.0165, 0.0165, 0.01675, 0.01675, 0.017, 0.017, 0.01725, 0.01725, 0.0175, 0.0175, 0.01775, 0.01775, 0.018, 0.018, 0.0185, 0.0185, 0.01875, 0.01875, 0.019, 0.019, 0.01925, 0.01925, 0.0195, 0.0195, 0.01975, 0.01975, 0.02, 0.02, 0.02025, 0.02025, 0.02075, 0.02075, 0.021, 0.021, 0.02125, 0.02125, 0.0215, 0.0215, 0.02175, 0.02175, 0.022, 0.022, 0.02225, 0.02225, 0.0225, 0.0225, 0.02275, 0.02275, 0.023, 0.023, 0.0235, 0.0235, 0.024, 0.024, 0.02425, 0.02425, 0.0245, 0.0245, 0.02475, 0.02475, 0.025, 0.025, 0.02525, 0.02525, 0.0255, 0.0255, 0.02575, 0.02575, 0.026, 0.026, 0.02625, 0.02625, 0.0265, 0.0265, 0.02675, 0.02675, 0.027, 0.027, 0.02725, 0.02725, 0.0275, 0.0275, 0.028, 0.028, 0.02825, 0.02825, 0.0285, 0.0285, 0.02875, 0.02875, 0.029, 0.029, 0.02925, 0.02925, 0.0295, 0.0295, 0.02975, 0.02975, 0.03, 0.03, 0.03025, 0.03025, 0.0305, 0.0305, 0.03075, 0.03075, 0.031, 0.031, 0.03125, 0.03125, 0.0315, 0.0315, 0.03175, 0.03175, 0.032, 0.032, 0.0325, 0.0325, 0.03275, 0.03275, 0.033, 0.033, 0.0335, 0.0335, 0.03375, 0.03375, 0.034, 0.034, 0.03425, 0.03425, 0.0345, 0.0345, 0.03475, 0.03475, 0.035, 0.035, 0.03525, 0.03525, 0.0355, 0.0355, 0.03575, 0.03575, 0.036, 0.036, 0.03625, 0.03625, 0.0365, 0.0365, 0.03675, 0.03675, 0.037, 0.037, 0.03725, 0.03725, 0.0375, 0.0375, 0.03775, 0.03775, 0.038, 0.038, 0.03825, 0.03825, 0.0385, 0.0385, 0.03875, 0.03875, 0.039, 0.039, 0.03925, 0.03925, 0.0395, 0.0395, 0.03975, 0.03975, 0.04, 0.04, 0.0405, 0.0405, 0.04075, 0.04075, 0.041, 0.041, 0.04125, 0.04125, 0.0415, 0.0415, 0.04175, 0.04175, 0.042, 0.042, 0.04275, 0.04275, 0.043, 0.043, 0.04325, 0.04325, 0.04375, 0.04375, 0.044, 0.044, 0.04425, 0.04425, 0.0445, 0.0445, 0.04475, 0.04475, 0.045, 0.045, 0.046, 0.046, 0.04625, 0.04625, 0.0465, 0.0465, 0.04675, 0.04675, 0.04725, 0.04725, 0.04775, 0.04775, 0.048, 0.048, 0.04825, 0.04825, 0.049, 0.049, 0.04925, 0.04925, 0.05, 0.05, 0.05025, 0.05025, 0.0505, 0.0505, 0.051, 0.051, 0.05125, 0.05125, 0.0515, 0.0515, 0.05175, 0.05175, 0.052, 0.052, 0.05225, 0.05225, 0.0525, 0.0525, 0.05275, 0.05275, 0.053, 0.053, 0.05325, 0.05325, 0.0535, 0.0535, 0.05375, 0.05375, 0.054, 0.054, 0.05425, 0.05425, 0.05475, 0.05475, 0.055, 0.055, 0.05525, 0.05525, 0.0555, 0.0555, 0.05575, 0.05575, 0.056, 0.056, 0.0565, 0.0565, 0.05675, 0.05675, 0.057, 0.057, 0.0575, 0.0575, 0.058, 0.058, 0.05825, 0.05825, 0.0585, 0.0585, 0.05875, 0.05875, 0.059, 0.059, 0.05975, 0.05975, 0.06, 0.06, 0.06025, 0.06025, 0.0605, 0.0605, 0.06075, 0.06075, 0.061, 0.061, 0.06125, 0.06125, 0.06175, 0.06175, 0.062, 0.062, 0.06225, 0.06225, 0.0625, 0.0625, 0.06275, 0.06275, 0.06325, 0.06325, 0.0635, 0.0635, 0.06375, 0.06375, 0.064, 0.064, 0.06425, 0.06425, 0.06475, 0.06475, 0.06525, 0.06525, 0.0655, 0.0655, 0.06575, 0.06575, 0.066, 0.066, 0.06625, 0.06625, 0.0665, 0.0665, 0.06675, 0.06675, 0.067, 0.067, 0.06725, 0.06725, 0.06775, 0.06775, 0.068, 0.068, 0.06825, 0.06825, 0.0685, 0.0685, 0.06875, 0.06875, 0.069, 0.069, 0.06975, 0.06975, 0.07025, 0.07025, 0.0705, 0.0705, 0.07075, 0.07075, 0.071, 0.071, 0.07125, 0.07125, 0.0715, 0.0715, 0.07175, 0.07175, 0.072, 0.072, 0.07225, 0.07225, 0.0725, 0.0725, 0.0735, 0.0735, 0.07375, 0.07375, 0.07425, 0.07425, 0.0745, 0.0745, 0.07475, 0.07475, 0.075, 0.075, 0.0755, 0.0755, 0.07575, 0.07575, 0.076, 0.076, 0.07625, 0.07625, 0.0765, 0.0765, 0.07675, 0.07675, 0.077, 0.077, 0.07725, 0.07725, 0.07775, 0.07775, 0.078, 0.078, 0.0785, 0.0785, 0.0795, 0.0795, 0.07975, 0.07975, 0.08, 0.08, 0.08025, 0.08025, 0.0805, 0.0805, 0.08075, 0.08075, 0.08125, 0.08125, 0.0815, 0.0815, 0.08175, 0.08175, 0.082, 0.082, 0.08225, 0.08225, 0.0825, 0.0825, 0.08275, 0.08275, 0.083, 0.083, 0.08325, 0.08325, 0.0835, 0.0835, 0.084, 0.084, 0.08475, 0.08475, 0.085, 0.085, 0.0855, 0.0855, 0.08575, 0.08575, 0.086, 0.086, 0.08625, 0.08625, 0.0865, 0.0865, 0.08675, 0.08675, 0.087, 0.087, 0.0875, 0.0875, 0.088, 0.088, 0.08825, 0.08825, 0.089, 0.089, 0.08925, 0.08925, 0.0895, 0.0895, 0.08975, 0.08975, 0.0905, 0.0905, 0.09075, 0.09075, 0.09125, 0.09125, 0.0915, 0.0915, 0.09175, 0.09175, 0.09275, 0.09275, 0.093, 0.093, 0.0935, 0.0935, 0.09375, 0.09375, 0.094, 0.094, 0.0945, 0.0945, 0.09475, 0.09475, 0.09525, 0.09525, 0.0955, 0.0955, 0.09575, 0.09575, 0.096, 0.096, 0.09625, 0.09625, 0.0965, 0.0965, 0.09675, 0.09675, 0.097, 0.097, 0.09725, 0.09725, 0.09825, 0.09825, 0.0985, 0.0985, 0.09925, 0.09925, 0.09975, 0.09975, 0.10025, 0.10025, 0.1005, 0.1005, 0.101, 0.101, 0.10125, 0.10125, 0.10175, 0.10175, 0.102, 0.102, 0.10225, 0.10225, 0.104, 0.104, 0.10425, 0.10425, 0.1045, 0.1045, 0.10475, 0.10475, 0.10525, 0.10525, 0.1055, 0.1055, 0.106, 0.106, 0.10625, 0.10625, 0.1065, 0.1065, 0.107, 0.107, 0.10725, 0.10725, 0.10775, 0.10775, 0.10875, 0.10875, 0.10925, 0.10925, 0.1095, 0.1095, 0.10975, 0.10975, 0.11, 0.11, 0.11025, 0.11025, 0.111, 0.111, 0.11125, 0.11125, 0.112, 0.112, 0.11225, 0.11225, 0.1125, 0.1125, 0.11325, 0.11325, 0.1135, 0.1135, 0.11375, 0.11375, 0.114, 0.114, 0.11425, 0.11425, 0.115, 0.115, 0.11525, 0.11525, 0.1155, 0.1155, 0.11575, 0.11575, 0.116, 0.116, 0.11625, 0.11625, 0.11675, 0.11675, 0.117, 0.117, 0.11775, 0.11775, 0.118, 0.118, 0.11825, 0.11825, 0.11975, 0.11975, 0.12, 0.12, 0.1205, 0.1205, 0.12075, 0.12075, 0.121, 0.121, 0.12125, 0.12125, 0.1215, 0.1215, 0.122, 0.122, 0.12225, 0.12225, 0.1225, 0.1225, 0.12325, 0.12325, 0.1235, 0.1235, 0.124, 0.124, 0.12425, 0.12425, 0.1245, 0.1245, 0.12475, 0.12475, 0.125, 0.125, 0.12575, 0.12575, 0.12625, 0.12625, 0.1265, 0.1265, 0.12675, 0.12675, 0.127, 0.127, 0.12725, 0.12725, 0.129, 0.129, 0.1295, 0.1295, 0.12975, 0.12975, 0.13, 0.13, 0.13025, 0.13025, 0.13075, 0.13075, 0.1315, 0.1315, 0.132, 0.132, 0.13225, 0.13225, 0.13275, 0.13275, 0.133, 0.133, 0.13325, 0.13325, 0.13425, 0.13425, 0.1345, 0.1345, 0.13475, 0.13475, 0.135, 0.135, 0.13525, 0.13525, 0.1355, 0.1355, 0.13575, 0.13575, 0.13625, 0.13625, 0.1365, 0.1365, 0.13675, 0.13675, 0.1375, 0.1375, 0.138, 0.138, 0.1385, 0.1385, 0.13875, 0.13875, 0.1405, 0.1405, 0.14075, 0.14075, 0.1415, 0.1415, 0.14175, 0.14175, 0.14225, 0.14225, 0.1425, 0.1425, 0.14275, 0.14275, 0.14375, 0.14375, 0.144, 0.144, 0.145, 0.145, 0.14525, 0.14525, 0.1455, 0.1455, 0.14575, 0.14575, 0.1465, 0.1465, 0.14675, 0.14675, 0.147, 0.147, 0.14725, 0.14725, 0.1475, 0.1475, 0.148, 0.148, 0.14875, 0.14875, 0.1495, 0.1495, 0.14975, 0.14975, 0.15, 0.15, 0.15175, 0.15175, 0.152, 0.152, 0.1525, 0.1525, 0.15275, 0.15275, 0.1535, 0.1535, 0.154, 0.154, 0.15425, 0.15425, 0.15525, 0.15525, 0.156, 0.156, 0.15675, 0.15675, 0.15775, 0.15775, 0.158, 0.158, 0.15825, 0.15825, 0.15875, 0.15875, 0.159, 0.159, 0.1595, 0.1595, 0.16, 0.16, 0.1605, 0.1605, 0.161, 0.161, 0.1615, 0.1615, 0.16175, 0.16175, 0.162, 0.162, 0.163, 0.163, 0.16325, 0.16325, 0.1635, 0.1635, 0.16375, 0.16375, 0.16425, 0.16425, 0.1645, 0.1645, 0.16475, 0.16475, 0.1655, 0.1655, 0.16625, 0.16625, 0.167, 0.167, 0.16775, 0.16775, 0.168, 0.168, 0.1685, 0.1685, 0.169, 0.169, 0.1695, 0.1695, 0.16975, 0.16975, 0.17, 0.17, 0.1705, 0.1705, 0.171, 0.171, 0.17125, 0.17125, 0.1715, 0.1715, 0.17175, 0.17175, 0.17225, 0.17225, 0.173, 0.173, 0.17325, 0.17325, 0.1735, 0.1735, 0.17375, 0.17375, 0.1745, 0.1745, 0.1765, 0.1765, 0.17675, 0.17675, 0.177, 0.177, 0.17725, 0.17725, 0.17775, 0.17775, 0.1785, 0.1785, 0.179, 0.179, 0.17925, 0.17925, 0.18, 0.18, 0.18025, 0.18025, 0.1805, 0.1805, 0.18125, 0.18125, 0.1815, 0.1815, 0.18225, 0.18225, 0.1825, 0.1825, 0.184, 0.184, 0.185, 0.185, 0.18525, 0.18525, 0.1855, 0.1855, 0.186, 0.186, 0.18625, 0.18625, 0.1865, 0.1865, 0.1875, 0.1875, 0.189, 0.189, 0.18925, 0.18925, 0.18975, 0.18975, 0.1905, 0.1905, 0.19075, 0.19075, 0.19125, 0.19125, 0.19175, 0.19175, 0.192, 0.192, 0.19225, 0.19225, 0.19275, 0.19275, 0.1945, 0.1945, 0.19475, 0.19475, 0.19525, 0.19525, 0.19625, 0.19625, 0.197, 0.197, 0.19725, 0.19725, 0.19775, 0.19775, 0.198, 0.198, 0.19825, 0.19825, 0.199, 0.199, 0.19925, 0.19925, 0.1995, 0.1995, 0.19975, 0.19975, 0.20025, 0.20025, 0.20075, 0.20075, 0.201, 0.201, 0.2025, 0.2025, 0.203, 0.203, 0.2035, 0.2035, 0.20375, 0.20375, 0.204, 0.204, 0.2045, 0.2045, 0.20475, 0.20475, 0.20525, 0.20525, 0.20675, 0.20675, 0.209, 0.209, 0.21025, 0.21025, 0.21075, 0.21075, 0.211, 0.211, 0.212, 0.212, 0.2125, 0.2125, 0.21275, 0.21275, 0.213, 0.213, 0.2135, 0.2135, 0.21425, 0.21425, 0.215, 0.215, 0.2155, 0.2155, 0.216, 0.216, 0.2165, 0.2165, 0.21775, 0.21775, 0.218, 0.218, 0.219, 0.219, 0.2205, 0.2205, 0.22125, 0.22125, 0.222, 0.222, 0.223, 0.223, 0.22375, 0.22375, 0.2245, 0.2245, 0.227, 0.227, 0.22725, 0.22725, 0.2275, 0.2275, 0.22775, 0.22775, 0.2295, 0.2295, 0.22975, 0.22975, 0.23, 0.23, 0.231, 0.231, 0.23125, 0.23125, 0.2325, 0.2325, 0.2335, 0.2335, 0.23525, 0.23525, 0.23625, 0.23625, 0.2365, 0.2365, 0.23675, 0.23675, 0.237, 0.237, 0.23725, 0.23725, 0.2375, 0.2375, 0.2385, 0.2385, 0.23925, 0.23925, 0.24, 0.24, 0.2405, 0.2405, 0.2415, 0.2415, 0.242, 0.242, 0.2425, 0.2425, 0.243, 0.243, 0.24325, 0.24325, 0.2435, 0.2435, 0.24375, 0.24375, 0.244, 0.244, 0.247, 0.247, 0.24725, 0.24725, 0.24775, 0.24775, 0.24875, 0.24875, 0.249, 0.249, 0.25, 0.25, 0.25175, 0.25175, 0.252, 0.252, 0.2525, 0.2525, 0.253, 0.253, 0.25325, 0.25325, 0.2535, 0.2535, 0.25375, 0.25375, 0.255, 0.255, 0.2555, 0.2555, 0.25675, 0.25675, 0.25825, 0.25825, 0.259, 0.259, 0.2595, 0.2595, 0.263, 0.263, 0.26375, 0.26375, 0.26475, 0.26475, 0.265, 0.265, 0.26525, 0.26525, 0.267, 0.267, 0.268, 0.268, 0.26825, 0.26825, 0.269, 0.269, 0.26925, 0.26925, 0.2695, 0.2695, 0.2705, 0.2705, 0.27075, 0.27075, 0.271, 0.271, 0.27125, 0.27125, 0.27175, 0.27175, 0.2735, 0.2735, 0.27375, 0.27375, 0.274, 0.274, 0.2745, 0.2745, 0.27475, 0.27475, 0.275, 0.275, 0.2765, 0.2765, 0.279, 0.279, 0.27925, 0.27925, 0.28125, 0.28125, 0.2815, 0.2815, 0.282, 0.282, 0.28475, 0.28475, 0.28575, 0.28575, 0.2865, 0.2865, 0.287, 0.287, 0.28825, 0.28825, 0.2895, 0.2895, 0.292, 0.292, 0.29375, 0.29375, 0.2955, 0.2955, 0.29675, 0.29675, 0.298, 0.298, 0.29875, 0.29875, 0.299, 0.299, 0.2995, 0.2995, 0.29975, 0.29975, 0.30025, 0.30025, 0.3025, 0.3025, 0.30275, 0.30275, 0.3035, 0.3035, 0.3045, 0.3045, 0.30525, 0.30525, 0.30575, 0.30575, 0.30875, 0.30875, 0.309, 0.309, 0.31075, 0.31075, 0.31125, 0.31125, 0.31225, 0.31225, 0.31275, 0.31275, 0.313, 0.313, 0.31325, 0.31325, 0.3135, 0.3135, 0.31425, 0.31425, 0.3145, 0.3145, 0.317, 0.317, 0.31975, 0.31975, 0.32, 0.32, 0.32075, 0.32075, 0.32125, 0.32125, 0.3225, 0.3225, 0.323, 0.323, 0.3235, 0.3235, 0.32375, 0.32375, 0.324, 0.324, 0.32475, 0.32475, 0.326, 0.326, 0.3265, 0.3265, 0.327, 0.327, 0.3275, 0.3275, 0.32775, 0.32775, 0.3285, 0.3285, 0.32875, 0.32875, 0.32925, 0.32925, 0.33, 0.33, 0.33125, 0.33125, 0.33225, 0.33225, 0.3325, 0.3325, 0.33375, 0.33375, 0.33625, 0.33625, 0.337, 0.337, 0.33775, 0.33775, 0.341, 0.341, 0.34125, 0.34125, 0.3415, 0.3415, 0.34325, 0.34325, 0.34425, 0.34425, 0.346, 0.346, 0.34675, 0.34675, 0.34775, 0.34775, 0.351, 0.351, 0.3525, 0.3525, 0.3535, 0.3535, 0.354, 0.354, 0.35425, 0.35425, 0.3545, 0.3545, 0.35825, 0.35825, 0.35875, 0.35875, 0.3605, 0.3605, 0.36075, 0.36075, 0.3635, 0.3635, 0.3645, 0.3645, 0.36575, 0.36575, 0.36625, 0.36625, 0.36675, 0.36675, 0.367, 0.367, 0.36725, 0.36725, 0.36825, 0.36825, 0.3705, 0.3705, 0.37075, 0.37075, 0.371, 0.371, 0.37225, 0.37225, 0.37425, 0.37425, 0.3745, 0.3745, 0.37575, 0.37575, 0.3765, 0.3765, 0.377, 0.377, 0.3775, 0.3775, 0.3785, 0.3785, 0.3795, 0.3795, 0.38, 0.38, 0.3805, 0.3805, 0.383, 0.383, 0.38425, 0.38425, 0.385, 0.385, 0.38575, 0.38575, 0.38625, 0.38625, 0.3895, 0.3895, 0.39025, 0.39025, 0.39075, 0.39075, 0.39125, 0.39125, 0.39375, 0.39375, 0.39425, 0.39425, 0.3955, 0.3955, 0.39575, 0.39575, 0.39625, 0.39625, 0.397, 0.397, 0.39825, 0.39825, 0.3985, 0.3985, 0.40025, 0.40025, 0.402, 0.402, 0.40425, 0.40425, 0.40475, 0.40475, 0.40575, 0.40575, 0.407, 0.407, 0.409, 0.409, 0.415, 0.415, 0.419, 0.419, 0.41975, 0.41975, 0.42, 0.42, 0.42025, 0.42025, 0.42075, 0.42075, 0.4215, 0.4215, 0.42325, 0.42325, 0.42775, 0.42775, 0.43025, 0.43025, 0.4305, 0.4305, 0.43075, 0.43075, 0.431, 0.431, 0.4315, 0.4315, 0.432, 0.432, 0.4325, 0.4325, 0.43325, 0.43325, 0.4355, 0.4355, 0.44075, 0.44075, 0.4435, 0.4435, 0.444, 0.444, 0.44475, 0.44475, 0.4495, 0.4495, 0.44975, 0.44975, 0.45375, 0.45375, 0.458, 0.458, 0.459, 0.459, 0.4595, 0.4595, 0.4605, 0.4605, 0.46375, 0.46375, 0.466, 0.466, 0.4675, 0.4675, 0.469, 0.469, 0.46975, 0.46975, 0.4735, 0.4735, 0.47425, 0.47425, 0.479, 0.479, 0.47975, 0.47975, 0.48025, 0.48025, 0.4825, 0.4825, 0.4835, 0.4835, 0.4855, 0.4855, 0.488, 0.488, 0.49225, 0.49225, 0.49275, 0.49275, 0.49475, 0.49475, 0.4975, 0.4975, 0.498, 0.498, 0.5, 0.5, 0.501, 0.501, 0.5015, 0.5015, 0.50175, 0.50175, 0.50275, 0.50275, 0.503, 0.503, 0.50425, 0.50425, 0.50925, 0.50925, 0.5095, 0.5095, 0.51075, 0.51075, 0.5115, 0.5115, 0.51475, 0.51475, 0.515, 0.515, 0.52025, 0.52025, 0.5255, 0.5255, 0.52925, 0.52925, 0.53125, 0.53125, 0.53325, 0.53325, 0.5335, 0.5335, 0.5345, 0.5345, 0.535, 0.535, 0.536, 0.536, 0.5385, 0.5385, 0.5395, 0.5395, 0.53975, 0.53975, 0.54075, 0.54075, 0.54375, 0.54375, 0.544, 0.544, 0.5455, 0.5455, 0.546, 0.546, 0.54775, 0.54775, 0.55125, 0.55125, 0.5535, 0.5535, 0.55475, 0.55475, 0.555, 0.555, 0.5575, 0.5575, 0.55875, 0.55875, 0.561, 0.561, 0.56475, 0.56475, 0.566, 0.566, 0.56875, 0.56875, 0.57275, 0.57275, 0.57575, 0.57575, 0.5765, 0.5765, 0.5805, 0.5805, 0.5825, 0.5825, 0.583, 0.583, 0.58525, 0.58525, 0.58825, 0.58825, 0.59125, 0.59125, 0.5965, 0.5965, 0.60125, 0.60125, 0.604, 0.604, 0.60675, 0.60675, 0.61125, 0.61125, 0.614, 0.614, 0.61825, 0.61825, 0.62225, 0.62225, 0.6275, 0.6275, 0.6315, 0.6315, 0.638, 0.638, 0.64125, 0.64125, 0.64425, 0.64425, 0.65075, 0.65075, 0.6525, 0.6525, 0.65425, 0.65425, 0.65875, 0.65875, 0.6615, 0.6615, 0.6635, 0.6635, 0.664, 0.664, 0.6695, 0.6695, 0.67075, 0.67075, 0.67525, 0.67525, 0.67775, 0.67775, 0.68675, 0.68675, 0.6905, 0.6905, 0.6935, 0.6935, 0.69775, 0.69775, 0.6985, 0.6985, 0.7065, 0.7065, 0.7125, 0.7125, 0.71425, 0.71425, 0.72225, 0.72225, 0.7225, 0.7225, 0.72875, 0.72875, 0.73075, 0.73075, 0.745, 0.745, 0.74625, 0.74625, 0.7465, 0.7465, 0.75, 0.75, 0.7565, 0.7565, 0.7705, 0.7705, 0.77375, 0.77375, 0.776, 0.776, 0.78825, 0.78825, 0.81175, 0.81175, 0.81225, 0.81225, 0.8195, 0.8195, 0.8235, 0.8235, 0.8255, 0.8255, 0.85325, 0.85325, 0.86425, 0.86425, 0.876, 0.876, 0.8785, 0.8785, 0.88575, 0.88575, 0.8915, 0.8915, 0.89775, 0.89775, 0.90425, 0.90425, 0.92, 0.92, 1.0]","[0.0, 0.00025, 0.05, 0.05, 0.051, 0.051, 0.0535, 0.0535, 0.0785, 0.0785, 0.0935, 0.0935, 0.11025, 0.11025, 0.12575, 0.12575, 0.13825, 0.13825, 0.15525, 0.15525, 0.17675, 0.17675, 0.18475, 0.18475, 0.18675, 0.18675, 0.1905, 0.1905, 0.1995, 0.1995, 0.2, 0.2, 0.215, 0.215, 0.21725, 0.21725, 0.219, 0.219, 0.22525, 0.22525, 0.22825, 0.22825, 0.234, 0.234, 0.23625, 0.23625, 0.2375, 0.2375, 0.24875, 0.24875, 0.2545, 0.2545, 0.25725, 0.25725, 0.25975, 0.25975, 0.26625, 0.26625, 0.26675, 0.26675, 0.2725, 0.2725, 0.286, 0.286, 0.29175, 0.29175, 0.299, 0.299, 0.301, 0.301, 0.3025, 0.3025, 0.30425, 0.30425, 0.3045, 0.3045, 0.31325, 0.31325, 0.31675, 0.31675, 0.319, 0.319, 0.3205, 0.3205, 0.336, 0.336, 0.33625, 0.33625, 0.34025, 0.34025, 0.349, 0.349, 0.34925, 0.34925, 0.352, 0.352, 0.3575, 0.3575, 0.36725, 0.36725, 0.37275, 0.37275, 0.3755, 0.3755, 0.3775, 0.3775, 0.379, 0.379, 0.382, 0.382, 0.383, 0.383, 0.38375, 0.38375, 0.385, 0.385, 0.38625, 0.38625, 0.391, 0.391, 0.39125, 0.39125, 0.39825, 0.39825, 0.40175, 0.40175, 0.40725, 0.40725, 0.4115, 0.4115, 0.415, 0.415, 0.41975, 0.41975, 0.422, 0.422, 0.42575, 0.42575, 0.42625, 0.42625, 0.4305, 0.4305, 0.431, 0.431, 0.43375, 0.43375, 0.43425, 0.43425, 0.43675, 0.43675, 0.43725, 0.43725, 0.4405, 0.4405, 0.441, 0.441, 0.446, 0.446, 0.447, 0.447, 0.449, 0.449, 0.45025, 0.45025, 0.4535, 0.4535, 0.45525, 0.45525, 0.4555, 0.4555, 0.45575, 0.45575, 0.45875, 0.45875, 0.46575, 0.46575, 0.466, 0.466, 0.467, 0.467, 0.47025, 0.47025, 0.4705, 0.4705, 0.471, 0.471, 0.47275, 0.47275, 0.4745, 0.4745, 0.478, 0.478, 0.48175, 0.48175, 0.484, 0.484, 0.49025, 0.49025, 0.492, 0.492, 0.496, 0.496, 0.49825, 0.49825, 0.49875, 0.49875, 0.501, 0.501, 0.50475, 0.50475, 0.5065, 0.5065, 0.5075, 0.5075, 0.50825, 0.50825, 0.5085, 0.5085, 0.51025, 0.51025, 0.5105, 0.5105, 0.51125, 0.51125, 0.51275, 0.51275, 0.51625, 0.51625, 0.51675, 0.51675, 0.518, 0.518, 0.5185, 0.5185, 0.51875, 0.51875, 0.5215, 0.5215, 0.52375, 0.52375, 0.52425, 0.52425, 0.5275, 0.5275, 0.53, 0.53, 0.53075, 0.53075, 0.53375, 0.53375, 0.53575, 0.53575, 0.538, 0.538, 0.5385, 0.5385, 0.54025, 0.54025, 0.541, 0.541, 0.54325, 0.54325, 0.544, 0.544, 0.54875, 0.54875, 0.54925, 0.54925, 0.5495, 0.5495, 0.55, 0.55, 0.5505, 0.5505, 0.55125, 0.55125, 0.55275, 0.55275, 0.554, 0.554, 0.5565, 0.5565, 0.559, 0.559, 0.563, 0.563, 0.565, 0.565, 0.571, 0.571, 0.57125, 0.57125, 0.5715, 0.5715, 0.57425, 0.57425, 0.5745, 0.5745, 0.57775, 0.57775, 0.58075, 0.58075, 0.582, 0.582, 0.58325, 0.58325, 0.5845, 0.5845, 0.58675, 0.58675, 0.587, 0.587, 0.58775, 0.58775, 0.5885, 0.5885, 0.58875, 0.58875, 0.59, 0.59, 0.59075, 0.59075, 0.593, 0.593, 0.59425, 0.59425, 0.5945, 0.5945, 0.598, 0.598, 0.59925, 0.59925, 0.601, 0.601, 0.60125, 0.60125, 0.60175, 0.60175, 0.602, 0.602, 0.604, 0.604, 0.6045, 0.6045, 0.60575, 0.60575, 0.606, 0.606, 0.61025, 0.61025, 0.611, 0.611, 0.614, 0.614, 0.61575, 0.61575, 0.61625, 0.61625, 0.61725, 0.61725, 0.61825, 0.61825, 0.62, 0.62, 0.623, 0.623, 0.6235, 0.6235, 0.6255, 0.6255, 0.6265, 0.6265, 0.627, 0.627, 0.6275, 0.6275, 0.6295, 0.6295, 0.632, 0.632, 0.63325, 0.63325, 0.63375, 0.63375, 0.6345, 0.6345, 0.63475, 0.63475, 0.6355, 0.6355, 0.638, 0.638, 0.6385, 0.6385, 0.639, 0.639, 0.63925, 0.63925, 0.64225, 0.64225, 0.64275, 0.64275, 0.64425, 0.64425, 0.6455, 0.6455, 0.646, 0.646, 0.64775, 0.64775, 0.648, 0.648, 0.65175, 0.65175, 0.652, 0.652, 0.6525, 0.6525, 0.6555, 0.6555, 0.656, 0.656, 0.65625, 0.65625, 0.6565, 0.6565, 0.657, 0.657, 0.658, 0.658, 0.66, 0.66, 0.66025, 0.66025, 0.66075, 0.66075, 0.6615, 0.6615, 0.662, 0.662, 0.664, 0.664, 0.66475, 0.66475, 0.66525, 0.66525, 0.66825, 0.66825, 0.66875, 0.66875, 0.6695, 0.6695, 0.66975, 0.66975, 0.67075, 0.67075, 0.67125, 0.67125, 0.67275, 0.67275, 0.6745, 0.6745, 0.67525, 0.67525, 0.67625, 0.67625, 0.67675, 0.67675, 0.67725, 0.67725, 0.6785, 0.6785, 0.68, 0.68, 0.68225, 0.68225, 0.68325, 0.68325, 0.68525, 0.68525, 0.68625, 0.68625, 0.6875, 0.6875, 0.68925, 0.68925, 0.691, 0.691, 0.69125, 0.69125, 0.6935, 0.6935, 0.694, 0.694, 0.695, 0.695, 0.69525, 0.69525, 0.6955, 0.6955, 0.6965, 0.6965, 0.69725, 0.69725, 0.70025, 0.70025, 0.7005, 0.7005, 0.70125, 0.70125, 0.703, 0.703, 0.70375, 0.70375, 0.70475, 0.70475, 0.70525, 0.70525, 0.7055, 0.7055, 0.70575, 0.70575, 0.70675, 0.70675, 0.7085, 0.7085, 0.7095, 0.7095, 0.70975, 0.70975, 0.711, 0.711, 0.71175, 0.71175, 0.712, 0.712, 0.71225, 0.71225, 0.7125, 0.7125, 0.7135, 0.7135, 0.714, 0.714, 0.7145, 0.7145, 0.71625, 0.71625, 0.717, 0.717, 0.71825, 0.71825, 0.72075, 0.72075, 0.721, 0.721, 0.7215, 0.7215, 0.722, 0.722, 0.72225, 0.72225, 0.724, 0.724, 0.72425, 0.72425, 0.7245, 0.7245, 0.72475, 0.72475, 0.72525, 0.72525, 0.72575, 0.72575, 0.7265, 0.7265, 0.7285, 0.7285, 0.729, 0.729, 0.72975, 0.72975, 0.73, 0.73, 0.73125, 0.73125, 0.73225, 0.73225, 0.73325, 0.73325, 0.7345, 0.7345, 0.73525, 0.73525, 0.73725, 0.73725, 0.7375, 0.7375, 0.738, 0.738, 0.73825, 0.73825, 0.7385, 0.7385, 0.73875, 0.73875, 0.739, 0.739, 0.73925, 0.73925, 0.73975, 0.73975, 0.74, 0.74, 0.741, 0.741, 0.74125, 0.74125, 0.74175, 0.74175, 0.7435, 0.7435, 0.744, 0.744, 0.7445, 0.7445, 0.746, 0.746, 0.7465, 0.7465, 0.748, 0.748, 0.749, 0.749, 0.74925, 0.74925, 0.74975, 0.74975, 0.75275, 0.75275, 0.753, 0.753, 0.754, 0.754, 0.7545, 0.7545, 0.75475, 0.75475, 0.7555, 0.7555, 0.7565, 0.7565, 0.75775, 0.75775, 0.758, 0.758, 0.759, 0.759, 0.76025, 0.76025, 0.76075, 0.76075, 0.761, 0.761, 0.762, 0.762, 0.7625, 0.7625, 0.76275, 0.76275, 0.763, 0.763, 0.76375, 0.76375, 0.76525, 0.76525, 0.7665, 0.7665, 0.76675, 0.76675, 0.7675, 0.7675, 0.7685, 0.7685, 0.76875, 0.76875, 0.769, 0.769, 0.7695, 0.7695, 0.76975, 0.76975, 0.7715, 0.7715, 0.77175, 0.77175, 0.77225, 0.77225, 0.773, 0.773, 0.77325, 0.77325, 0.775, 0.775, 0.77625, 0.77625, 0.7765, 0.7765, 0.77675, 0.77675, 0.7775, 0.7775, 0.77775, 0.77775, 0.778, 0.778, 0.7785, 0.7785, 0.779, 0.779, 0.78, 0.78, 0.78075, 0.78075, 0.78125, 0.78125, 0.78225, 0.78225, 0.7825, 0.7825, 0.783, 0.783, 0.78325, 0.78325, 0.784, 0.784, 0.7855, 0.7855, 0.78575, 0.78575, 0.78625, 0.78625, 0.787, 0.787, 0.78725, 0.78725, 0.788, 0.788, 0.78875, 0.78875, 0.7895, 0.7895, 0.79, 0.79, 0.79125, 0.79125, 0.7915, 0.7915, 0.79175, 0.79175, 0.79225, 0.79225, 0.7925, 0.7925, 0.793, 0.793, 0.794, 0.794, 0.79425, 0.79425, 0.7945, 0.7945, 0.79525, 0.79525, 0.796, 0.796, 0.79625, 0.79625, 0.7965, 0.7965, 0.79725, 0.79725, 0.7975, 0.7975, 0.7985, 0.7985, 0.79875, 0.79875, 0.79925, 0.79925, 0.79975, 0.79975, 0.80025, 0.80025, 0.802, 0.802, 0.80325, 0.80325, 0.8035, 0.8035, 0.80375, 0.80375, 0.80425, 0.80425, 0.80575, 0.80575, 0.806, 0.806, 0.80625, 0.80625, 0.8065, 0.8065, 0.80675, 0.80675, 0.80725, 0.80725, 0.80775, 0.80775, 0.81, 0.81, 0.81025, 0.81025, 0.8105, 0.8105, 0.81125, 0.81125, 0.8115, 0.8115, 0.81175, 0.81175, 0.812, 0.812, 0.81225, 0.81225, 0.81525, 0.81525, 0.8155, 0.8155, 0.816, 0.816, 0.81625, 0.81625, 0.8165, 0.8165, 0.817, 0.817, 0.8175, 0.8175, 0.81775, 0.81775, 0.82025, 0.82025, 0.82125, 0.82125, 0.8215, 0.8215, 0.82175, 0.82175, 0.822, 0.822, 0.8225, 0.8225, 0.82275, 0.82275, 0.823, 0.823, 0.82475, 0.82475, 0.825, 0.825, 0.82525, 0.82525, 0.82675, 0.82675, 0.827, 0.827, 0.82725, 0.82725, 0.82775, 0.82775, 0.82825, 0.82825, 0.82875, 0.82875, 0.8295, 0.8295, 0.82975, 0.82975, 0.83, 0.83, 0.8305, 0.8305, 0.83075, 0.83075, 0.8315, 0.8315, 0.8325, 0.8325, 0.83275, 0.83275, 0.8335, 0.8335, 0.83375, 0.83375, 0.834, 0.834, 0.83425, 0.83425, 0.835, 0.835, 0.83525, 0.83525, 0.8355, 0.8355, 0.8375, 0.8375, 0.83775, 0.83775, 0.83825, 0.83825, 0.839, 0.839, 0.8395, 0.8395, 0.8405, 0.8405, 0.84125, 0.84125, 0.84175, 0.84175, 0.842, 0.842, 0.84225, 0.84225, 0.8425, 0.8425, 0.84275, 0.84275, 0.84325, 0.84325, 0.8435, 0.8435, 0.84375, 0.84375, 0.844, 0.844, 0.84425, 0.84425, 0.84475, 0.84475, 0.8455, 0.8455, 0.846, 0.846, 0.84625, 0.84625, 0.8465, 0.8465, 0.84775, 0.84775, 0.848, 0.848, 0.84825, 0.84825, 0.8485, 0.8485, 0.84875, 0.84875, 0.849, 0.849, 0.8495, 0.8495, 0.84975, 0.84975, 0.8505, 0.8505, 0.851, 0.851, 0.852, 0.852, 0.85225, 0.85225, 0.85275, 0.85275, 0.853, 0.853, 0.85325, 0.85325, 0.85375, 0.85375, 0.85425, 0.85425, 0.85525, 0.85525, 0.8555, 0.8555, 0.8565, 0.8565, 0.857, 0.857, 0.8575, 0.8575, 0.85775, 0.85775, 0.858, 0.858, 0.85875, 0.85875, 0.85925, 0.85925, 0.8595, 0.8595, 0.86025, 0.86025, 0.8605, 0.8605, 0.86175, 0.86175, 0.86225, 0.86225, 0.8625, 0.8625, 0.86275, 0.86275, 0.863, 0.863, 0.86325, 0.86325, 0.8635, 0.8635, 0.86425, 0.86425, 0.8645, 0.8645, 0.86475, 0.86475, 0.8655, 0.8655, 0.866, 0.866, 0.86625, 0.86625, 0.8665, 0.8665, 0.86675, 0.86675, 0.86725, 0.86725, 0.8675, 0.8675, 0.868, 0.868, 0.86825, 0.86825, 0.869, 0.869, 0.8695, 0.8695, 0.86975, 0.86975, 0.87025, 0.87025, 0.87075, 0.87075, 0.871, 0.871, 0.87125, 0.87125, 0.8715, 0.8715, 0.87175, 0.87175, 0.872, 0.872, 0.87275, 0.87275, 0.873, 0.873, 0.87325, 0.87325, 0.874, 0.874, 0.8745, 0.8745, 0.87475, 0.87475, 0.87525, 0.87525, 0.8755, 0.8755, 0.876, 0.876, 0.8765, 0.8765, 0.87675, 0.87675, 0.877, 0.877, 0.87725, 0.87725, 0.8775, 0.8775, 0.8785, 0.8785, 0.879, 0.879, 0.87925, 0.87925, 0.88, 0.88, 0.8805, 0.8805, 0.88075, 0.88075, 0.88125, 0.88125, 0.8815, 0.8815, 0.88175, 0.88175, 0.882, 0.882, 0.88225, 0.88225, 0.8825, 0.8825, 0.88275, 0.88275, 0.883, 0.883, 0.8835, 0.8835, 0.88375, 0.88375, 0.88425, 0.88425, 0.8845, 0.8845, 0.88525, 0.88525, 0.8855, 0.8855, 0.8865, 0.8865, 0.88675, 0.88675, 0.887, 0.887, 0.88725, 0.88725, 0.88775, 0.88775, 0.888, 0.888, 0.88825, 0.88825, 0.8885, 0.8885, 0.88875, 0.88875, 0.889, 0.889, 0.8895, 0.8895, 0.88975, 0.88975, 0.89, 0.89, 0.8905, 0.8905, 0.89075, 0.89075, 0.891, 0.891, 0.89125, 0.89125, 0.8915, 0.8915, 0.892, 0.892, 0.89225, 0.89225, 0.893, 0.893, 0.8935, 0.8935, 0.89375, 0.89375, 0.89425, 0.89425, 0.8945, 0.8945, 0.895, 0.895, 0.89525, 0.89525, 0.8955, 0.8955, 0.89575, 0.89575, 0.89625, 0.89625, 0.8965, 0.8965, 0.89675, 0.89675, 0.897, 0.897, 0.8975, 0.8975, 0.89775, 0.89775, 0.898, 0.898, 0.89825, 0.89825, 0.89975, 0.89975, 0.90075, 0.90075, 0.901, 0.901, 0.9015, 0.9015, 0.902, 0.902, 0.90225, 0.90225, 0.9025, 0.9025, 0.903, 0.903, 0.90325, 0.90325, 0.9035, 0.9035, 0.90375, 0.90375, 0.90475, 0.90475, 0.905, 0.905, 0.90525, 0.90525, 0.9055, 0.9055, 0.90575, 0.90575, 0.906, 0.906, 0.90625, 0.90625, 0.9065, 0.9065, 0.907, 0.907, 0.90725, 0.90725, 0.9075, 0.9075, 0.9085, 0.9085, 0.90875, 0.90875, 0.909, 0.909, 0.90925, 0.90925, 0.90975, 0.90975, 0.91, 0.91, 0.91025, 0.91025, 0.911, 0.911, 0.91125, 0.91125, 0.912, 0.912, 0.91225, 0.91225, 0.91275, 0.91275, 0.91325, 0.91325, 0.9135, 0.9135, 0.91425, 0.91425, 0.9145, 0.9145, 0.91475, 0.91475, 0.915, 0.915, 0.9155, 0.9155, 0.91575, 0.91575, 0.9165, 0.9165, 0.91675, 0.91675, 0.917, 0.917, 0.91725, 0.91725, 0.9175, 0.9175, 0.91825, 0.91825, 0.9185, 0.9185, 0.92, 0.92, 0.92025, 0.92025, 0.92075, 0.92075, 0.921, 0.921, 0.92125, 0.92125, 0.9215, 0.9215, 0.92175, 0.92175, 0.922, 0.922, 0.92225, 0.92225, 0.923, 0.923, 0.92325, 0.92325, 0.9235, 0.9235, 0.92375, 0.92375, 0.924, 0.924, 0.92425, 0.92425, 0.9245, 0.9245, 0.92475, 0.92475, 0.925, 0.925, 0.92525, 0.92525, 0.9255, 0.9255, 0.92575, 0.92575, 0.926, 0.926, 0.92625, 0.92625, 0.9265, 0.9265, 0.927, 0.927, 0.92725, 0.92725, 0.92775, 0.92775, 0.928, 0.928, 0.92825, 0.92825, 0.9285, 0.9285, 0.92875, 0.92875, 0.929, 0.929, 0.92925, 0.92925, 0.9295, 0.9295, 0.92975, 0.92975, 0.93, 0.93, 0.93025, 0.93025, 0.9305, 0.9305, 0.93075, 0.93075, 0.931, 0.931, 0.93125, 0.93125, 0.9315, 0.9315, 0.93175, 0.93175, 0.932, 0.932, 0.93225, 0.93225, 0.9325, 0.9325, 0.93325, 0.93325, 0.9335, 0.9335, 0.93375, 0.93375, 0.934, 0.934, 0.93425, 0.93425, 0.93475, 0.93475, 0.935, 0.935, 0.93525, 0.93525, 0.9355, 0.9355, 0.93575, 0.93575, 0.936, 0.936, 0.93625, 0.93625, 0.9365, 0.9365, 0.937, 0.937, 0.93725, 0.93725, 0.9375, 0.9375, 0.93775, 0.93775, 0.93875, 0.93875, 0.93925, 0.93925, 0.9395, 0.9395, 0.93975, 0.93975, 0.94, 0.94, 0.94025, 0.94025, 0.941, 0.941, 0.94125, 0.94125, 0.9415, 0.9415, 0.94175, 0.94175, 0.942, 0.942, 0.94225, 0.94225, 0.9425, 0.9425, 0.94275, 0.94275, 0.9435, 0.9435, 0.94375, 0.94375, 0.944, 0.944, 0.94425, 0.94425, 0.94475, 0.94475, 0.945, 0.945, 0.94525, 0.94525, 0.9455, 0.9455, 0.94575, 0.94575, 0.946, 0.946, 0.94625, 0.94625, 0.9465, 0.9465, 0.94675, 0.94675, 0.947, 0.947, 0.94725, 0.94725, 0.94775, 0.94775, 0.948, 0.948, 0.94825, 0.94825, 0.94875, 0.94875, 0.949, 0.949, 0.95025, 0.95025, 0.95075, 0.95075, 0.951, 0.951, 0.95125, 0.95125, 0.95175, 0.95175, 0.952, 0.952, 0.95225, 0.95225, 0.9525, 0.9525, 0.95275, 0.95275, 0.953, 0.953, 0.95325, 0.95325, 0.95375, 0.95375, 0.954, 0.954, 0.95425, 0.95425, 0.9545, 0.9545, 0.95475, 0.95475, 0.955, 0.955, 0.95525, 0.95525, 0.9555, 0.9555, 0.95575, 0.95575, 0.956, 0.956, 0.95625, 0.95625, 0.9565, 0.9565, 0.95675, 0.95675, 0.957, 0.957, 0.95725, 0.95725, 0.9575, 0.9575, 0.958, 0.958, 0.95825, 0.95825, 0.9585, 0.9585, 0.95875, 0.95875, 0.959, 0.959, 0.95925, 0.95925, 0.9595, 0.9595, 0.96025, 0.96025, 0.96075, 0.96075, 0.961, 0.961, 0.96125, 0.96125, 0.9615, 0.9615, 0.96175, 0.96175, 0.962, 0.962, 0.96225, 0.96225, 0.96275, 0.96275, 0.963, 0.963, 0.96325, 0.96325, 0.9635, 0.9635, 0.96375, 0.96375, 0.964, 0.964, 0.96425, 0.96425, 0.9645, 0.9645, 0.96475, 0.96475, 0.965, 0.965, 0.96525, 0.96525, 0.9655, 0.9655, 0.96575, 0.96575, 0.96625, 0.96625, 0.9665, 0.9665, 0.96675, 0.96675, 0.967, 0.967, 0.96725, 0.96725, 0.9675, 0.9675, 0.96825, 0.96825, 0.9685, 0.9685, 0.96875, 0.96875, 0.96925, 0.96925, 0.9695, 0.9695, 0.96975, 0.96975, 0.97, 0.97, 0.97025, 0.97025, 0.9705, 0.9705, 0.97075, 0.97075, 0.971, 0.971, 0.97125, 0.97125, 0.9715, 0.9715, 0.97175, 0.97175, 0.972, 0.972, 0.97225, 0.97225, 0.9725, 0.9725, 0.97275, 0.97275, 0.973, 0.973, 0.97325, 0.97325, 0.9735, 0.9735, 0.97375, 0.97375, 0.974, 0.974, 0.97425, 0.97425, 0.97475, 0.97475, 0.97525, 0.97525, 0.97575, 0.97575, 0.976, 0.976, 0.97625, 0.97625, 0.9765, 0.9765, 0.97675, 0.97675, 0.977, 0.977, 0.97725, 0.97725, 0.9775, 0.9775, 0.97775, 0.97775, 0.978, 0.978, 0.97825, 0.97825, 0.9785, 0.9785, 0.97875, 0.97875, 0.979, 0.979, 0.97925, 0.97925, 0.97975, 0.97975, 0.98025, 0.98025, 0.9805, 0.9805, 0.98075, 0.98075, 0.981, 0.981, 0.98125, 0.98125, 0.9815, 0.9815, 0.98175, 0.98175, 0.982, 0.982, 0.98225, 0.98225, 0.9825, 0.9825, 0.98275, 0.98275, 0.983, 0.983, 0.98325, 0.98325, 0.9835, 0.9835, 0.98375, 0.98375, 0.98425, 0.98425, 0.9845, 0.9845, 0.98475, 0.98475, 0.985, 0.985, 0.98525, 0.98525, 0.9855, 0.9855, 0.98575, 0.98575, 0.986, 0.986, 0.98625, 0.98625, 0.9865, 0.9865, 0.98675, 0.98675, 0.987, 0.987, 0.98725, 0.98725, 0.9875, 0.9875, 0.98775, 0.98775, 0.988, 0.988, 0.98825, 0.98825, 0.9885, 0.9885, 0.98875, 0.98875, 0.989, 0.989, 0.98925, 0.98925, 0.9895, 0.9895, 0.98975, 0.98975, 0.99025, 0.99025, 0.9905, 0.9905, 0.99075, 0.99075, 0.991, 0.991, 0.99125, 0.99125, 0.9915, 0.9915, 0.99175, 0.99175, 0.992, 0.992, 0.99225, 0.99225, 0.9925, 0.9925, 0.99275, 0.99275, 0.993, 0.993, 0.99325, 0.99325, 0.9935, 0.9935, 0.99375, 0.99375, 0.994, 0.994, 0.99425, 0.99425, 0.9945, 0.9945, 0.99475, 0.99475, 0.99525, 0.99525, 0.9955, 0.9955, 0.99575, 0.99575, 0.996, 0.996, 0.99625, 0.99625, 0.9965, 0.9965, 0.99675, 0.99675, 0.997, 0.997, 0.99725, 0.99725, 0.9975, 0.9975, 0.99775, 0.99775, 0.998, 0.998, 0.99825, 0.99825, 0.9985, 0.9985, 0.99875, 0.99875, 0.999, 0.999, 0.99925, 0.99925, 0.9995, 0.9995, 0.99975, 0.99975, 1.0, 1.0]",B (Random +/-1)
SVM,B,10,0.835875,0.9033066875,21.184106588363647,"[0.0, 0.0, 0.0, 0.00025, 0.00025, 0.00075, 0.00075, 0.001, 0.001, 0.00125, 0.00125, 0.0015, 0.0015, 0.00175, 0.00175, 0.002, 0.002, 0.00225, 0.00225, 0.0025, 0.0025, 0.00275, 0.00275, 0.003, 0.003, 0.00325, 0.00325, 0.0035, 0.0035, 0.004, 0.004, 0.00425, 0.00425, 0.0045, 0.0045, 0.00475, 0.00475, 0.005, 0.005, 0.00525, 0.00525, 0.0055, 0.0055, 0.00575, 0.00575, 0.006, 0.006, 0.00625, 0.00625, 0.0065, 0.0065, 0.00675, 0.00675, 0.007, 0.007, 0.00725, 0.00725, 0.0075, 0.0075, 0.00775, 0.00775, 0.008, 0.008, 0.00825, 0.00825, 0.0085, 0.0085, 0.00875, 0.00875, 0.009, 0.009, 0.00925, 0.00925, 0.0095, 0.0095, 0.00975, 0.00975, 0.01, 0.01, 0.01025, 0.01025, 0.0105, 0.0105, 0.01075, 0.01075, 0.011, 0.011, 0.01125, 0.01125, 0.0115, 0.0115, 0.01175, 0.01175, 0.012, 0.012, 0.01225, 0.01225, 0.0125, 0.0125, 0.01275, 0.01275, 0.013, 0.013, 0.01325, 0.01325, 0.0135, 0.0135, 0.01375, 0.01375, 0.014, 0.014, 0.01425, 0.01425, 0.0145, 0.0145, 0.01475, 0.01475, 0.015, 0.015, 0.0155, 0.0155, 0.01575, 0.01575, 0.016, 0.016, 0.01625, 0.01625, 0.0165, 0.0165, 0.01675, 0.01675, 0.017, 0.017, 0.01725, 0.01725, 0.0175, 0.0175, 0.01775, 0.01775, 0.018, 0.018, 0.01825, 0.01825, 0.0185, 0.0185, 0.01875, 0.01875, 0.019, 0.019, 0.01925, 0.01925, 0.0195, 0.0195, 0.01975, 0.01975, 0.02, 0.02, 0.02025, 0.02025, 0.0205, 0.0205, 0.02075, 0.02075, 0.021, 0.021, 0.02125, 0.02125, 0.0215, 0.0215, 0.02175, 0.02175, 0.022, 0.022, 0.02225, 0.02225, 0.0225, 0.0225, 0.02275, 0.02275, 0.023, 0.023, 0.0235, 0.0235, 0.02375, 0.02375, 0.024, 0.024, 0.02425, 0.02425, 0.0245, 0.0245, 0.02475, 0.02475, 0.025, 0.025, 0.02525, 0.02525, 0.0255, 0.0255, 0.026, 0.026, 0.02625, 0.02625, 0.0265, 0.0265, 0.027, 0.027, 0.02725, 0.02725, 0.0275, 0.0275, 0.02775, 0.02775, 0.028, 0.028, 0.02825, 0.02825, 0.0285, 0.0285, 0.02875, 0.02875, 0.029, 0.029, 0.02925, 0.02925, 0.0295, 0.0295, 0.02975, 0.02975, 0.0305, 0.0305, 0.03075, 0.03075, 0.031, 0.031, 0.03125, 0.03125, 0.0315, 0.0315, 0.03175, 0.03175, 0.032, 0.032, 0.03225, 0.03225, 0.03275, 0.03275, 0.033, 0.033, 0.03325, 0.03325, 0.03375, 0.03375, 0.034, 0.034, 0.03425, 0.03425, 0.035, 0.035, 0.03525, 0.03525, 0.0355, 0.0355, 0.03575, 0.03575, 0.03625, 0.03625, 0.0365, 0.0365, 0.03675, 0.03675, 0.037, 0.037, 0.03725, 0.03725, 0.0375, 0.0375, 0.03775, 0.03775, 0.038, 0.038, 0.03825, 0.03825, 0.0385, 0.0385, 0.039, 0.039, 0.03925, 0.03925, 0.0395, 0.0395, 0.03975, 0.03975, 0.04, 0.04, 0.04025, 0.04025, 0.0405, 0.0405, 0.04075, 0.04075, 0.041, 0.041, 0.04125, 0.04125, 0.0415, 0.0415, 0.04175, 0.04175, 0.042, 0.042, 0.04225, 0.04225, 0.0425, 0.0425, 0.04275, 0.04275, 0.043, 0.043, 0.04325, 0.04325, 0.0435, 0.0435, 0.044, 0.044, 0.04425, 0.04425, 0.0445, 0.0445, 0.04475, 0.04475, 0.045, 0.045, 0.04525, 0.04525, 0.0455, 0.0455, 0.04575, 0.04575, 0.046, 0.046, 0.04625, 0.04625, 0.0465, 0.0465, 0.04675, 0.04675, 0.047, 0.047, 0.04725, 0.04725, 0.0475, 0.0475, 0.04775, 0.04775, 0.04825, 0.04825, 0.0485, 0.0485, 0.04875, 0.04875, 0.049, 0.049, 0.04925, 0.04925, 0.0495, 0.0495, 0.05, 0.05, 0.05025, 0.05025, 0.0505, 0.0505, 0.05075, 0.05075, 0.051, 0.051, 0.05125, 0.05125, 0.0515, 0.0515, 0.05175, 0.05175, 0.052, 0.052, 0.05225, 0.05225, 0.0525, 0.0525, 0.05275, 0.05275, 0.053, 0.053, 0.05325, 0.05325, 0.05375, 0.05375, 0.054, 0.054, 0.05425, 0.05425, 0.0545, 0.0545, 0.05475, 0.05475, 0.055, 0.055, 0.05525, 0.05525, 0.0555, 0.0555, 0.05575, 0.05575, 0.056, 0.056, 0.05625, 0.05625, 0.0565, 0.0565, 0.057, 0.057, 0.0575, 0.0575, 0.05775, 0.05775, 0.058, 0.058, 0.05825, 0.05825, 0.0585, 0.0585, 0.05875, 0.05875, 0.059, 0.059, 0.05925, 0.05925, 0.0595, 0.0595, 0.06, 0.06, 0.06025, 0.06025, 0.0605, 0.0605, 0.06075, 0.06075, 0.061, 0.061, 0.06125, 0.06125, 0.06175, 0.06175, 0.062, 0.062, 0.06225, 0.06225, 0.06275, 0.06275, 0.063, 0.063, 0.06325, 0.06325, 0.0635, 0.0635, 0.06375, 0.06375, 0.064, 0.064, 0.06425, 0.06425, 0.0645, 0.0645, 0.06475, 0.06475, 0.0655, 0.0655, 0.066, 0.066, 0.06625, 0.06625, 0.0665, 0.0665, 0.06675, 0.06675, 0.067, 0.067, 0.06725, 0.06725, 0.0675, 0.0675, 0.06775, 0.06775, 0.068, 0.068, 0.06825, 0.06825, 0.06925, 0.06925, 0.06975, 0.06975, 0.07, 0.07, 0.07075, 0.07075, 0.07125, 0.07125, 0.07175, 0.07175, 0.072, 0.072, 0.0725, 0.0725, 0.07275, 0.07275, 0.073, 0.073, 0.07325, 0.07325, 0.0735, 0.0735, 0.07375, 0.07375, 0.074, 0.074, 0.0745, 0.0745, 0.0755, 0.0755, 0.07575, 0.07575, 0.07625, 0.07625, 0.077, 0.077, 0.0775, 0.0775, 0.07775, 0.07775, 0.078, 0.078, 0.0785, 0.0785, 0.07875, 0.07875, 0.079, 0.079, 0.0795, 0.0795, 0.08, 0.08, 0.08025, 0.08025, 0.0805, 0.0805, 0.08075, 0.08075, 0.081, 0.081, 0.0815, 0.0815, 0.08175, 0.08175, 0.082, 0.082, 0.0825, 0.0825, 0.08275, 0.08275, 0.08325, 0.08325, 0.08375, 0.08375, 0.08425, 0.08425, 0.0845, 0.0845, 0.08475, 0.08475, 0.085, 0.085, 0.08525, 0.08525, 0.08575, 0.08575, 0.086, 0.086, 0.087, 0.087, 0.0875, 0.0875, 0.08775, 0.08775, 0.088, 0.088, 0.08875, 0.08875, 0.09025, 0.09025, 0.0905, 0.0905, 0.091, 0.091, 0.09125, 0.09125, 0.0915, 0.0915, 0.0925, 0.0925, 0.09275, 0.09275, 0.093, 0.093, 0.0935, 0.0935, 0.09375, 0.09375, 0.094, 0.094, 0.09425, 0.09425, 0.0945, 0.0945, 0.09475, 0.09475, 0.095, 0.095, 0.0955, 0.0955, 0.09625, 0.09625, 0.0965, 0.0965, 0.09675, 0.09675, 0.097, 0.097, 0.0975, 0.0975, 0.09775, 0.09775, 0.098, 0.098, 0.09825, 0.09825, 0.09925, 0.09925, 0.0995, 0.0995, 0.09975, 0.09975, 0.1, 0.1, 0.10075, 0.10075, 0.10125, 0.10125, 0.10175, 0.10175, 0.10225, 0.10225, 0.10275, 0.10275, 0.10325, 0.10325, 0.104, 0.104, 0.10425, 0.10425, 0.1045, 0.1045, 0.10475, 0.10475, 0.105, 0.105, 0.10525, 0.10525, 0.10575, 0.10575, 0.106, 0.106, 0.1065, 0.1065, 0.10675, 0.10675, 0.107, 0.107, 0.1075, 0.1075, 0.10775, 0.10775, 0.108, 0.108, 0.10825, 0.10825, 0.1085, 0.1085, 0.10875, 0.10875, 0.10925, 0.10925, 0.11075, 0.11075, 0.11125, 0.11125, 0.1115, 0.1115, 0.11225, 0.11225, 0.1125, 0.1125, 0.11275, 0.11275, 0.113, 0.113, 0.11325, 0.11325, 0.11425, 0.11425, 0.1145, 0.1145, 0.11475, 0.11475, 0.115, 0.115, 0.11525, 0.11525, 0.1155, 0.1155, 0.11575, 0.11575, 0.116, 0.116, 0.11625, 0.11625, 0.1175, 0.1175, 0.11775, 0.11775, 0.118, 0.118, 0.11825, 0.11825, 0.1185, 0.1185, 0.11875, 0.11875, 0.119, 0.119, 0.1195, 0.1195, 0.11975, 0.11975, 0.12025, 0.12025, 0.1205, 0.1205, 0.121, 0.121, 0.12125, 0.12125, 0.12175, 0.12175, 0.12275, 0.12275, 0.123, 0.123, 0.12325, 0.12325, 0.124, 0.124, 0.12475, 0.12475, 0.12525, 0.12525, 0.12575, 0.12575, 0.12625, 0.12625, 0.1265, 0.1265, 0.12675, 0.12675, 0.12725, 0.12725, 0.1275, 0.1275, 0.128, 0.128, 0.1285, 0.1285, 0.129, 0.129, 0.12925, 0.12925, 0.13, 0.13, 0.13025, 0.13025, 0.1305, 0.1305, 0.131, 0.131, 0.13125, 0.13125, 0.13175, 0.13175, 0.13225, 0.13225, 0.1325, 0.1325, 0.133, 0.133, 0.13325, 0.13325, 0.1335, 0.1335, 0.13375, 0.13375, 0.13425, 0.13425, 0.13475, 0.13475, 0.135, 0.135, 0.13525, 0.13525, 0.13625, 0.13625, 0.1365, 0.1365, 0.13725, 0.13725, 0.138, 0.138, 0.13875, 0.13875, 0.14, 0.14, 0.14025, 0.14025, 0.14075, 0.14075, 0.141, 0.141, 0.142, 0.142, 0.14225, 0.14225, 0.1425, 0.1425, 0.14275, 0.14275, 0.14425, 0.14425, 0.14475, 0.14475, 0.145, 0.145, 0.14525, 0.14525, 0.14575, 0.14575, 0.146, 0.146, 0.14625, 0.14625, 0.1465, 0.1465, 0.147, 0.147, 0.14725, 0.14725, 0.1475, 0.1475, 0.14775, 0.14775, 0.14825, 0.14825, 0.1485, 0.1485, 0.149, 0.149, 0.14975, 0.14975, 0.1505, 0.1505, 0.15075, 0.15075, 0.15125, 0.15125, 0.15175, 0.15175, 0.152, 0.152, 0.15225, 0.15225, 0.1525, 0.1525, 0.15275, 0.15275, 0.15325, 0.15325, 0.15375, 0.15375, 0.154, 0.154, 0.1545, 0.1545, 0.155, 0.155, 0.15625, 0.15625, 0.15675, 0.15675, 0.158, 0.158, 0.15825, 0.15825, 0.1585, 0.1585, 0.15875, 0.15875, 0.159, 0.159, 0.16, 0.16, 0.16025, 0.16025, 0.16075, 0.16075, 0.16125, 0.16125, 0.16175, 0.16175, 0.16225, 0.16225, 0.1625, 0.1625, 0.163, 0.163, 0.16425, 0.16425, 0.16575, 0.16575, 0.16625, 0.16625, 0.167, 0.167, 0.1675, 0.1675, 0.168, 0.168, 0.1695, 0.1695, 0.16975, 0.16975, 0.17, 0.17, 0.17075, 0.17075, 0.1715, 0.1715, 0.17175, 0.17175, 0.17225, 0.17225, 0.1725, 0.1725, 0.17275, 0.17275, 0.17475, 0.17475, 0.176, 0.176, 0.17625, 0.17625, 0.17675, 0.17675, 0.1775, 0.1775, 0.178, 0.178, 0.1785, 0.1785, 0.179, 0.179, 0.17975, 0.17975, 0.18, 0.18, 0.18025, 0.18025, 0.1805, 0.1805, 0.18075, 0.18075, 0.18125, 0.18125, 0.182, 0.182, 0.1825, 0.1825, 0.183, 0.183, 0.18325, 0.18325, 0.1835, 0.1835, 0.18375, 0.18375, 0.184, 0.184, 0.18425, 0.18425, 0.1845, 0.1845, 0.18475, 0.18475, 0.185, 0.185, 0.18525, 0.18525, 0.1855, 0.1855, 0.18575, 0.18575, 0.18625, 0.18625, 0.18675, 0.18675, 0.18725, 0.18725, 0.1875, 0.1875, 0.18775, 0.18775, 0.1885, 0.1885, 0.18875, 0.18875, 0.189, 0.189, 0.19025, 0.19025, 0.1905, 0.1905, 0.19075, 0.19075, 0.191, 0.191, 0.1915, 0.1915, 0.19175, 0.19175, 0.192, 0.192, 0.19275, 0.19275, 0.193, 0.193, 0.19375, 0.19375, 0.194, 0.194, 0.195, 0.195, 0.19575, 0.19575, 0.196, 0.196, 0.197, 0.197, 0.199, 0.199, 0.19925, 0.19925, 0.1995, 0.1995, 0.2005, 0.2005, 0.20075, 0.20075, 0.20125, 0.20125, 0.203, 0.203, 0.2035, 0.2035, 0.20375, 0.20375, 0.20425, 0.20425, 0.205, 0.205, 0.20525, 0.20525, 0.206, 0.206, 0.20675, 0.20675, 0.207, 0.207, 0.20725, 0.20725, 0.2075, 0.2075, 0.20775, 0.20775, 0.20825, 0.20825, 0.20875, 0.20875, 0.209, 0.209, 0.20925, 0.20925, 0.2115, 0.2115, 0.21525, 0.21525, 0.2155, 0.2155, 0.21575, 0.21575, 0.21625, 0.21625, 0.21675, 0.21675, 0.217, 0.217, 0.21725, 0.21725, 0.2175, 0.2175, 0.21975, 0.21975, 0.22025, 0.22025, 0.2205, 0.2205, 0.22075, 0.22075, 0.22125, 0.22125, 0.2215, 0.2215, 0.22275, 0.22275, 0.22325, 0.22325, 0.22375, 0.22375, 0.226, 0.226, 0.22625, 0.22625, 0.2265, 0.2265, 0.22675, 0.22675, 0.227, 0.227, 0.22725, 0.22725, 0.22775, 0.22775, 0.2305, 0.2305, 0.2315, 0.2315, 0.23225, 0.23225, 0.2325, 0.2325, 0.23325, 0.23325, 0.23375, 0.23375, 0.235, 0.235, 0.2355, 0.2355, 0.236, 0.236, 0.2365, 0.2365, 0.23775, 0.23775, 0.2385, 0.2385, 0.23925, 0.23925, 0.2395, 0.2395, 0.24025, 0.24025, 0.2405, 0.2405, 0.24075, 0.24075, 0.24125, 0.24125, 0.24225, 0.24225, 0.24525, 0.24525, 0.2455, 0.2455, 0.24575, 0.24575, 0.246, 0.246, 0.24675, 0.24675, 0.247, 0.247, 0.24725, 0.24725, 0.248, 0.248, 0.2485, 0.2485, 0.24925, 0.24925, 0.2495, 0.2495, 0.24975, 0.24975, 0.25025, 0.25025, 0.25075, 0.25075, 0.2515, 0.2515, 0.25275, 0.25275, 0.25325, 0.25325, 0.25375, 0.25375, 0.25475, 0.25475, 0.257, 0.257, 0.2585, 0.2585, 0.25875, 0.25875, 0.26, 0.26, 0.26275, 0.26275, 0.26375, 0.26375, 0.26475, 0.26475, 0.26575, 0.26575, 0.266, 0.266, 0.26625, 0.26625, 0.2675, 0.2675, 0.26775, 0.26775, 0.268, 0.268, 0.2685, 0.2685, 0.26925, 0.26925, 0.2695, 0.2695, 0.27075, 0.27075, 0.271, 0.271, 0.27125, 0.27125, 0.27175, 0.27175, 0.272, 0.272, 0.27275, 0.27275, 0.273, 0.273, 0.27625, 0.27625, 0.277, 0.277, 0.279, 0.279, 0.2795, 0.2795, 0.27975, 0.27975, 0.28075, 0.28075, 0.28325, 0.28325, 0.28425, 0.28425, 0.285, 0.285, 0.2855, 0.2855, 0.28625, 0.28625, 0.28975, 0.28975, 0.29, 0.29, 0.2915, 0.2915, 0.295, 0.295, 0.29575, 0.29575, 0.2965, 0.2965, 0.29675, 0.29675, 0.29975, 0.29975, 0.3, 0.3, 0.30125, 0.30125, 0.30175, 0.30175, 0.3025, 0.3025, 0.30425, 0.30425, 0.3045, 0.3045, 0.30575, 0.30575, 0.308, 0.308, 0.30875, 0.30875, 0.30925, 0.30925, 0.312, 0.312, 0.31225, 0.31225, 0.3135, 0.3135, 0.31475, 0.31475, 0.3155, 0.3155, 0.316, 0.316, 0.31675, 0.31675, 0.31725, 0.31725, 0.3175, 0.3175, 0.32, 0.32, 0.3215, 0.3215, 0.322, 0.322, 0.32375, 0.32375, 0.32425, 0.32425, 0.32475, 0.32475, 0.3255, 0.3255, 0.32575, 0.32575, 0.327, 0.327, 0.3275, 0.3275, 0.32775, 0.32775, 0.3285, 0.3285, 0.32975, 0.32975, 0.3305, 0.3305, 0.33125, 0.33125, 0.3335, 0.3335, 0.3345, 0.3345, 0.3355, 0.3355, 0.336, 0.336, 0.338, 0.338, 0.3385, 0.3385, 0.3395, 0.3395, 0.341, 0.341, 0.3415, 0.3415, 0.34225, 0.34225, 0.34325, 0.34325, 0.3435, 0.3435, 0.34375, 0.34375, 0.34425, 0.34425, 0.34525, 0.34525, 0.346, 0.346, 0.3465, 0.3465, 0.3475, 0.3475, 0.34875, 0.34875, 0.34925, 0.34925, 0.3515, 0.3515, 0.352, 0.352, 0.35225, 0.35225, 0.3545, 0.3545, 0.35525, 0.35525, 0.3555, 0.3555, 0.356, 0.356, 0.3575, 0.3575, 0.35775, 0.35775, 0.35825, 0.35825, 0.35925, 0.35925, 0.3605, 0.3605, 0.361, 0.361, 0.362, 0.362, 0.36275, 0.36275, 0.3635, 0.3635, 0.365, 0.365, 0.36675, 0.36675, 0.367, 0.367, 0.3685, 0.3685, 0.36925, 0.36925, 0.37025, 0.37025, 0.3705, 0.3705, 0.37075, 0.37075, 0.37375, 0.37375, 0.37525, 0.37525, 0.3755, 0.3755, 0.37625, 0.37625, 0.3775, 0.3775, 0.3805, 0.3805, 0.38525, 0.38525, 0.38675, 0.38675, 0.38775, 0.38775, 0.38825, 0.38825, 0.38925, 0.38925, 0.38975, 0.38975, 0.3915, 0.3915, 0.39225, 0.39225, 0.393, 0.393, 0.394, 0.394, 0.3945, 0.3945, 0.395, 0.395, 0.3965, 0.3965, 0.39925, 0.39925, 0.40225, 0.40225, 0.4025, 0.4025, 0.404, 0.404, 0.4045, 0.4045, 0.40875, 0.40875, 0.409, 0.409, 0.4105, 0.4105, 0.4145, 0.4145, 0.41525, 0.41525, 0.41675, 0.41675, 0.418, 0.418, 0.42025, 0.42025, 0.42475, 0.42475, 0.42775, 0.42775, 0.43625, 0.43625, 0.4465, 0.4465, 0.44925, 0.44925, 0.45325, 0.45325, 0.45575, 0.45575, 0.4595, 0.4595, 0.4625, 0.4625, 0.4635, 0.4635, 0.464, 0.464, 0.46425, 0.46425, 0.46475, 0.46475, 0.46525, 0.46525, 0.4675, 0.4675, 0.46775, 0.46775, 0.4745, 0.4745, 0.4755, 0.4755, 0.48125, 0.48125, 0.48275, 0.48275, 0.49225, 0.49225, 0.49275, 0.49275, 0.4945, 0.4945, 0.50175, 0.50175, 0.5035, 0.5035, 0.5065, 0.5065, 0.50875, 0.50875, 0.5155, 0.5155, 0.518, 0.518, 0.521, 0.521, 0.52175, 0.52175, 0.522, 0.522, 0.5255, 0.5255, 0.52725, 0.52725, 0.52825, 0.52825, 0.5295, 0.5295, 0.531, 0.531, 0.535, 0.535, 0.5355, 0.5355, 0.5365, 0.5365, 0.54325, 0.54325, 0.54425, 0.54425, 0.553, 0.553, 0.56075, 0.56075, 0.561, 0.561, 0.5635, 0.5635, 0.56425, 0.56425, 0.569, 0.569, 0.5695, 0.5695, 0.56975, 0.56975, 0.57225, 0.57225, 0.57375, 0.57375, 0.57575, 0.57575, 0.5765, 0.5765, 0.583, 0.583, 0.58625, 0.58625, 0.58675, 0.58675, 0.58925, 0.58925, 0.591, 0.591, 0.5915, 0.5915, 0.59175, 0.59175, 0.59425, 0.59425, 0.59525, 0.59525, 0.6, 0.6, 0.6025, 0.6025, 0.60275, 0.60275, 0.60775, 0.60775, 0.60875, 0.60875, 0.6125, 0.6125, 0.613, 0.613, 0.61475, 0.61475, 0.61725, 0.61725, 0.624, 0.624, 0.6245, 0.6245, 0.62625, 0.62625, 0.62925, 0.62925, 0.631, 0.631, 0.6315, 0.6315, 0.63175, 0.63175, 0.63425, 0.63425, 0.641, 0.641, 0.644, 0.644, 0.64675, 0.64675, 0.64925, 0.64925, 0.652, 0.652, 0.655, 0.655, 0.6615, 0.6615, 0.662, 0.662, 0.676, 0.676, 0.67675, 0.67675, 0.69, 0.69, 0.691, 0.691, 0.69475, 0.69475, 0.6985, 0.6985, 0.701, 0.701, 0.71175, 0.71175, 0.71225, 0.71225, 0.7145, 0.7145, 0.71575, 0.71575, 0.7185, 0.7185, 0.72, 0.72, 0.73125, 0.73125, 0.73175, 0.73175, 0.73325, 0.73325, 0.73975, 0.73975, 0.74, 0.74, 0.741, 0.741, 0.74325, 0.74325, 0.74675, 0.74675, 0.758, 0.758, 0.763, 0.763, 0.76475, 0.76475, 0.7655, 0.7655, 0.77, 0.77, 0.774, 0.774, 0.78075, 0.78075, 0.781, 0.781, 0.7855, 0.7855, 0.7895, 0.7895, 0.792, 0.792, 0.79775, 0.79775, 0.7995, 0.7995, 0.80575, 0.80575, 0.80875, 0.80875, 0.81175, 0.81175, 0.813, 0.813, 0.8135, 0.8135, 0.81475, 0.81475, 0.818, 0.818, 0.8205, 0.8205, 0.8215, 0.8215, 0.829, 0.829, 0.83275, 0.83275, 0.83325, 0.83325, 0.83475, 0.83475, 0.8445, 0.8445, 0.84625, 0.84625, 0.851, 0.851, 0.85125, 0.85125, 0.85225, 0.85225, 0.85275, 0.85275, 0.85325, 0.85325, 0.854, 0.854, 0.85525, 0.85525, 0.85675, 0.85675, 0.85825, 0.85825, 0.867, 0.867, 0.87025, 0.87025, 0.8715, 0.8715, 0.8865, 0.8865, 0.88775, 0.88775, 0.889, 0.889, 0.891, 0.891, 0.899, 0.899, 0.9045, 0.9045, 0.9115, 0.9115, 0.918, 0.918, 0.929, 0.929, 0.93025, 0.93025, 0.9365, 0.9365, 0.9585, 0.9585, 0.959, 0.959, 0.96125, 0.96125, 0.97675, 0.97675, 0.9775, 0.9775, 0.97975, 0.97975, 0.98175, 0.98175, 0.985, 0.985, 0.99125, 0.99125, 0.99225, 0.99225, 0.99425, 0.99425, 1.0]","[0.0, 0.00025, 0.01, 0.01, 0.013, 0.013, 0.018, 0.018, 0.023, 0.023, 0.0245, 0.0245, 0.041, 0.041, 0.0455, 0.0455, 0.047, 0.047, 0.063, 0.063, 0.06525, 0.06525, 0.0765, 0.0765, 0.078, 0.078, 0.0845, 0.0845, 0.08925, 0.08925, 0.09, 0.09, 0.1035, 0.1035, 0.1065, 0.1065, 0.10725, 0.10725, 0.10925, 0.10925, 0.119, 0.119, 0.12125, 0.12125, 0.1235, 0.1235, 0.1245, 0.1245, 0.1265, 0.1265, 0.128, 0.128, 0.1495, 0.1495, 0.15275, 0.15275, 0.156, 0.156, 0.158, 0.158, 0.16125, 0.16125, 0.1665, 0.1665, 0.16775, 0.16775, 0.1735, 0.1735, 0.17425, 0.17425, 0.17525, 0.17525, 0.17625, 0.17625, 0.1815, 0.1815, 0.1865, 0.1865, 0.187, 0.187, 0.1985, 0.1985, 0.203, 0.203, 0.208, 0.208, 0.21175, 0.21175, 0.21325, 0.21325, 0.215, 0.215, 0.21575, 0.21575, 0.22275, 0.22275, 0.227, 0.227, 0.23, 0.23, 0.2305, 0.2305, 0.231, 0.231, 0.23175, 0.23175, 0.23625, 0.23625, 0.244, 0.244, 0.24425, 0.24425, 0.246, 0.246, 0.25325, 0.25325, 0.256, 0.256, 0.2585, 0.2585, 0.263, 0.263, 0.26425, 0.26425, 0.2645, 0.2645, 0.266, 0.266, 0.271, 0.271, 0.2725, 0.2725, 0.2775, 0.2775, 0.27775, 0.27775, 0.27925, 0.27925, 0.29075, 0.29075, 0.2915, 0.2915, 0.29175, 0.29175, 0.3005, 0.3005, 0.30075, 0.30075, 0.303, 0.303, 0.30375, 0.30375, 0.30575, 0.30575, 0.31225, 0.31225, 0.3135, 0.3135, 0.31525, 0.31525, 0.32325, 0.32325, 0.3265, 0.3265, 0.34075, 0.34075, 0.34425, 0.34425, 0.34825, 0.34825, 0.355, 0.355, 0.3645, 0.3645, 0.36525, 0.36525, 0.36925, 0.36925, 0.371, 0.371, 0.37275, 0.37275, 0.37325, 0.37325, 0.3755, 0.3755, 0.37675, 0.37675, 0.3785, 0.3785, 0.37875, 0.37875, 0.381, 0.381, 0.38175, 0.38175, 0.38275, 0.38275, 0.387, 0.387, 0.388, 0.388, 0.3885, 0.3885, 0.39575, 0.39575, 0.40225, 0.40225, 0.40275, 0.40275, 0.40425, 0.40425, 0.40625, 0.40625, 0.4075, 0.4075, 0.4085, 0.4085, 0.412, 0.412, 0.42125, 0.42125, 0.4225, 0.4225, 0.4355, 0.4355, 0.44125, 0.44125, 0.444, 0.444, 0.4485, 0.4485, 0.449, 0.449, 0.45175, 0.45175, 0.45575, 0.45575, 0.4565, 0.4565, 0.4575, 0.4575, 0.4595, 0.4595, 0.462, 0.462, 0.4645, 0.4645, 0.4675, 0.4675, 0.473, 0.473, 0.47825, 0.47825, 0.4815, 0.4815, 0.48225, 0.48225, 0.4845, 0.4845, 0.49425, 0.49425, 0.5, 0.5, 0.5005, 0.5005, 0.5065, 0.5065, 0.50875, 0.50875, 0.51125, 0.51125, 0.5115, 0.5115, 0.51975, 0.51975, 0.52475, 0.52475, 0.5265, 0.5265, 0.52775, 0.52775, 0.5285, 0.5285, 0.52925, 0.52925, 0.531, 0.531, 0.53125, 0.53125, 0.53375, 0.53375, 0.534, 0.534, 0.5375, 0.5375, 0.53925, 0.53925, 0.54075, 0.54075, 0.542, 0.542, 0.547, 0.547, 0.5485, 0.5485, 0.55125, 0.55125, 0.5515, 0.5515, 0.5525, 0.5525, 0.55325, 0.55325, 0.55725, 0.55725, 0.5595, 0.5595, 0.56175, 0.56175, 0.56325, 0.56325, 0.5635, 0.5635, 0.56575, 0.56575, 0.56625, 0.56625, 0.56675, 0.56675, 0.568, 0.568, 0.56875, 0.56875, 0.569, 0.569, 0.5705, 0.5705, 0.5725, 0.5725, 0.57375, 0.57375, 0.574, 0.574, 0.57625, 0.57625, 0.5785, 0.5785, 0.57925, 0.57925, 0.58, 0.58, 0.58175, 0.58175, 0.585, 0.585, 0.5865, 0.5865, 0.59, 0.59, 0.59125, 0.59125, 0.593, 0.593, 0.59475, 0.59475, 0.5965, 0.5965, 0.59825, 0.59825, 0.59975, 0.59975, 0.6025, 0.6025, 0.60275, 0.60275, 0.60325, 0.60325, 0.60475, 0.60475, 0.60675, 0.60675, 0.6075, 0.6075, 0.61025, 0.61025, 0.614, 0.614, 0.6145, 0.6145, 0.6155, 0.6155, 0.61575, 0.61575, 0.6175, 0.6175, 0.61775, 0.61775, 0.61875, 0.61875, 0.62125, 0.62125, 0.6215, 0.6215, 0.6235, 0.6235, 0.62475, 0.62475, 0.625, 0.625, 0.628, 0.628, 0.62975, 0.62975, 0.6315, 0.6315, 0.63525, 0.63525, 0.6375, 0.6375, 0.63825, 0.63825, 0.639, 0.639, 0.63925, 0.63925, 0.6415, 0.6415, 0.6425, 0.6425, 0.646, 0.646, 0.64825, 0.64825, 0.64925, 0.64925, 0.64975, 0.64975, 0.6515, 0.6515, 0.652, 0.652, 0.65225, 0.65225, 0.653, 0.653, 0.6535, 0.6535, 0.65375, 0.65375, 0.654, 0.654, 0.658, 0.658, 0.65975, 0.65975, 0.6605, 0.6605, 0.66125, 0.66125, 0.6635, 0.6635, 0.66375, 0.66375, 0.66475, 0.66475, 0.66525, 0.66525, 0.66575, 0.66575, 0.66675, 0.66675, 0.66725, 0.66725, 0.66775, 0.66775, 0.6705, 0.6705, 0.6715, 0.6715, 0.6735, 0.6735, 0.674, 0.674, 0.67425, 0.67425, 0.6745, 0.6745, 0.67475, 0.67475, 0.67625, 0.67625, 0.67775, 0.67775, 0.67825, 0.67825, 0.67875, 0.67875, 0.679, 0.679, 0.67975, 0.67975, 0.681, 0.681, 0.6815, 0.6815, 0.6825, 0.6825, 0.68525, 0.68525, 0.68575, 0.68575, 0.688, 0.688, 0.6885, 0.6885, 0.69025, 0.69025, 0.69175, 0.69175, 0.69225, 0.69225, 0.69325, 0.69325, 0.69375, 0.69375, 0.69525, 0.69525, 0.69575, 0.69575, 0.697, 0.697, 0.69725, 0.69725, 0.698, 0.698, 0.69975, 0.69975, 0.70025, 0.70025, 0.70075, 0.70075, 0.70125, 0.70125, 0.70225, 0.70225, 0.70375, 0.70375, 0.7045, 0.7045, 0.70475, 0.70475, 0.705, 0.705, 0.7065, 0.7065, 0.70675, 0.70675, 0.70725, 0.70725, 0.7075, 0.7075, 0.70775, 0.70775, 0.708, 0.708, 0.70825, 0.70825, 0.70975, 0.70975, 0.71, 0.71, 0.711, 0.711, 0.71125, 0.71125, 0.71425, 0.71425, 0.71475, 0.71475, 0.715, 0.715, 0.71525, 0.71525, 0.71775, 0.71775, 0.718, 0.718, 0.71925, 0.71925, 0.72025, 0.72025, 0.722, 0.722, 0.72225, 0.72225, 0.7225, 0.7225, 0.7235, 0.7235, 0.724, 0.724, 0.725, 0.725, 0.7265, 0.7265, 0.72725, 0.72725, 0.7275, 0.7275, 0.728, 0.728, 0.729, 0.729, 0.73025, 0.73025, 0.73075, 0.73075, 0.731, 0.731, 0.7325, 0.7325, 0.73275, 0.73275, 0.735, 0.735, 0.73525, 0.73525, 0.7355, 0.7355, 0.73575, 0.73575, 0.737, 0.737, 0.73825, 0.73825, 0.7385, 0.7385, 0.73875, 0.73875, 0.739, 0.739, 0.73975, 0.73975, 0.74, 0.74, 0.74025, 0.74025, 0.74175, 0.74175, 0.74275, 0.74275, 0.743, 0.743, 0.74325, 0.74325, 0.74475, 0.74475, 0.745, 0.745, 0.7455, 0.7455, 0.74725, 0.74725, 0.74775, 0.74775, 0.748, 0.748, 0.749, 0.749, 0.75, 0.75, 0.75025, 0.75025, 0.75075, 0.75075, 0.752, 0.752, 0.75325, 0.75325, 0.75375, 0.75375, 0.7555, 0.7555, 0.75675, 0.75675, 0.7575, 0.7575, 0.75775, 0.75775, 0.758, 0.758, 0.759, 0.759, 0.75925, 0.75925, 0.7595, 0.7595, 0.76025, 0.76025, 0.7605, 0.7605, 0.76075, 0.76075, 0.76175, 0.76175, 0.762, 0.762, 0.76225, 0.76225, 0.764, 0.764, 0.765, 0.765, 0.76775, 0.76775, 0.76975, 0.76975, 0.7705, 0.7705, 0.771, 0.771, 0.7715, 0.7715, 0.772, 0.772, 0.773, 0.773, 0.77425, 0.77425, 0.7745, 0.7745, 0.77475, 0.77475, 0.775, 0.775, 0.77525, 0.77525, 0.7755, 0.7755, 0.7765, 0.7765, 0.777, 0.777, 0.778, 0.778, 0.7785, 0.7785, 0.779, 0.779, 0.78, 0.78, 0.78075, 0.78075, 0.781, 0.781, 0.78175, 0.78175, 0.78425, 0.78425, 0.78475, 0.78475, 0.7855, 0.7855, 0.7865, 0.7865, 0.78675, 0.78675, 0.78725, 0.78725, 0.78775, 0.78775, 0.7885, 0.7885, 0.78875, 0.78875, 0.7895, 0.7895, 0.79125, 0.79125, 0.792, 0.792, 0.79375, 0.79375, 0.794, 0.794, 0.79425, 0.79425, 0.795, 0.795, 0.79625, 0.79625, 0.79675, 0.79675, 0.7975, 0.7975, 0.7985, 0.7985, 0.79925, 0.79925, 0.7995, 0.7995, 0.8, 0.8, 0.80025, 0.80025, 0.8015, 0.8015, 0.80225, 0.80225, 0.8025, 0.8025, 0.80275, 0.80275, 0.80325, 0.80325, 0.80425, 0.80425, 0.8045, 0.8045, 0.80525, 0.80525, 0.8055, 0.8055, 0.80625, 0.80625, 0.80675, 0.80675, 0.807, 0.807, 0.8075, 0.8075, 0.80775, 0.80775, 0.808, 0.808, 0.8085, 0.8085, 0.809, 0.809, 0.8105, 0.8105, 0.81075, 0.81075, 0.811, 0.811, 0.81125, 0.81125, 0.81175, 0.81175, 0.81225, 0.81225, 0.8125, 0.8125, 0.81275, 0.81275, 0.813, 0.813, 0.81325, 0.81325, 0.814, 0.814, 0.81425, 0.81425, 0.8155, 0.8155, 0.816, 0.816, 0.81625, 0.81625, 0.8165, 0.8165, 0.817, 0.817, 0.8175, 0.8175, 0.818, 0.818, 0.819, 0.819, 0.81925, 0.81925, 0.8195, 0.8195, 0.81975, 0.81975, 0.8205, 0.8205, 0.8215, 0.8215, 0.822, 0.822, 0.82225, 0.82225, 0.8225, 0.8225, 0.823, 0.823, 0.82325, 0.82325, 0.82375, 0.82375, 0.82475, 0.82475, 0.826, 0.826, 0.8265, 0.8265, 0.82675, 0.82675, 0.82775, 0.82775, 0.82825, 0.82825, 0.8285, 0.8285, 0.82925, 0.82925, 0.82975, 0.82975, 0.83, 0.83, 0.83025, 0.83025, 0.8305, 0.8305, 0.83075, 0.83075, 0.831, 0.831, 0.83125, 0.83125, 0.8315, 0.8315, 0.832, 0.832, 0.83275, 0.83275, 0.83325, 0.83325, 0.8335, 0.8335, 0.83425, 0.83425, 0.8345, 0.8345, 0.83475, 0.83475, 0.835, 0.835, 0.83575, 0.83575, 0.83625, 0.83625, 0.8365, 0.8365, 0.838, 0.838, 0.83925, 0.83925, 0.8395, 0.8395, 0.84025, 0.84025, 0.841, 0.841, 0.84175, 0.84175, 0.8425, 0.8425, 0.84275, 0.84275, 0.8435, 0.8435, 0.84375, 0.84375, 0.844, 0.844, 0.84525, 0.84525, 0.846, 0.846, 0.84625, 0.84625, 0.84775, 0.84775, 0.8485, 0.8485, 0.84875, 0.84875, 0.849, 0.849, 0.84925, 0.84925, 0.8495, 0.8495, 0.84975, 0.84975, 0.85075, 0.85075, 0.851, 0.851, 0.85125, 0.85125, 0.85175, 0.85175, 0.852, 0.852, 0.8525, 0.8525, 0.853, 0.853, 0.85325, 0.85325, 0.85375, 0.85375, 0.85425, 0.85425, 0.8545, 0.8545, 0.85475, 0.85475, 0.8555, 0.8555, 0.85575, 0.85575, 0.856, 0.856, 0.85625, 0.85625, 0.85675, 0.85675, 0.857, 0.857, 0.8575, 0.8575, 0.85825, 0.85825, 0.8585, 0.8585, 0.85875, 0.85875, 0.859, 0.859, 0.85925, 0.85925, 0.8595, 0.8595, 0.8605, 0.8605, 0.86075, 0.86075, 0.861, 0.861, 0.86125, 0.86125, 0.8615, 0.8615, 0.86175, 0.86175, 0.862, 0.862, 0.86225, 0.86225, 0.8625, 0.8625, 0.86275, 0.86275, 0.86375, 0.86375, 0.86425, 0.86425, 0.8645, 0.8645, 0.865, 0.865, 0.86525, 0.86525, 0.86625, 0.86625, 0.86675, 0.86675, 0.867, 0.867, 0.86725, 0.86725, 0.8675, 0.8675, 0.86775, 0.86775, 0.868, 0.868, 0.86825, 0.86825, 0.8685, 0.8685, 0.86925, 0.86925, 0.8695, 0.8695, 0.8705, 0.8705, 0.871, 0.871, 0.8715, 0.8715, 0.87175, 0.87175, 0.872, 0.872, 0.87225, 0.87225, 0.87325, 0.87325, 0.874, 0.874, 0.87425, 0.87425, 0.8745, 0.8745, 0.87475, 0.87475, 0.875, 0.875, 0.8755, 0.8755, 0.87575, 0.87575, 0.876, 0.876, 0.87625, 0.87625, 0.8765, 0.8765, 0.87675, 0.87675, 0.877, 0.877, 0.8775, 0.8775, 0.87875, 0.87875, 0.879, 0.879, 0.87975, 0.87975, 0.88, 0.88, 0.88025, 0.88025, 0.8805, 0.8805, 0.88075, 0.88075, 0.88125, 0.88125, 0.8815, 0.8815, 0.882, 0.882, 0.88225, 0.88225, 0.8825, 0.8825, 0.88325, 0.88325, 0.88375, 0.88375, 0.88425, 0.88425, 0.8845, 0.8845, 0.885, 0.885, 0.88575, 0.88575, 0.886, 0.886, 0.88625, 0.88625, 0.88675, 0.88675, 0.887, 0.887, 0.88775, 0.88775, 0.888, 0.888, 0.88825, 0.88825, 0.8885, 0.8885, 0.88875, 0.88875, 0.889, 0.889, 0.88975, 0.88975, 0.89, 0.89, 0.8905, 0.8905, 0.89075, 0.89075, 0.891, 0.891, 0.89125, 0.89125, 0.8915, 0.8915, 0.89175, 0.89175, 0.89225, 0.89225, 0.893, 0.893, 0.89325, 0.89325, 0.8935, 0.8935, 0.894, 0.894, 0.89425, 0.89425, 0.8945, 0.8945, 0.89475, 0.89475, 0.895, 0.895, 0.89525, 0.89525, 0.89575, 0.89575, 0.89675, 0.89675, 0.897, 0.897, 0.89775, 0.89775, 0.89825, 0.89825, 0.8985, 0.8985, 0.89875, 0.89875, 0.89925, 0.89925, 0.89975, 0.89975, 0.9, 0.9, 0.90025, 0.90025, 0.9005, 0.9005, 0.901, 0.901, 0.9015, 0.9015, 0.902, 0.902, 0.90225, 0.90225, 0.9025, 0.9025, 0.90275, 0.90275, 0.903, 0.903, 0.904, 0.904, 0.9045, 0.9045, 0.9055, 0.9055, 0.906, 0.906, 0.9065, 0.9065, 0.90675, 0.90675, 0.907, 0.907, 0.9075, 0.9075, 0.908, 0.908, 0.90825, 0.90825, 0.90875, 0.90875, 0.909, 0.909, 0.90925, 0.90925, 0.9095, 0.9095, 0.91, 0.91, 0.91025, 0.91025, 0.9105, 0.9105, 0.91075, 0.91075, 0.911, 0.911, 0.9115, 0.9115, 0.912, 0.912, 0.91225, 0.91225, 0.9125, 0.9125, 0.913, 0.913, 0.91375, 0.91375, 0.91425, 0.91425, 0.91475, 0.91475, 0.915, 0.915, 0.91525, 0.91525, 0.9155, 0.9155, 0.91575, 0.91575, 0.916, 0.916, 0.9165, 0.9165, 0.91675, 0.91675, 0.917, 0.917, 0.91725, 0.91725, 0.9175, 0.9175, 0.918, 0.918, 0.9185, 0.9185, 0.91925, 0.91925, 0.9195, 0.9195, 0.9205, 0.9205, 0.92075, 0.92075, 0.92125, 0.92125, 0.9215, 0.9215, 0.92175, 0.92175, 0.9225, 0.9225, 0.923, 0.923, 0.92325, 0.92325, 0.9235, 0.9235, 0.92375, 0.92375, 0.924, 0.924, 0.9245, 0.9245, 0.92475, 0.92475, 0.925, 0.925, 0.92525, 0.92525, 0.9255, 0.9255, 0.92575, 0.92575, 0.926, 0.926, 0.9265, 0.9265, 0.9275, 0.9275, 0.92775, 0.92775, 0.928, 0.928, 0.9285, 0.9285, 0.929, 0.929, 0.92925, 0.92925, 0.9295, 0.9295, 0.92975, 0.92975, 0.93, 0.93, 0.93025, 0.93025, 0.931, 0.931, 0.93125, 0.93125, 0.9315, 0.9315, 0.932, 0.932, 0.9325, 0.9325, 0.93275, 0.93275, 0.933, 0.933, 0.9335, 0.9335, 0.93375, 0.93375, 0.934, 0.934, 0.93425, 0.93425, 0.93475, 0.93475, 0.935, 0.935, 0.93525, 0.93525, 0.9355, 0.9355, 0.93625, 0.93625, 0.9365, 0.9365, 0.93675, 0.93675, 0.93725, 0.93725, 0.93775, 0.93775, 0.938, 0.938, 0.93825, 0.93825, 0.9385, 0.9385, 0.939, 0.939, 0.93925, 0.93925, 0.9395, 0.9395, 0.93975, 0.93975, 0.94, 0.94, 0.94025, 0.94025, 0.94075, 0.94075, 0.941, 0.941, 0.94125, 0.94125, 0.9415, 0.9415, 0.94175, 0.94175, 0.94225, 0.94225, 0.9425, 0.9425, 0.94275, 0.94275, 0.943, 0.943, 0.94325, 0.94325, 0.94425, 0.94425, 0.9445, 0.9445, 0.94475, 0.94475, 0.9455, 0.9455, 0.946, 0.946, 0.94625, 0.94625, 0.9465, 0.9465, 0.94675, 0.94675, 0.947, 0.947, 0.94725, 0.94725, 0.9475, 0.9475, 0.94775, 0.94775, 0.948, 0.948, 0.94825, 0.94825, 0.9485, 0.9485, 0.94875, 0.94875, 0.949, 0.949, 0.94925, 0.94925, 0.94975, 0.94975, 0.95, 0.95, 0.95025, 0.95025, 0.95075, 0.95075, 0.95125, 0.95125, 0.9515, 0.9515, 0.95175, 0.95175, 0.952, 0.952, 0.95225, 0.95225, 0.9525, 0.9525, 0.95275, 0.95275, 0.95325, 0.95325, 0.9535, 0.9535, 0.95375, 0.95375, 0.954, 0.954, 0.95425, 0.95425, 0.9545, 0.9545, 0.95475, 0.95475, 0.955, 0.955, 0.95525, 0.95525, 0.9555, 0.9555, 0.95575, 0.95575, 0.956, 0.956, 0.95625, 0.95625, 0.9565, 0.9565, 0.95675, 0.95675, 0.95725, 0.95725, 0.9575, 0.9575, 0.95775, 0.95775, 0.958, 0.958, 0.95825, 0.95825, 0.9585, 0.9585, 0.95875, 0.95875, 0.95925, 0.95925, 0.95975, 0.95975, 0.96, 0.96, 0.9605, 0.9605, 0.96075, 0.96075, 0.961, 0.961, 0.96125, 0.96125, 0.9615, 0.9615, 0.96175, 0.96175, 0.962, 0.962, 0.96225, 0.96225, 0.9625, 0.9625, 0.96275, 0.96275, 0.963, 0.963, 0.96325, 0.96325, 0.9635, 0.9635, 0.96375, 0.96375, 0.964, 0.964, 0.96425, 0.96425, 0.9645, 0.9645, 0.96475, 0.96475, 0.965, 0.965, 0.96525, 0.96525, 0.9655, 0.9655, 0.96575, 0.96575, 0.966, 0.966, 0.96625, 0.96625, 0.9665, 0.9665, 0.96675, 0.96675, 0.96725, 0.96725, 0.9675, 0.9675, 0.96775, 0.96775, 0.968, 0.968, 0.96825, 0.96825, 0.96875, 0.96875, 0.969, 0.969, 0.96925, 0.96925, 0.9695, 0.9695, 0.96975, 0.96975, 0.97025, 0.97025, 0.9705, 0.9705, 0.97075, 0.97075, 0.971, 0.971, 0.97125, 0.97125, 0.9715, 0.9715, 0.97175, 0.97175, 0.972, 0.972, 0.97225, 0.97225, 0.9725, 0.9725, 0.97275, 0.97275, 0.973, 0.973, 0.97325, 0.97325, 0.9735, 0.9735, 0.97375, 0.97375, 0.974, 0.974, 0.97425, 0.97425, 0.9745, 0.9745, 0.97475, 0.97475, 0.975, 0.975, 0.97525, 0.97525, 0.97575, 0.97575, 0.976, 0.976, 0.97625, 0.97625, 0.9765, 0.9765, 0.97675, 0.97675, 0.977, 0.977, 0.97725, 0.97725, 0.9775, 0.9775, 0.97775, 0.97775, 0.978, 0.978, 0.97825, 0.97825, 0.9785, 0.9785, 0.979, 0.979, 0.97925, 0.97925, 0.9795, 0.9795, 0.97975, 0.97975, 0.98, 0.98, 0.98025, 0.98025, 0.98075, 0.98075, 0.981, 0.981, 0.98125, 0.98125, 0.9815, 0.9815, 0.982, 0.982, 0.98225, 0.98225, 0.9825, 0.9825, 0.98275, 0.98275, 0.983, 0.983, 0.98325, 0.98325, 0.9835, 0.9835, 0.98375, 0.98375, 0.984, 0.984, 0.98425, 0.98425, 0.9845, 0.9845, 0.98475, 0.98475, 0.985, 0.985, 0.98525, 0.98525, 0.9855, 0.9855, 0.98575, 0.98575, 0.986, 0.986, 0.98625, 0.98625, 0.9865, 0.9865, 0.98675, 0.98675, 0.987, 0.987, 0.98725, 0.98725, 0.9875, 0.9875, 0.98775, 0.98775, 0.988, 0.988, 0.98825, 0.98825, 0.9885, 0.9885, 0.98875, 0.98875, 0.989, 0.989, 0.98925, 0.98925, 0.98975, 0.98975, 0.99, 0.99, 0.99025, 0.99025, 0.9905, 0.9905, 0.99075, 0.99075, 0.991, 0.991, 0.99125, 0.99125, 0.9915, 0.9915, 0.99175, 0.99175, 0.992, 0.992, 0.99225, 0.99225, 0.9925, 0.9925, 0.993, 0.993, 0.99325, 0.99325, 0.9935, 0.9935, 0.99375, 0.99375, 0.994, 0.994, 0.9945, 0.9945, 0.99475, 0.99475, 0.99525, 0.99525, 0.9955, 0.9955, 0.99575, 0.99575, 0.99625, 0.99625, 0.9965, 0.9965, 0.99675, 0.99675, 0.997, 0.997, 0.99725, 0.99725, 0.9975, 0.9975, 0.99775, 0.99775, 0.998, 0.998, 0.99825, 0.99825, 0.9985, 0.9985, 0.99875, 0.99875, 0.999, 0.999, 0.99925, 0.99925, 0.9995, 0.9995, 0.99975, 0.99975, 1.0, 1.0]",B (Random +/-1)
KNN,B,10,0.805625,0.86961540625,1.1083378791809082,"[0.0, 0.0375, 0.104, 0.192, 0.3295, 0.57775, 1.0]","[0.0, 0.43675, 0.67375, 0.80325, 0.89175, 0.958, 1.0]",B (Random +/-1)
Neural Network,B,10,0.838875,0.9144847500000001,1.0093958377838135,"[0.0, 0.0, 0.0, 0.00025, 0.00025, 0.0005, 0.0005, 0.00075, 0.00075, 0.001, 0.001, 0.00125, 0.00125, 0.0015, 0.0015, 0.00175, 0.00175, 0.002, 0.002, 0.00225, 0.00225, 0.0025, 0.0025, 0.00275, 0.00275, 0.003, 0.003, 0.00325, 0.00325, 0.0035, 0.0035, 0.00375, 0.00375, 0.004, 0.004, 0.00425, 0.00425, 0.0045, 0.0045, 0.00475, 0.00475, 0.005, 0.005, 0.00525, 0.00525, 0.0055, 0.0055, 0.00575, 0.00575, 0.006, 0.006, 0.00625, 0.00625, 0.0065, 0.0065, 0.00675, 0.00675, 0.00725, 0.00725, 0.0075, 0.0075, 0.00775, 0.00775, 0.008, 0.008, 0.00825, 0.00825, 0.0085, 0.0085, 0.00875, 0.00875, 0.009, 0.009, 0.00925, 0.00925, 0.0095, 0.0095, 0.00975, 0.00975, 0.01, 0.01, 0.01025, 0.01025, 0.0105, 0.0105, 0.01075, 0.01075, 0.011, 0.011, 0.0115, 0.0115, 0.01175, 0.01175, 0.012, 0.012, 0.01225, 0.01225, 0.0125, 0.0125, 0.01275, 0.01275, 0.013, 0.013, 0.01325, 0.01325, 0.0135, 0.0135, 0.01375, 0.01375, 0.014, 0.014, 0.0145, 0.0145, 0.01475, 0.01475, 0.015, 0.015, 0.01525, 0.01525, 0.0155, 0.0155, 0.01575, 0.01575, 0.016, 0.016, 0.01625, 0.01625, 0.0165, 0.0165, 0.01675, 0.01675, 0.017, 0.017, 0.01725, 0.01725, 0.0175, 0.0175, 0.01775, 0.01775, 0.018, 0.018, 0.01825, 0.01825, 0.0185, 0.0185, 0.01875, 0.01875, 0.019, 0.019, 0.0195, 0.0195, 0.01975, 0.01975, 0.02, 0.02, 0.02025, 0.02025, 0.0205, 0.0205, 0.02075, 0.02075, 0.021, 0.021, 0.02125, 0.02125, 0.0215, 0.0215, 0.02175, 0.02175, 0.022, 0.022, 0.02225, 0.02225, 0.0225, 0.0225, 0.02275, 0.02275, 0.023, 0.023, 0.02325, 0.02325, 0.0235, 0.0235, 0.02375, 0.02375, 0.024, 0.024, 0.02425, 0.02425, 0.0245, 0.0245, 0.02475, 0.02475, 0.025, 0.025, 0.02525, 0.02525, 0.0255, 0.0255, 0.02575, 0.02575, 0.026, 0.026, 0.02625, 0.02625, 0.0265, 0.0265, 0.02675, 0.02675, 0.027, 0.027, 0.02725, 0.02725, 0.02825, 0.02825, 0.0285, 0.0285, 0.02875, 0.02875, 0.029, 0.029, 0.02925, 0.02925, 0.0295, 0.0295, 0.02975, 0.02975, 0.03, 0.03, 0.03025, 0.03025, 0.03075, 0.03075, 0.031, 0.031, 0.03125, 0.03125, 0.03175, 0.03175, 0.032, 0.032, 0.03225, 0.03225, 0.0325, 0.0325, 0.03275, 0.03275, 0.03375, 0.03375, 0.034, 0.034, 0.03425, 0.03425, 0.0345, 0.0345, 0.03475, 0.03475, 0.035, 0.035, 0.03525, 0.03525, 0.0355, 0.0355, 0.03575, 0.03575, 0.036, 0.036, 0.03625, 0.03625, 0.0365, 0.0365, 0.03675, 0.03675, 0.037, 0.037, 0.03725, 0.03725, 0.0375, 0.0375, 0.03775, 0.03775, 0.038, 0.038, 0.03825, 0.03825, 0.0385, 0.0385, 0.03875, 0.03875, 0.0395, 0.0395, 0.03975, 0.03975, 0.04025, 0.04025, 0.04075, 0.04075, 0.04175, 0.04175, 0.042, 0.042, 0.0425, 0.0425, 0.04275, 0.04275, 0.043, 0.043, 0.0435, 0.0435, 0.044, 0.044, 0.04425, 0.04425, 0.0445, 0.0445, 0.04475, 0.04475, 0.045, 0.045, 0.04525, 0.04525, 0.0455, 0.0455, 0.04575, 0.04575, 0.04625, 0.04625, 0.047, 0.047, 0.04725, 0.04725, 0.0475, 0.0475, 0.04775, 0.04775, 0.048, 0.048, 0.04825, 0.04825, 0.0485, 0.0485, 0.04875, 0.04875, 0.049, 0.049, 0.0495, 0.0495, 0.04975, 0.04975, 0.05, 0.05, 0.05025, 0.05025, 0.0505, 0.0505, 0.05075, 0.05075, 0.051, 0.051, 0.05125, 0.05125, 0.0515, 0.0515, 0.05225, 0.05225, 0.0525, 0.0525, 0.05275, 0.05275, 0.053, 0.053, 0.0535, 0.0535, 0.05375, 0.05375, 0.054, 0.054, 0.05425, 0.05425, 0.0545, 0.0545, 0.05475, 0.05475, 0.055, 0.055, 0.0555, 0.0555, 0.056, 0.056, 0.05625, 0.05625, 0.0565, 0.0565, 0.05675, 0.05675, 0.057, 0.057, 0.0575, 0.0575, 0.05775, 0.05775, 0.058, 0.058, 0.05825, 0.05825, 0.0585, 0.0585, 0.059, 0.059, 0.0595, 0.0595, 0.05975, 0.05975, 0.06, 0.06, 0.06025, 0.06025, 0.0605, 0.0605, 0.061, 0.061, 0.06125, 0.06125, 0.0615, 0.0615, 0.06175, 0.06175, 0.062, 0.062, 0.0625, 0.0625, 0.06275, 0.06275, 0.063, 0.063, 0.06325, 0.06325, 0.0635, 0.0635, 0.06375, 0.06375, 0.064, 0.064, 0.06425, 0.06425, 0.065, 0.065, 0.06525, 0.06525, 0.06575, 0.06575, 0.066, 0.066, 0.06625, 0.06625, 0.0665, 0.0665, 0.06675, 0.06675, 0.06725, 0.06725, 0.0675, 0.0675, 0.06775, 0.06775, 0.06825, 0.06825, 0.0685, 0.0685, 0.06925, 0.06925, 0.07025, 0.07025, 0.0705, 0.0705, 0.07075, 0.07075, 0.071, 0.071, 0.07125, 0.07125, 0.0715, 0.0715, 0.07175, 0.07175, 0.07225, 0.07225, 0.0725, 0.0725, 0.07275, 0.07275, 0.073, 0.073, 0.07325, 0.07325, 0.0735, 0.0735, 0.07425, 0.07425, 0.0745, 0.0745, 0.07475, 0.07475, 0.075, 0.075, 0.07525, 0.07525, 0.0755, 0.0755, 0.07575, 0.07575, 0.0765, 0.0765, 0.07675, 0.07675, 0.077, 0.077, 0.07725, 0.07725, 0.0775, 0.0775, 0.07775, 0.07775, 0.078, 0.078, 0.07825, 0.07825, 0.07875, 0.07875, 0.07925, 0.07925, 0.08, 0.08, 0.08025, 0.08025, 0.0805, 0.0805, 0.08075, 0.08075, 0.0815, 0.0815, 0.08175, 0.08175, 0.08225, 0.08225, 0.08275, 0.08275, 0.08325, 0.08325, 0.0835, 0.0835, 0.084, 0.084, 0.08425, 0.08425, 0.0845, 0.0845, 0.08475, 0.08475, 0.085, 0.085, 0.08525, 0.08525, 0.08575, 0.08575, 0.086, 0.086, 0.0865, 0.0865, 0.08675, 0.08675, 0.087, 0.087, 0.0875, 0.0875, 0.08925, 0.08925, 0.0895, 0.0895, 0.08975, 0.08975, 0.09025, 0.09025, 0.09075, 0.09075, 0.091, 0.091, 0.0915, 0.0915, 0.09175, 0.09175, 0.092, 0.092, 0.09225, 0.09225, 0.093, 0.093, 0.09325, 0.09325, 0.0935, 0.0935, 0.094, 0.094, 0.09425, 0.09425, 0.09475, 0.09475, 0.095, 0.095, 0.09525, 0.09525, 0.096, 0.096, 0.09625, 0.09625, 0.0975, 0.0975, 0.09775, 0.09775, 0.098, 0.098, 0.0985, 0.0985, 0.09875, 0.09875, 0.099, 0.099, 0.09925, 0.09925, 0.0995, 0.0995, 0.09975, 0.09975, 0.1, 0.1, 0.10025, 0.10025, 0.101, 0.101, 0.10125, 0.10125, 0.10175, 0.10175, 0.102, 0.102, 0.10225, 0.10225, 0.1025, 0.1025, 0.103, 0.103, 0.10325, 0.10325, 0.104, 0.104, 0.10425, 0.10425, 0.10475, 0.10475, 0.10525, 0.10525, 0.10575, 0.10575, 0.10625, 0.10625, 0.10675, 0.10675, 0.108, 0.108, 0.10825, 0.10825, 0.1085, 0.1085, 0.10875, 0.10875, 0.109, 0.109, 0.10925, 0.10925, 0.11, 0.11, 0.1105, 0.1105, 0.11075, 0.11075, 0.111, 0.111, 0.11125, 0.11125, 0.11175, 0.11175, 0.112, 0.112, 0.11225, 0.11225, 0.1125, 0.1125, 0.11275, 0.11275, 0.113, 0.113, 0.11325, 0.11325, 0.1135, 0.1135, 0.114, 0.114, 0.1145, 0.1145, 0.11575, 0.11575, 0.116, 0.116, 0.11675, 0.11675, 0.117, 0.117, 0.1175, 0.1175, 0.1185, 0.1185, 0.119, 0.119, 0.11925, 0.11925, 0.1195, 0.1195, 0.11975, 0.11975, 0.12, 0.12, 0.1205, 0.1205, 0.12075, 0.12075, 0.1215, 0.1215, 0.12175, 0.12175, 0.12325, 0.12325, 0.12375, 0.12375, 0.124, 0.124, 0.125, 0.125, 0.12525, 0.12525, 0.1255, 0.1255, 0.12575, 0.12575, 0.12675, 0.12675, 0.127, 0.127, 0.12725, 0.12725, 0.128, 0.128, 0.12825, 0.12825, 0.1285, 0.1285, 0.12875, 0.12875, 0.129, 0.129, 0.1295, 0.1295, 0.12975, 0.12975, 0.13, 0.13, 0.13025, 0.13025, 0.1305, 0.1305, 0.131, 0.131, 0.13125, 0.13125, 0.13175, 0.13175, 0.132, 0.132, 0.13225, 0.13225, 0.1325, 0.1325, 0.13325, 0.13325, 0.1335, 0.1335, 0.13375, 0.13375, 0.134, 0.134, 0.13425, 0.13425, 0.1345, 0.1345, 0.135, 0.135, 0.13525, 0.13525, 0.1355, 0.1355, 0.13575, 0.13575, 0.13675, 0.13675, 0.137, 0.137, 0.13725, 0.13725, 0.1375, 0.1375, 0.13825, 0.13825, 0.139, 0.139, 0.13975, 0.13975, 0.14, 0.14, 0.14025, 0.14025, 0.14075, 0.14075, 0.141, 0.141, 0.14125, 0.14125, 0.14225, 0.14225, 0.1425, 0.1425, 0.14275, 0.14275, 0.14325, 0.14325, 0.1435, 0.1435, 0.14375, 0.14375, 0.14475, 0.14475, 0.1455, 0.1455, 0.14575, 0.14575, 0.14625, 0.14625, 0.147, 0.147, 0.14775, 0.14775, 0.148, 0.148, 0.149, 0.149, 0.1495, 0.1495, 0.15025, 0.15025, 0.1505, 0.1505, 0.1515, 0.1515, 0.15175, 0.15175, 0.152, 0.152, 0.15225, 0.15225, 0.153, 0.153, 0.15475, 0.15475, 0.155, 0.155, 0.15525, 0.15525, 0.156, 0.156, 0.1565, 0.1565, 0.15675, 0.15675, 0.157, 0.157, 0.15775, 0.15775, 0.1585, 0.1585, 0.15925, 0.15925, 0.16, 0.16, 0.1605, 0.1605, 0.16075, 0.16075, 0.16125, 0.16125, 0.163, 0.163, 0.16325, 0.16325, 0.1635, 0.1635, 0.16375, 0.16375, 0.16575, 0.16575, 0.166, 0.166, 0.16625, 0.16625, 0.1665, 0.1665, 0.16725, 0.16725, 0.1675, 0.1675, 0.16775, 0.16775, 0.168, 0.168, 0.16925, 0.16925, 0.1695, 0.1695, 0.16975, 0.16975, 0.17075, 0.17075, 0.17125, 0.17125, 0.172, 0.172, 0.173, 0.173, 0.17525, 0.17525, 0.17575, 0.17575, 0.17725, 0.17725, 0.17775, 0.17775, 0.178, 0.178, 0.179, 0.179, 0.17925, 0.17925, 0.1795, 0.1795, 0.18, 0.18, 0.1805, 0.1805, 0.18125, 0.18125, 0.18175, 0.18175, 0.18225, 0.18225, 0.1825, 0.1825, 0.183, 0.183, 0.18325, 0.18325, 0.18375, 0.18375, 0.184, 0.184, 0.18425, 0.18425, 0.1845, 0.1845, 0.185, 0.185, 0.18575, 0.18575, 0.18675, 0.18675, 0.188, 0.188, 0.18825, 0.18825, 0.189, 0.189, 0.19, 0.19, 0.191, 0.191, 0.1915, 0.1915, 0.19175, 0.19175, 0.192, 0.192, 0.1925, 0.1925, 0.1935, 0.1935, 0.19375, 0.19375, 0.1955, 0.1955, 0.1965, 0.1965, 0.197, 0.197, 0.19725, 0.19725, 0.19875, 0.19875, 0.199, 0.199, 0.1995, 0.1995, 0.201, 0.201, 0.2015, 0.2015, 0.20175, 0.20175, 0.202, 0.202, 0.20275, 0.20275, 0.20325, 0.20325, 0.20375, 0.20375, 0.2045, 0.2045, 0.20475, 0.20475, 0.205, 0.205, 0.206, 0.206, 0.207, 0.207, 0.20775, 0.20775, 0.2085, 0.2085, 0.209, 0.209, 0.21025, 0.21025, 0.2105, 0.2105, 0.21125, 0.21125, 0.2115, 0.2115, 0.212, 0.212, 0.21225, 0.21225, 0.2125, 0.2125, 0.2135, 0.2135, 0.21375, 0.21375, 0.21475, 0.21475, 0.215, 0.215, 0.2155, 0.2155, 0.21575, 0.21575, 0.216, 0.216, 0.217, 0.217, 0.2175, 0.2175, 0.21825, 0.21825, 0.21875, 0.21875, 0.21925, 0.21925, 0.2195, 0.2195, 0.2205, 0.2205, 0.22125, 0.22125, 0.2215, 0.2215, 0.222, 0.222, 0.2225, 0.2225, 0.22325, 0.22325, 0.2255, 0.2255, 0.22575, 0.22575, 0.226, 0.226, 0.22625, 0.22625, 0.2265, 0.2265, 0.22675, 0.22675, 0.22725, 0.22725, 0.22875, 0.22875, 0.22925, 0.22925, 0.23075, 0.23075, 0.23125, 0.23125, 0.2315, 0.2315, 0.23175, 0.23175, 0.232, 0.232, 0.23225, 0.23225, 0.234, 0.234, 0.23425, 0.23425, 0.2345, 0.2345, 0.23475, 0.23475, 0.235, 0.235, 0.2355, 0.2355, 0.23575, 0.23575, 0.23625, 0.23625, 0.237, 0.237, 0.2375, 0.2375, 0.23825, 0.23825, 0.2385, 0.2385, 0.2415, 0.2415, 0.24175, 0.24175, 0.2425, 0.2425, 0.24275, 0.24275, 0.2435, 0.2435, 0.24425, 0.24425, 0.2445, 0.2445, 0.245, 0.245, 0.246, 0.246, 0.24625, 0.24625, 0.24725, 0.24725, 0.2475, 0.2475, 0.24775, 0.24775, 0.248, 0.248, 0.2495, 0.2495, 0.24975, 0.24975, 0.25125, 0.25125, 0.2515, 0.2515, 0.252, 0.252, 0.25225, 0.25225, 0.253, 0.253, 0.254, 0.254, 0.25425, 0.25425, 0.2545, 0.2545, 0.25475, 0.25475, 0.25575, 0.25575, 0.256, 0.256, 0.2615, 0.2615, 0.26475, 0.26475, 0.26675, 0.26675, 0.2675, 0.2675, 0.26775, 0.26775, 0.2685, 0.2685, 0.27225, 0.27225, 0.273, 0.273, 0.27425, 0.27425, 0.2745, 0.2745, 0.27475, 0.27475, 0.27525, 0.27525, 0.2755, 0.2755, 0.277, 0.277, 0.27725, 0.27725, 0.27775, 0.27775, 0.279, 0.279, 0.27975, 0.27975, 0.2805, 0.2805, 0.281, 0.281, 0.2825, 0.2825, 0.283, 0.283, 0.28325, 0.28325, 0.2835, 0.2835, 0.28425, 0.28425, 0.28525, 0.28525, 0.2855, 0.2855, 0.28575, 0.28575, 0.28725, 0.28725, 0.28825, 0.28825, 0.289, 0.289, 0.28975, 0.28975, 0.29, 0.29, 0.29025, 0.29025, 0.29175, 0.29175, 0.292, 0.292, 0.2925, 0.2925, 0.293, 0.293, 0.29375, 0.29375, 0.29425, 0.29425, 0.29475, 0.29475, 0.296, 0.296, 0.29625, 0.29625, 0.2965, 0.2965, 0.29675, 0.29675, 0.29725, 0.29725, 0.29825, 0.29825, 0.29875, 0.29875, 0.29925, 0.29925, 0.30025, 0.30025, 0.30125, 0.30125, 0.30325, 0.30325, 0.30425, 0.30425, 0.308, 0.308, 0.30875, 0.30875, 0.309, 0.309, 0.3095, 0.3095, 0.311, 0.311, 0.3115, 0.3115, 0.31575, 0.31575, 0.31625, 0.31625, 0.32, 0.32, 0.323, 0.323, 0.32425, 0.32425, 0.32475, 0.32475, 0.325, 0.325, 0.32575, 0.32575, 0.32725, 0.32725, 0.32775, 0.32775, 0.328, 0.328, 0.32875, 0.32875, 0.33125, 0.33125, 0.33175, 0.33175, 0.3335, 0.3335, 0.33475, 0.33475, 0.3355, 0.3355, 0.33575, 0.33575, 0.3365, 0.3365, 0.337, 0.337, 0.33825, 0.33825, 0.339, 0.339, 0.3395, 0.3395, 0.33975, 0.33975, 0.34, 0.34, 0.3405, 0.3405, 0.34125, 0.34125, 0.3415, 0.3415, 0.3435, 0.3435, 0.34375, 0.34375, 0.344, 0.344, 0.3475, 0.3475, 0.34775, 0.34775, 0.348, 0.348, 0.349, 0.349, 0.351, 0.351, 0.3535, 0.3535, 0.3545, 0.3545, 0.35475, 0.35475, 0.35575, 0.35575, 0.35625, 0.35625, 0.357, 0.357, 0.35775, 0.35775, 0.35875, 0.35875, 0.36, 0.36, 0.3605, 0.3605, 0.3615, 0.3615, 0.3625, 0.3625, 0.3645, 0.3645, 0.3655, 0.3655, 0.36675, 0.36675, 0.367, 0.367, 0.368, 0.368, 0.3685, 0.3685, 0.36875, 0.36875, 0.37225, 0.37225, 0.3745, 0.3745, 0.37575, 0.37575, 0.3775, 0.3775, 0.37825, 0.37825, 0.3785, 0.3785, 0.379, 0.379, 0.38, 0.38, 0.381, 0.381, 0.38225, 0.38225, 0.3845, 0.3845, 0.38825, 0.38825, 0.3905, 0.3905, 0.39075, 0.39075, 0.39125, 0.39125, 0.3955, 0.3955, 0.396, 0.396, 0.39725, 0.39725, 0.39775, 0.39775, 0.39825, 0.39825, 0.39975, 0.39975, 0.40025, 0.40025, 0.40075, 0.40075, 0.40175, 0.40175, 0.4035, 0.4035, 0.40425, 0.40425, 0.40475, 0.40475, 0.40725, 0.40725, 0.41125, 0.41125, 0.4125, 0.4125, 0.41325, 0.41325, 0.4145, 0.4145, 0.4155, 0.4155, 0.416, 0.416, 0.41675, 0.41675, 0.41725, 0.41725, 0.4195, 0.4195, 0.42025, 0.42025, 0.42275, 0.42275, 0.423, 0.423, 0.426, 0.426, 0.43075, 0.43075, 0.431, 0.431, 0.43325, 0.43325, 0.434, 0.434, 0.4365, 0.4365, 0.438, 0.438, 0.43975, 0.43975, 0.44175, 0.44175, 0.44225, 0.44225, 0.4445, 0.4445, 0.44475, 0.44475, 0.44575, 0.44575, 0.44625, 0.44625, 0.448, 0.448, 0.4505, 0.4505, 0.45225, 0.45225, 0.454, 0.454, 0.455, 0.455, 0.4555, 0.4555, 0.45575, 0.45575, 0.456, 0.456, 0.4565, 0.4565, 0.459, 0.459, 0.46, 0.46, 0.4615, 0.4615, 0.46275, 0.46275, 0.46625, 0.46625, 0.46825, 0.46825, 0.4695, 0.4695, 0.47025, 0.47025, 0.471, 0.471, 0.47125, 0.47125, 0.4715, 0.4715, 0.472, 0.472, 0.47275, 0.47275, 0.482, 0.482, 0.48325, 0.48325, 0.48825, 0.48825, 0.4885, 0.4885, 0.48925, 0.48925, 0.49, 0.49, 0.49075, 0.49075, 0.49125, 0.49125, 0.496, 0.496, 0.49625, 0.49625, 0.498, 0.498, 0.5045, 0.5045, 0.50775, 0.50775, 0.5115, 0.5115, 0.5125, 0.5125, 0.51575, 0.51575, 0.51675, 0.51675, 0.52225, 0.52225, 0.52325, 0.52325, 0.525, 0.525, 0.52525, 0.52525, 0.52875, 0.52875, 0.53275, 0.53275, 0.53525, 0.53525, 0.5355, 0.5355, 0.53625, 0.53625, 0.5385, 0.5385, 0.53875, 0.53875, 0.5405, 0.5405, 0.54125, 0.54125, 0.54525, 0.54525, 0.5475, 0.5475, 0.551, 0.551, 0.5515, 0.5515, 0.55275, 0.55275, 0.5535, 0.5535, 0.5565, 0.5565, 0.559, 0.559, 0.56375, 0.56375, 0.5655, 0.5655, 0.5665, 0.5665, 0.568, 0.568, 0.569, 0.569, 0.57075, 0.57075, 0.57375, 0.57375, 0.5785, 0.5785, 0.57875, 0.57875, 0.58, 0.58, 0.58125, 0.58125, 0.5865, 0.5865, 0.58975, 0.58975, 0.592, 0.592, 0.5935, 0.5935, 0.59375, 0.59375, 0.59525, 0.59525, 0.59775, 0.59775, 0.60275, 0.60275, 0.61525, 0.61525, 0.619, 0.619, 0.62575, 0.62575, 0.62625, 0.62625, 0.62925, 0.62925, 0.63225, 0.63225, 0.635, 0.635, 0.6365, 0.6365, 0.63825, 0.63825, 0.64, 0.64, 0.64125, 0.64125, 0.65, 0.65, 0.652, 0.652, 0.65275, 0.65275, 0.65975, 0.65975, 0.66075, 0.66075, 0.66825, 0.66825, 0.6725, 0.6725, 0.67425, 0.67425, 0.67875, 0.67875, 0.6805, 0.6805, 0.68525, 0.68525, 0.6865, 0.6865, 0.687, 0.687, 0.6925, 0.6925, 0.7005, 0.7005, 0.70475, 0.70475, 0.70575, 0.70575, 0.70825, 0.70825, 0.723, 0.723, 0.72475, 0.72475, 0.73025, 0.73025, 0.73625, 0.73625, 0.738, 0.738, 0.74625, 0.74625, 0.74925, 0.74925, 0.75425, 0.75425, 0.755, 0.755, 0.7625, 0.7625, 0.77625, 0.77625, 0.77675, 0.77675, 0.78775, 0.78775, 0.79175, 0.79175, 0.81025, 0.81025, 0.815, 0.815, 0.81925, 0.81925, 0.81975, 0.81975, 0.828, 0.828, 0.83225, 0.83225, 0.83525, 0.83525, 0.8565, 0.8565, 0.85925, 0.85925, 0.8725, 0.8725, 0.88225, 0.88225, 0.884, 0.884, 0.90025, 0.90025, 0.9375, 0.9375, 1.0]","[0.0, 0.00025, 0.03625, 0.03625, 0.04625, 0.04625, 0.056, 0.056, 0.06875, 0.06875, 0.09075, 0.09075, 0.10025, 0.10025, 0.14925, 0.14925, 0.14975, 0.14975, 0.1545, 0.1545, 0.17575, 0.17575, 0.18025, 0.18025, 0.1865, 0.1865, 0.19125, 0.19125, 0.196, 0.196, 0.19675, 0.19675, 0.20175, 0.20175, 0.2085, 0.2085, 0.2115, 0.2115, 0.213, 0.213, 0.223, 0.223, 0.22325, 0.22325, 0.2235, 0.2235, 0.22475, 0.22475, 0.2365, 0.2365, 0.24, 0.24, 0.24625, 0.24625, 0.26025, 0.26025, 0.2735, 0.2735, 0.28325, 0.28325, 0.2875, 0.2875, 0.29125, 0.29125, 0.29325, 0.29325, 0.2975, 0.2975, 0.301, 0.301, 0.30125, 0.30125, 0.303, 0.303, 0.305, 0.305, 0.30525, 0.30525, 0.30625, 0.30625, 0.30875, 0.30875, 0.32825, 0.32825, 0.338, 0.338, 0.34475, 0.34475, 0.34625, 0.34625, 0.3475, 0.3475, 0.35125, 0.35125, 0.3535, 0.3535, 0.355, 0.355, 0.35875, 0.35875, 0.3605, 0.3605, 0.36375, 0.36375, 0.3645, 0.3645, 0.36575, 0.36575, 0.37025, 0.37025, 0.37225, 0.37225, 0.374, 0.374, 0.375, 0.375, 0.3835, 0.3835, 0.38775, 0.38775, 0.38925, 0.38925, 0.39125, 0.39125, 0.39975, 0.39975, 0.40375, 0.40375, 0.40575, 0.40575, 0.409, 0.409, 0.40925, 0.40925, 0.4095, 0.4095, 0.411, 0.411, 0.4125, 0.4125, 0.41275, 0.41275, 0.41725, 0.41725, 0.42075, 0.42075, 0.422, 0.422, 0.4225, 0.4225, 0.42275, 0.42275, 0.42325, 0.42325, 0.428, 0.428, 0.433, 0.433, 0.4345, 0.4345, 0.437, 0.437, 0.43775, 0.43775, 0.43925, 0.43925, 0.44125, 0.44125, 0.44425, 0.44425, 0.45, 0.45, 0.451, 0.451, 0.45925, 0.45925, 0.46025, 0.46025, 0.46625, 0.46625, 0.46675, 0.46675, 0.46825, 0.46825, 0.4685, 0.4685, 0.469, 0.469, 0.4695, 0.4695, 0.46975, 0.46975, 0.4715, 0.4715, 0.47275, 0.47275, 0.473, 0.473, 0.474, 0.474, 0.48225, 0.48225, 0.48575, 0.48575, 0.49425, 0.49425, 0.4945, 0.4945, 0.49575, 0.49575, 0.497, 0.497, 0.4975, 0.4975, 0.49925, 0.49925, 0.50125, 0.50125, 0.50525, 0.50525, 0.507, 0.507, 0.50875, 0.50875, 0.50975, 0.50975, 0.512, 0.512, 0.51425, 0.51425, 0.51525, 0.51525, 0.51975, 0.51975, 0.52, 0.52, 0.522, 0.522, 0.523, 0.523, 0.52375, 0.52375, 0.5325, 0.5325, 0.53375, 0.53375, 0.53425, 0.53425, 0.5355, 0.5355, 0.53575, 0.53575, 0.536, 0.536, 0.54, 0.54, 0.5455, 0.5455, 0.54825, 0.54825, 0.54925, 0.54925, 0.5505, 0.5505, 0.552, 0.552, 0.55375, 0.55375, 0.555, 0.555, 0.5565, 0.5565, 0.56025, 0.56025, 0.5605, 0.5605, 0.561, 0.561, 0.56275, 0.56275, 0.565, 0.565, 0.56725, 0.56725, 0.5675, 0.5675, 0.568, 0.568, 0.569, 0.569, 0.57075, 0.57075, 0.57375, 0.57375, 0.57575, 0.57575, 0.57725, 0.57725, 0.57775, 0.57775, 0.57875, 0.57875, 0.582, 0.582, 0.58275, 0.58275, 0.583, 0.583, 0.58425, 0.58425, 0.5845, 0.5845, 0.58625, 0.58625, 0.58675, 0.58675, 0.58925, 0.58925, 0.59125, 0.59125, 0.592, 0.592, 0.59225, 0.59225, 0.59325, 0.59325, 0.5935, 0.5935, 0.594, 0.594, 0.596, 0.596, 0.59625, 0.59625, 0.59825, 0.59825, 0.5995, 0.5995, 0.60125, 0.60125, 0.6035, 0.6035, 0.60375, 0.60375, 0.6085, 0.6085, 0.6105, 0.6105, 0.6125, 0.6125, 0.61325, 0.61325, 0.61425, 0.61425, 0.6145, 0.6145, 0.615, 0.615, 0.61525, 0.61525, 0.6175, 0.6175, 0.6205, 0.6205, 0.62425, 0.62425, 0.625, 0.625, 0.62725, 0.62725, 0.62775, 0.62775, 0.62825, 0.62825, 0.6295, 0.6295, 0.63, 0.63, 0.6315, 0.6315, 0.63175, 0.63175, 0.6325, 0.6325, 0.633, 0.633, 0.6335, 0.6335, 0.63625, 0.63625, 0.64, 0.64, 0.641, 0.641, 0.643, 0.643, 0.6455, 0.6455, 0.64625, 0.64625, 0.64675, 0.64675, 0.64725, 0.64725, 0.65225, 0.65225, 0.6525, 0.6525, 0.65275, 0.65275, 0.65325, 0.65325, 0.654, 0.654, 0.655, 0.655, 0.65525, 0.65525, 0.657, 0.657, 0.6585, 0.6585, 0.65875, 0.65875, 0.659, 0.659, 0.66, 0.66, 0.66025, 0.66025, 0.66075, 0.66075, 0.66125, 0.66125, 0.6625, 0.6625, 0.66425, 0.66425, 0.6645, 0.6645, 0.66575, 0.66575, 0.66975, 0.66975, 0.6715, 0.6715, 0.67375, 0.67375, 0.6745, 0.6745, 0.67525, 0.67525, 0.67725, 0.67725, 0.67775, 0.67775, 0.6805, 0.6805, 0.68125, 0.68125, 0.68275, 0.68275, 0.6835, 0.6835, 0.6845, 0.6845, 0.685, 0.685, 0.68575, 0.68575, 0.6865, 0.6865, 0.687, 0.687, 0.68725, 0.68725, 0.688, 0.688, 0.68825, 0.68825, 0.6885, 0.6885, 0.68875, 0.68875, 0.692, 0.692, 0.6935, 0.6935, 0.69375, 0.69375, 0.694, 0.694, 0.695, 0.695, 0.69525, 0.69525, 0.69775, 0.69775, 0.698, 0.698, 0.69825, 0.69825, 0.6985, 0.6985, 0.699, 0.699, 0.69925, 0.69925, 0.69975, 0.69975, 0.7, 0.7, 0.7005, 0.7005, 0.702, 0.702, 0.70325, 0.70325, 0.7035, 0.7035, 0.70375, 0.70375, 0.704, 0.704, 0.705, 0.705, 0.70525, 0.70525, 0.706, 0.706, 0.70725, 0.70725, 0.70775, 0.70775, 0.70925, 0.70925, 0.71, 0.71, 0.711, 0.711, 0.7115, 0.7115, 0.71275, 0.71275, 0.71425, 0.71425, 0.716, 0.716, 0.71825, 0.71825, 0.71875, 0.71875, 0.72, 0.72, 0.7235, 0.7235, 0.724, 0.724, 0.7245, 0.7245, 0.72475, 0.72475, 0.7255, 0.7255, 0.726, 0.726, 0.72675, 0.72675, 0.727, 0.727, 0.72725, 0.72725, 0.728, 0.728, 0.72925, 0.72925, 0.72975, 0.72975, 0.732, 0.732, 0.73225, 0.73225, 0.7335, 0.7335, 0.73575, 0.73575, 0.736, 0.736, 0.7365, 0.7365, 0.737, 0.737, 0.73725, 0.73725, 0.738, 0.738, 0.73825, 0.73825, 0.73925, 0.73925, 0.74075, 0.74075, 0.742, 0.742, 0.7425, 0.7425, 0.74275, 0.74275, 0.744, 0.744, 0.7455, 0.7455, 0.74575, 0.74575, 0.74675, 0.74675, 0.7475, 0.7475, 0.748, 0.748, 0.7485, 0.7485, 0.74875, 0.74875, 0.749, 0.749, 0.7495, 0.7495, 0.75, 0.75, 0.7505, 0.7505, 0.75125, 0.75125, 0.75325, 0.75325, 0.754, 0.754, 0.75525, 0.75525, 0.75575, 0.75575, 0.756, 0.756, 0.7565, 0.7565, 0.757, 0.757, 0.75725, 0.75725, 0.75775, 0.75775, 0.75825, 0.75825, 0.75875, 0.75875, 0.759, 0.759, 0.7595, 0.7595, 0.76075, 0.76075, 0.76125, 0.76125, 0.76225, 0.76225, 0.7625, 0.7625, 0.763, 0.763, 0.76325, 0.76325, 0.7635, 0.7635, 0.76675, 0.76675, 0.7675, 0.7675, 0.76825, 0.76825, 0.76875, 0.76875, 0.769, 0.769, 0.76925, 0.76925, 0.77, 0.77, 0.77075, 0.77075, 0.77175, 0.77175, 0.77225, 0.77225, 0.773, 0.773, 0.77375, 0.77375, 0.774, 0.774, 0.77625, 0.77625, 0.77675, 0.77675, 0.77725, 0.77725, 0.77775, 0.77775, 0.778, 0.778, 0.77825, 0.77825, 0.779, 0.779, 0.78175, 0.78175, 0.78275, 0.78275, 0.783, 0.783, 0.78325, 0.78325, 0.78425, 0.78425, 0.7875, 0.7875, 0.789, 0.789, 0.7895, 0.7895, 0.79075, 0.79075, 0.791, 0.791, 0.7915, 0.7915, 0.79175, 0.79175, 0.792, 0.792, 0.793, 0.793, 0.794, 0.794, 0.7955, 0.7955, 0.79675, 0.79675, 0.797, 0.797, 0.79775, 0.79775, 0.79875, 0.79875, 0.799, 0.799, 0.7995, 0.7995, 0.8005, 0.8005, 0.80075, 0.80075, 0.8025, 0.8025, 0.80325, 0.80325, 0.8035, 0.8035, 0.804, 0.804, 0.8045, 0.8045, 0.805, 0.805, 0.80575, 0.80575, 0.807, 0.807, 0.80775, 0.80775, 0.8085, 0.8085, 0.80875, 0.80875, 0.809, 0.809, 0.80925, 0.80925, 0.80975, 0.80975, 0.81, 0.81, 0.81025, 0.81025, 0.8105, 0.8105, 0.81075, 0.81075, 0.812, 0.812, 0.8125, 0.8125, 0.81275, 0.81275, 0.81325, 0.81325, 0.8135, 0.8135, 0.814, 0.814, 0.8145, 0.8145, 0.815, 0.815, 0.81525, 0.81525, 0.8155, 0.8155, 0.81575, 0.81575, 0.81625, 0.81625, 0.81675, 0.81675, 0.817, 0.817, 0.81725, 0.81725, 0.8175, 0.8175, 0.81775, 0.81775, 0.81875, 0.81875, 0.81925, 0.81925, 0.8195, 0.8195, 0.82, 0.82, 0.82025, 0.82025, 0.8205, 0.8205, 0.821, 0.821, 0.8225, 0.8225, 0.82325, 0.82325, 0.8235, 0.8235, 0.82375, 0.82375, 0.824, 0.824, 0.82475, 0.82475, 0.826, 0.826, 0.827, 0.827, 0.82725, 0.82725, 0.82775, 0.82775, 0.828, 0.828, 0.82825, 0.82825, 0.8285, 0.8285, 0.82875, 0.82875, 0.829, 0.829, 0.8295, 0.8295, 0.83, 0.83, 0.83075, 0.83075, 0.831, 0.831, 0.8315, 0.8315, 0.832, 0.832, 0.833, 0.833, 0.83325, 0.83325, 0.8335, 0.8335, 0.83375, 0.83375, 0.8345, 0.8345, 0.83525, 0.83525, 0.8355, 0.8355, 0.836, 0.836, 0.83625, 0.83625, 0.8365, 0.8365, 0.837, 0.837, 0.83725, 0.83725, 0.8375, 0.8375, 0.83775, 0.83775, 0.8395, 0.8395, 0.84075, 0.84075, 0.841, 0.841, 0.84125, 0.84125, 0.84175, 0.84175, 0.84225, 0.84225, 0.8425, 0.8425, 0.843, 0.843, 0.84325, 0.84325, 0.84375, 0.84375, 0.844, 0.844, 0.8445, 0.8445, 0.84575, 0.84575, 0.846, 0.846, 0.8465, 0.8465, 0.847, 0.847, 0.84725, 0.84725, 0.84775, 0.84775, 0.8485, 0.8485, 0.849, 0.849, 0.8495, 0.8495, 0.85, 0.85, 0.85025, 0.85025, 0.8505, 0.8505, 0.85075, 0.85075, 0.851, 0.851, 0.85325, 0.85325, 0.85425, 0.85425, 0.855, 0.855, 0.8555, 0.8555, 0.85575, 0.85575, 0.856, 0.856, 0.85625, 0.85625, 0.85675, 0.85675, 0.8575, 0.8575, 0.858, 0.858, 0.85875, 0.85875, 0.859, 0.859, 0.85975, 0.85975, 0.86, 0.86, 0.86025, 0.86025, 0.86075, 0.86075, 0.86125, 0.86125, 0.8615, 0.8615, 0.86275, 0.86275, 0.86325, 0.86325, 0.864, 0.864, 0.8645, 0.8645, 0.86475, 0.86475, 0.865, 0.865, 0.8655, 0.8655, 0.867, 0.867, 0.8675, 0.8675, 0.86775, 0.86775, 0.86825, 0.86825, 0.8685, 0.8685, 0.86875, 0.86875, 0.86975, 0.86975, 0.87, 0.87, 0.8705, 0.8705, 0.871, 0.871, 0.8715, 0.8715, 0.87225, 0.87225, 0.8725, 0.8725, 0.87275, 0.87275, 0.87375, 0.87375, 0.874, 0.874, 0.8745, 0.8745, 0.87475, 0.87475, 0.87525, 0.87525, 0.8755, 0.8755, 0.87575, 0.87575, 0.876, 0.876, 0.87625, 0.87625, 0.8765, 0.8765, 0.87675, 0.87675, 0.877, 0.877, 0.8775, 0.8775, 0.87775, 0.87775, 0.87825, 0.87825, 0.8785, 0.8785, 0.87875, 0.87875, 0.879, 0.879, 0.87925, 0.87925, 0.8795, 0.8795, 0.87975, 0.87975, 0.88, 0.88, 0.8805, 0.8805, 0.881, 0.881, 0.88225, 0.88225, 0.88275, 0.88275, 0.88325, 0.88325, 0.8835, 0.8835, 0.88375, 0.88375, 0.88425, 0.88425, 0.8845, 0.8845, 0.88525, 0.88525, 0.8855, 0.8855, 0.886, 0.886, 0.8865, 0.8865, 0.88675, 0.88675, 0.8875, 0.8875, 0.88775, 0.88775, 0.888, 0.888, 0.88825, 0.88825, 0.88875, 0.88875, 0.889, 0.889, 0.88925, 0.88925, 0.8895, 0.8895, 0.88975, 0.88975, 0.89, 0.89, 0.8905, 0.8905, 0.89125, 0.89125, 0.8915, 0.8915, 0.89175, 0.89175, 0.892, 0.892, 0.89225, 0.89225, 0.8925, 0.8925, 0.893, 0.893, 0.89325, 0.89325, 0.8935, 0.8935, 0.89375, 0.89375, 0.894, 0.894, 0.89425, 0.89425, 0.8945, 0.8945, 0.895, 0.895, 0.89525, 0.89525, 0.8955, 0.8955, 0.89575, 0.89575, 0.89625, 0.89625, 0.8965, 0.8965, 0.89675, 0.89675, 0.897, 0.897, 0.8975, 0.8975, 0.8985, 0.8985, 0.89925, 0.89925, 0.89975, 0.89975, 0.90025, 0.90025, 0.9005, 0.9005, 0.901, 0.901, 0.90125, 0.90125, 0.90175, 0.90175, 0.90225, 0.90225, 0.9035, 0.9035, 0.90375, 0.90375, 0.904, 0.904, 0.90425, 0.90425, 0.9045, 0.9045, 0.905, 0.905, 0.90575, 0.90575, 0.906, 0.906, 0.90625, 0.90625, 0.9065, 0.9065, 0.907, 0.907, 0.90775, 0.90775, 0.908, 0.908, 0.90825, 0.90825, 0.9085, 0.9085, 0.90875, 0.90875, 0.90925, 0.90925, 0.9095, 0.9095, 0.90975, 0.90975, 0.91, 0.91, 0.91025, 0.91025, 0.911, 0.911, 0.91125, 0.91125, 0.9115, 0.9115, 0.91175, 0.91175, 0.91225, 0.91225, 0.9125, 0.9125, 0.91275, 0.91275, 0.9135, 0.9135, 0.91375, 0.91375, 0.914, 0.914, 0.91425, 0.91425, 0.9145, 0.9145, 0.91475, 0.91475, 0.915, 0.915, 0.91525, 0.91525, 0.91575, 0.91575, 0.916, 0.916, 0.91625, 0.91625, 0.9165, 0.9165, 0.91675, 0.91675, 0.917, 0.917, 0.91775, 0.91775, 0.918, 0.918, 0.91825, 0.91825, 0.9185, 0.9185, 0.91925, 0.91925, 0.9195, 0.9195, 0.92, 0.92, 0.92025, 0.92025, 0.9205, 0.9205, 0.92075, 0.92075, 0.921, 0.921, 0.9215, 0.9215, 0.922, 0.922, 0.9225, 0.9225, 0.92325, 0.92325, 0.92375, 0.92375, 0.924, 0.924, 0.92425, 0.92425, 0.9245, 0.9245, 0.92475, 0.92475, 0.925, 0.925, 0.92525, 0.92525, 0.9255, 0.9255, 0.92575, 0.92575, 0.92625, 0.92625, 0.9265, 0.9265, 0.92675, 0.92675, 0.927, 0.927, 0.9275, 0.9275, 0.92775, 0.92775, 0.928, 0.928, 0.92825, 0.92825, 0.9285, 0.9285, 0.929, 0.929, 0.92925, 0.92925, 0.9295, 0.9295, 0.92975, 0.92975, 0.93, 0.93, 0.9305, 0.9305, 0.93075, 0.93075, 0.93125, 0.93125, 0.93225, 0.93225, 0.9325, 0.9325, 0.93275, 0.93275, 0.933, 0.933, 0.9335, 0.9335, 0.934, 0.934, 0.93425, 0.93425, 0.9345, 0.9345, 0.93525, 0.93525, 0.9355, 0.9355, 0.93625, 0.93625, 0.9365, 0.9365, 0.93675, 0.93675, 0.93725, 0.93725, 0.9375, 0.9375, 0.93775, 0.93775, 0.938, 0.938, 0.93875, 0.93875, 0.939, 0.939, 0.9395, 0.9395, 0.93975, 0.93975, 0.94025, 0.94025, 0.9405, 0.9405, 0.94075, 0.94075, 0.941, 0.941, 0.94125, 0.94125, 0.9415, 0.9415, 0.94175, 0.94175, 0.942, 0.942, 0.94225, 0.94225, 0.9425, 0.9425, 0.94275, 0.94275, 0.943, 0.943, 0.94325, 0.94325, 0.9435, 0.9435, 0.94375, 0.94375, 0.944, 0.944, 0.94425, 0.94425, 0.94475, 0.94475, 0.945, 0.945, 0.94525, 0.94525, 0.94575, 0.94575, 0.946, 0.946, 0.94625, 0.94625, 0.94675, 0.94675, 0.947, 0.947, 0.94725, 0.94725, 0.9475, 0.9475, 0.94775, 0.94775, 0.948, 0.948, 0.9485, 0.9485, 0.94875, 0.94875, 0.94925, 0.94925, 0.9495, 0.9495, 0.94975, 0.94975, 0.95025, 0.95025, 0.9505, 0.9505, 0.95075, 0.95075, 0.951, 0.951, 0.95125, 0.95125, 0.9515, 0.9515, 0.95175, 0.95175, 0.952, 0.952, 0.95225, 0.95225, 0.9525, 0.9525, 0.953, 0.953, 0.95325, 0.95325, 0.9535, 0.9535, 0.95375, 0.95375, 0.954, 0.954, 0.95475, 0.95475, 0.955, 0.955, 0.95525, 0.95525, 0.95625, 0.95625, 0.9565, 0.9565, 0.95675, 0.95675, 0.957, 0.957, 0.95775, 0.95775, 0.9585, 0.9585, 0.95875, 0.95875, 0.95925, 0.95925, 0.9595, 0.9595, 0.95975, 0.95975, 0.96, 0.96, 0.96025, 0.96025, 0.9605, 0.9605, 0.96075, 0.96075, 0.961, 0.961, 0.96125, 0.96125, 0.9615, 0.9615, 0.96175, 0.96175, 0.962, 0.962, 0.96225, 0.96225, 0.9625, 0.9625, 0.96275, 0.96275, 0.963, 0.963, 0.96325, 0.96325, 0.96375, 0.96375, 0.964, 0.964, 0.96425, 0.96425, 0.9645, 0.9645, 0.96475, 0.96475, 0.965, 0.965, 0.96525, 0.96525, 0.9655, 0.9655, 0.96575, 0.96575, 0.966, 0.966, 0.96625, 0.96625, 0.9665, 0.9665, 0.96675, 0.96675, 0.967, 0.967, 0.96725, 0.96725, 0.968, 0.968, 0.96825, 0.96825, 0.9685, 0.9685, 0.96875, 0.96875, 0.969, 0.969, 0.96925, 0.96925, 0.9695, 0.9695, 0.96975, 0.96975, 0.97025, 0.97025, 0.9705, 0.9705, 0.97075, 0.97075, 0.971, 0.971, 0.97125, 0.97125, 0.9715, 0.9715, 0.97175, 0.97175, 0.972, 0.972, 0.9725, 0.9725, 0.97275, 0.97275, 0.973, 0.973, 0.97325, 0.97325, 0.9735, 0.9735, 0.97375, 0.97375, 0.974, 0.974, 0.97425, 0.97425, 0.97475, 0.97475, 0.975, 0.975, 0.9755, 0.9755, 0.97575, 0.97575, 0.976, 0.976, 0.97625, 0.97625, 0.9765, 0.9765, 0.97675, 0.97675, 0.977, 0.977, 0.97725, 0.97725, 0.9775, 0.9775, 0.97775, 0.97775, 0.97825, 0.97825, 0.9785, 0.9785, 0.97875, 0.97875, 0.979, 0.979, 0.97925, 0.97925, 0.9795, 0.9795, 0.97975, 0.97975, 0.98025, 0.98025, 0.9805, 0.9805, 0.981, 0.981, 0.98125, 0.98125, 0.9815, 0.9815, 0.98175, 0.98175, 0.982, 0.982, 0.98225, 0.98225, 0.9825, 0.9825, 0.98275, 0.98275, 0.983, 0.983, 0.98325, 0.98325, 0.9835, 0.9835, 0.98375, 0.98375, 0.984, 0.984, 0.9845, 0.9845, 0.98525, 0.98525, 0.9855, 0.9855, 0.98575, 0.98575, 0.986, 0.986, 0.9865, 0.9865, 0.98675, 0.98675, 0.987, 0.987, 0.98725, 0.98725, 0.9875, 0.9875, 0.98775, 0.98775, 0.988, 0.988, 0.98825, 0.98825, 0.9885, 0.9885, 0.98875, 0.98875, 0.989, 0.989, 0.98925, 0.98925, 0.9895, 0.9895, 0.98975, 0.98975, 0.99, 0.99, 0.99025, 0.99025, 0.9905, 0.9905, 0.99075, 0.99075, 0.991, 0.991, 0.99125, 0.99125, 0.9915, 0.9915, 0.99175, 0.99175, 0.99225, 0.99225, 0.9925, 0.9925, 0.99275, 0.99275, 0.993, 0.993, 0.99325, 0.99325, 0.9935, 0.9935, 0.99375, 0.99375, 0.994, 0.994, 0.99425, 0.99425, 0.9945, 0.9945, 0.99475, 0.99475, 0.995, 0.995, 0.99525, 0.99525, 0.9955, 0.9955, 0.99575, 0.99575, 0.996, 0.996, 0.99625, 0.99625, 0.9965, 0.9965, 0.99675, 0.99675, 0.997, 0.997, 0.99725, 0.99725, 0.9975, 0.9975, 0.99775, 0.99775, 0.998, 0.998, 0.99825, 0.99825, 0.9985, 0.9985, 0.99875, 0.99875, 0.999, 0.999, 0.99925, 0.99925, 0.9995, 0.9995, 0.99975, 0.99975, 1.0, 1.0]",B (Random +/-1)
Random Forest,B,20,0.971375,0.99494153125,0.578815221786499,"[0.0, 0.001, 0.00125, 0.002, 0.0025, 0.0025, 0.0035, 0.00375, 0.00375, 0.00475, 0.0055, 0.0065, 0.00675, 0.00775, 0.0085, 0.0095, 0.0095, 0.01025, 0.01025, 0.01125, 0.01175, 0.01175, 0.01225, 0.01275, 0.01325, 0.014, 0.0145, 0.01475, 0.01525, 0.01525, 0.01575, 0.01575, 0.01675, 0.018, 0.018, 0.019, 0.0195, 0.021, 0.021, 0.0215, 0.022, 0.02275, 0.02325, 0.024, 0.02425, 0.02525, 0.02525, 0.02625, 0.0265, 0.027, 0.028, 0.02875, 0.03, 0.031, 0.0315, 0.0335, 0.0345, 0.03575, 0.03675, 0.037, 0.0375, 0.0385, 0.04, 0.0405, 0.0415, 0.042, 0.04375, 0.044, 0.0445, 0.04525, 0.0465, 0.0485, 0.05, 0.05225, 0.05425, 0.05625, 0.05775, 0.05975, 0.06175, 0.06425, 0.06725, 0.07, 0.0725, 0.076, 0.08, 0.083, 0.087, 0.09025, 0.0945, 0.09975, 0.10625, 0.1115, 0.11975, 0.131, 0.14025, 0.15725, 0.17825, 0.2045, 0.23925, 0.2995, 0.431, 1.0]","[0.0, 0.604, 0.7115, 0.7685, 0.8045, 0.82925, 0.843, 0.85625, 0.868, 0.877, 0.88275, 0.8905, 0.897, 0.9035, 0.907, 0.912, 0.9155, 0.92075, 0.9245, 0.929, 0.9305, 0.9325, 0.93525, 0.9375, 0.939, 0.94075, 0.94375, 0.9455, 0.94725, 0.9485, 0.94975, 0.951, 0.9525, 0.95425, 0.955, 0.9565, 0.958, 0.9585, 0.959, 0.96025, 0.96125, 0.96225, 0.96375, 0.96425, 0.96475, 0.9655, 0.967, 0.96825, 0.96925, 0.96975, 0.97075, 0.972, 0.97225, 0.9735, 0.9745, 0.976, 0.97675, 0.97675, 0.97725, 0.9775, 0.9775, 0.97825, 0.97875, 0.979, 0.97975, 0.98, 0.98025, 0.98025, 0.9805, 0.98125, 0.98175, 0.982, 0.98225, 0.983, 0.98325, 0.98425, 0.985, 0.9855, 0.98575, 0.98575, 0.986, 0.9865, 0.9865, 0.9875, 0.9885, 0.989, 0.98925, 0.9895, 0.99075, 0.991, 0.992, 0.99225, 0.99275, 0.99375, 0.99475, 0.99475, 0.9955, 0.99625, 0.9975, 0.99875, 0.99925, 1.0]",B (Random +/-1)
Gradient Boosting,B,20,0.971625,0.9957451875000001,7.512698650360107,"[0.0, 0.0, 0.0, 0.0, 0.0, 0.0, 0.0, 0.0, 0.0, 0.0, 0.0, 0.0, 0.0, 0.0, 0.0, 0.0, 0.0, 0.0, 0.0, 0.0, 0.0, 0.0, 0.0, 0.0, 0.0, 0.0, 0.0, 0.0, 0.0, 0.0, 0.0, 0.0, 0.0, 0.0, 0.0, 0.0, 0.0, 0.0, 0.0, 0.0, 0.0, 0.0, 0.0, 0.0, 0.0, 0.0, 0.0, 0.0, 0.0, 0.0, 0.0, 0.0, 0.0, 0.0, 0.0, 0.0, 0.0, 0.0, 0.0, 0.0, 0.0, 0.0, 0.0, 0.0, 0.0, 0.0, 0.0, 0.0, 0.0, 0.0, 0.0, 0.0, 0.0, 0.0, 0.0, 0.0, 0.0, 0.0, 0.0, 0.0, 0.0, 0.0, 0.0, 0.0, 0.0, 0.0, 0.0, 0.0, 0.0, 0.0, 0.0, 0.0, 0.0, 0.0, 0.0, 0.0, 0.0, 0.0, 0.0, 0.0, 0.0, 0.0, 0.0, 0.0, 0.0, 0.0, 0.0, 0.0, 0.0, 0.0, 0.0, 0.0, 0.0, 0.0, 0.0, 0.0, 0.0, 0.0, 0.0, 0.0, 0.0, 0.0, 0.0, 0.0, 0.0, 0.0, 0.0, 0.0, 0.0, 0.0, 0.0, 0.0, 0.0, 0.0, 0.0, 0.0, 0.0, 0.0, 0.0, 0.0, 0.0, 0.0, 0.0, 0.0, 0.0, 0.0, 0.0, 0.0, 0.0, 0.0, 0.0, 0.0, 0.0, 0.0, 0.0, 0.0, 0.0, 0.0, 0.0, 0.0, 0.0, 0.0, 0.0, 0.0, 0.0, 0.0, 0.0, 0.0, 0.0, 0.0, 0.0, 0.0, 0.0, 0.0, 0.0, 0.0, 0.0, 0.0, 0.0, 0.0, 0.0, 0.0, 0.0, 0.0, 0.0, 0.0, 0.0, 0.0, 0.0, 0.0, 0.0, 0.0, 0.0, 0.0, 0.0, 0.0, 0.0, 0.0, 0.0, 0.0, 0.0, 0.0, 0.0, 0.0, 0.0, 0.0, 0.0, 0.0, 0.0, 0.0, 0.0, 0.0, 0.0, 0.0, 0.0, 0.0, 0.0, 0.0, 0.0, 0.0, 0.0, 0.0, 0.0, 0.0, 0.0, 0.0, 0.0, 0.0, 0.0, 0.0, 0.0, 0.0, 0.0, 0.0, 0.0, 0.0, 0.0, 0.0, 0.0, 0.0, 0.0, 0.0, 0.0, 0.0, 0.0, 0.0, 0.0, 0.0, 0.0, 0.0, 0.0, 0.0, 0.0, 0.0, 0.0, 0.0, 0.0, 0.0, 0.0, 0.0, 0.0, 0.0, 0.0, 0.0, 0.0, 0.0, 0.0, 0.0, 0.0, 0.0, 0.0, 0.0, 0.0, 0.0, 0.0, 0.0, 0.0, 0.0, 0.0, 0.0, 0.0, 0.0, 0.0, 0.0, 0.0, 0.0, 0.0, 0.0, 0.0, 0.0, 0.0, 0.0, 0.0, 0.0, 0.0, 0.0, 0.0, 0.0, 0.0, 0.0, 0.0, 0.0, 0.0, 0.0, 0.0, 0.0, 0.0, 0.0, 0.0, 0.0, 0.0, 0.0, 0.0, 0.0, 0.0, 0.0, 0.0, 0.0, 0.0, 0.0, 0.0, 0.0, 0.0, 0.0, 0.0, 0.0, 0.0, 0.0, 0.0, 0.0, 0.0, 0.0, 0.0, 0.0, 0.0, 0.0, 0.0, 0.0, 0.0, 0.0, 0.0, 0.0, 0.0, 0.0, 0.0, 0.0, 0.0, 0.0, 0.0, 0.0, 0.0, 0.0, 0.0, 0.0, 0.0, 0.0, 0.0, 0.0, 0.0, 0.0, 0.0, 0.0, 0.0, 0.0, 0.0, 0.0, 0.0, 0.0, 0.0, 0.0, 0.0, 0.0, 0.0, 0.0, 0.0, 0.0, 0.0, 0.0, 0.0, 0.0, 0.0, 0.0, 0.0, 0.0, 0.0, 0.0, 0.0, 0.0, 0.0, 0.0, 0.0, 0.0, 0.0, 0.0, 0.0, 0.0, 0.0, 0.0, 0.0, 0.0, 0.0, 0.0, 0.0, 0.00025, 0.00025, 0.00025, 0.00025, 0.00025, 0.00025, 0.00025, 0.00025, 0.00025, 0.00025, 0.00025, 0.00025, 0.00025, 0.00025, 0.00025, 0.00025, 0.00025, 0.00025, 0.00025, 0.00025, 0.00025, 0.00025, 0.00025, 0.00025, 0.00025, 0.00025, 0.00025, 0.00025, 0.00025, 0.00025, 0.00025, 0.00025, 0.00025, 0.00025, 0.00025, 0.00025, 0.00025, 0.00025, 0.00025, 0.00025, 0.00025, 0.00025, 0.00025, 0.00025, 0.00025, 0.00025, 0.00025, 0.00025, 0.00025, 0.00025, 0.00025, 0.00025, 0.00025, 0.00025, 0.00025, 0.00025, 0.00025, 0.00025, 0.00025, 0.00025, 0.00025, 0.00025, 0.00025, 0.00025, 0.00025, 0.00025, 0.00025, 0.00025, 0.00025, 0.00025, 0.00025, 0.00025, 0.00025, 0.00025, 0.00025, 0.00025, 0.00025, 0.00025, 0.00025, 0.00025, 0.00025, 0.00025, 0.00025, 0.00025, 0.00025, 0.00025, 0.0005, 0.0005, 0.0005, 0.0005, 0.0005, 0.0005, 0.0005, 0.0005, 0.0005, 0.0005, 0.0005, 0.0005, 0.0005, 0.0005, 0.0005, 0.0005, 0.0005, 0.0005, 0.0005, 0.0005, 0.0005, 0.0005, 0.0005, 0.0005, 0.0005, 0.0005, 0.0005, 0.0005, 0.0005, 0.0005, 0.0005, 0.0005, 0.0005, 0.0005, 0.0005, 0.0005, 0.0005, 0.0005, 0.0005, 0.0005, 0.0005, 0.0005, 0.0005, 0.0005, 0.0005, 0.0005, 0.0005, 0.0005, 0.0005, 0.0005, 0.0005, 0.0005, 0.0005, 0.0005, 0.0005, 0.0005, 0.0005, 0.0005, 0.0005, 0.0005, 0.0005, 0.0005, 0.0005, 0.0005, 0.0005, 0.0005, 0.0005, 0.0005, 0.0005, 0.0005, 0.0005, 0.0005, 0.0005, 0.0005, 0.0005, 0.0005, 0.0005, 0.0005, 0.0005, 0.0005, 0.00075, 0.00075, 0.00075, 0.00075, 0.00075, 0.00075, 0.00075, 0.00075, 0.001, 0.001, 0.001, 0.001, 0.00125, 0.00125, 0.00125, 0.00125, 0.00125, 0.00125, 0.00125, 0.00125, 0.0015, 0.0015, 0.0015, 0.0015, 0.00175, 0.00175, 0.00175, 0.00175, 0.002, 0.002, 0.00225, 0.00225, 0.00225, 0.0025, 0.0025, 0.0025, 0.0025, 0.00275, 0.00275, 0.00275, 0.00275, 0.003, 0.003, 0.00325, 0.00325, 0.0035, 0.0035, 0.00375, 0.00375, 0.004, 0.004, 0.00425, 0.00425, 0.0045, 0.0045, 0.00475, 0.00475, 0.005, 0.005, 0.00525, 0.00525, 0.0055, 0.0055, 0.00575, 0.00575, 0.00625, 0.00625, 0.0065, 0.0065, 0.00675, 0.00675, 0.007, 0.007, 0.00725, 0.00725, 0.0075, 0.0075, 0.00775, 0.00775, 0.00825, 0.00825, 0.0085, 0.0085, 0.00875, 0.00875, 0.009, 0.009, 0.00925, 0.00925, 0.0095, 0.0095, 0.00975, 0.00975, 0.01, 0.01, 0.01025, 0.01025, 0.0105, 0.0105, 0.01075, 0.01075, 0.011, 0.011, 0.01125, 0.01125, 0.0115, 0.0115, 0.012, 0.012, 0.01225, 0.01225, 0.0125, 0.0125, 0.01275, 0.01275, 0.013, 0.013, 0.01325, 0.01325, 0.0135, 0.0135, 0.01375, 0.01375, 0.014, 0.014, 0.01425, 0.01425, 0.0145, 0.0145, 0.01475, 0.01475, 0.0155, 0.0155, 0.016, 0.016, 0.0165, 0.0165, 0.01675, 0.01675, 0.017, 0.017, 0.01725, 0.01725, 0.0175, 0.0175, 0.01775, 0.01775, 0.018, 0.018, 0.01825, 0.01825, 0.0185, 0.0185, 0.01925, 0.01925, 0.02, 0.02, 0.02075, 0.02075, 0.02125, 0.02125, 0.0215, 0.0215, 0.02175, 0.02175, 0.022, 0.022, 0.02225, 0.02225, 0.0225, 0.0225, 0.02275, 0.02275, 0.023, 0.023, 0.02325, 0.02325, 0.0235, 0.0235, 0.02375, 0.02375, 0.024, 0.024, 0.02425, 0.02425, 0.02525, 0.02525, 0.0255, 0.0255, 0.026, 0.026, 0.02675, 0.02675, 0.027, 0.027, 0.02725, 0.02725, 0.0285, 0.0285, 0.02875, 0.02875, 0.029, 0.029, 0.02925, 0.02925, 0.0295, 0.0295, 0.02975, 0.02975, 0.03, 0.03, 0.0315, 0.0315, 0.03275, 0.03275, 0.03325, 0.03325, 0.034, 0.034, 0.03425, 0.03425, 0.0345, 0.0345, 0.03575, 0.03575, 0.036, 0.036, 0.0375, 0.0375, 0.03775, 0.03775, 0.038, 0.038, 0.03825, 0.03825, 0.039, 0.039, 0.0395, 0.0395, 0.03975, 0.03975, 0.04, 0.04, 0.04025, 0.04025, 0.04425, 0.04425, 0.0445, 0.0445, 0.04525, 0.04525, 0.04575, 0.04575, 0.04625, 0.04625, 0.04675, 0.04675, 0.047, 0.047, 0.048, 0.048, 0.04875, 0.04875, 0.049, 0.049, 0.04925, 0.04925, 0.04975, 0.04975, 0.051, 0.051, 0.05225, 0.05225, 0.0535, 0.0535, 0.05375, 0.05375, 0.054, 0.054, 0.05525, 0.05525, 0.0585, 0.0585, 0.0595, 0.0595, 0.062, 0.062, 0.06225, 0.06225, 0.063, 0.063, 0.06525, 0.06525, 0.066, 0.066, 0.06625, 0.06625, 0.06875, 0.06875, 0.0705, 0.0705, 0.0715, 0.0715, 0.074, 0.074, 0.079, 0.079, 0.08, 0.08, 0.081, 0.081, 0.0835, 0.0835, 0.084, 0.084, 0.08675, 0.08675, 0.0905, 0.0905, 0.09225, 0.09225, 0.09325, 0.09325, 0.0935, 0.0935, 0.095, 0.095, 0.096, 0.096, 0.0965, 0.0965, 0.099, 0.099, 0.0995, 0.0995, 0.10125, 0.10125, 0.10175, 0.10175, 0.10275, 0.10275, 0.104, 0.104, 0.11175, 0.11175, 0.1135, 0.1135, 0.12225, 0.12225, 0.134, 0.134, 0.144, 0.144, 0.14775, 0.14775, 0.14825, 0.14825, 0.15025, 0.15025, 0.15075, 0.15075, 0.156, 0.1565, 0.1695, 0.1695, 0.17375, 0.17375, 0.1765, 0.1765, 0.1785, 0.1785, 0.18125, 0.18125, 0.199, 0.1995, 0.20325, 0.20325, 0.2695, 0.2695, 0.272, 0.2725, 0.279, 0.2795, 0.284, 0.284, 0.31075, 0.31075, 0.3265, 0.327, 0.33525, 0.33525, 0.33625, 0.33625, 0.3435, 0.344, 0.3465, 0.347, 0.34775, 0.34775, 0.35325, 0.35375, 0.35625, 0.35675, 0.36275, 0.36325, 0.36425, 0.36425, 0.36625, 0.36675, 0.3695, 0.37, 0.3705, 0.37125, 0.377, 0.3775, 0.382, 0.3825, 0.383, 0.3835, 0.3835, 0.385, 0.38575, 0.38625, 0.39225, 0.39275, 0.40075, 0.40175, 0.40775, 0.40825, 0.411, 0.4115, 0.4135, 0.41425, 0.422, 0.4225, 0.424, 0.4245, 0.4255, 0.426, 0.42925, 0.42975, 0.43225, 0.43275, 0.43325, 0.43375, 0.43425, 0.435, 0.43775, 0.4385, 0.4445, 0.4455, 0.4485, 0.45, 0.4505, 0.451, 0.45575, 0.45625, 0.4565, 0.45925, 0.4595, 0.46, 0.46125, 0.46175, 0.46575, 0.46625, 0.46725, 0.468, 0.473, 0.4735, 0.4745, 0.475, 0.477, 0.4775, 0.47925, 0.48025, 0.4855, 0.487, 0.48825, 0.48925, 0.4915, 0.492, 0.4945, 0.495, 0.49675, 0.49775, 0.49825, 0.49975, 0.50025, 0.5025, 0.503, 0.50325, 0.50375, 0.50575, 0.50625, 0.5065, 0.50725, 0.50775, 0.50825, 0.50875, 0.50975, 0.5105, 0.511, 0.5115, 0.512, 0.5125, 0.51325, 0.5135, 0.514, 0.5145, 0.515, 0.5165, 0.5185, 0.52, 0.5205, 0.5225, 0.523, 0.5235, 0.524, 0.52425, 0.5265, 0.527, 0.5295, 0.5305, 0.53125, 0.5335, 0.534, 0.5415, 0.5425, 0.543, 0.5435, 0.5465, 0.547, 0.54975, 0.55075, 0.55375, 0.55425, 0.5545, 0.55525, 0.5565, 0.5575, 0.56025, 0.56075, 0.5625, 0.56325, 0.56425, 0.56475, 0.56825, 0.56925, 0.57, 0.5705, 0.5755, 0.576, 0.5765, 0.57725, 0.57825, 0.57925, 0.58, 0.58025, 0.58125, 0.582, 0.58325, 0.58675, 0.58725, 0.58875, 0.58925, 0.59025, 0.59475, 0.59525, 0.59575, 0.59625, 0.5975, 0.598, 0.59875, 0.59975, 0.60075, 0.60125, 0.602, 0.6035, 0.60875, 0.6095, 0.6105, 0.61125, 0.61275, 0.61325, 0.614, 0.61425, 0.61525, 0.61625, 0.617, 0.61725, 0.6185, 0.62025, 0.62075, 0.62375, 0.62525, 0.628, 0.62925, 0.63, 0.63075, 0.6335, 0.636, 0.63775, 0.63825, 0.63925, 0.64025, 0.641, 0.6425, 0.644, 0.64475, 0.64525, 0.6465, 0.64775, 0.648, 0.64875, 0.65, 0.6505, 0.65075, 0.65275, 0.655, 0.65525, 0.65625, 0.65675, 0.657, 0.6605, 0.6615, 0.6625, 0.665, 0.6655, 0.66875, 0.6695, 0.67025, 0.673, 0.6735, 0.674, 0.6775, 0.67875, 0.68, 0.6815, 0.68275, 0.68375, 0.686, 0.687, 0.6885, 0.689, 0.691, 0.692, 0.6955, 0.69625, 0.6975, 0.69875, 0.70225, 0.70325, 0.70375, 0.7045, 0.70725, 0.708, 0.70825, 0.70925, 0.7145, 0.7155, 0.71625, 0.71725, 0.71775, 0.7185, 0.719, 0.7195, 0.72, 0.722, 0.7225, 0.72275, 0.72325, 0.72375, 0.72425, 0.72575, 0.72675, 0.727, 0.729, 0.7295, 0.73025, 0.731, 0.73175, 0.73225, 0.73275, 0.7335, 0.73425, 0.73525, 0.74025, 0.74075, 0.7415, 0.7425, 0.743, 0.74375, 0.74425, 0.745, 0.74675, 0.75025, 0.75075, 0.75175, 0.75225, 0.75325, 0.75375, 0.75675, 0.75875, 0.75925, 0.75975, 0.76325, 0.76375, 0.7665, 0.767, 0.76725, 0.76775, 0.76825, 0.769, 0.76975, 0.7705, 0.77075, 0.77225, 0.77325, 0.77425, 0.7745, 0.775, 0.77575, 0.77625, 0.7765, 0.778, 0.7785, 0.7795, 0.7805, 0.78175, 0.78225, 0.783, 0.7835, 0.787, 0.78825, 0.7895, 0.79, 0.79075, 0.7915, 0.79225, 0.79275, 0.7945, 0.795, 0.79525, 0.796, 0.79675, 0.7975, 0.798, 0.8, 0.80025, 0.80075, 0.801, 0.8015, 0.80175, 0.80225, 0.80375, 0.80675, 0.8075, 0.808, 0.80875, 0.809, 0.81225, 0.81275, 0.81425, 0.8155, 0.81675, 0.82, 0.82125, 0.82175, 0.823, 0.8235, 0.8255, 0.82875, 0.82925, 0.82975, 0.8305, 0.8315, 0.832, 0.833, 0.8335, 0.8375, 0.83825, 0.83875, 0.84475, 0.845, 0.84975, 0.85, 0.851, 0.85125, 0.8535, 0.8545, 0.85475, 0.85525, 0.8635, 0.865, 0.8685, 0.869, 0.87, 0.8705, 0.87075, 0.87325, 0.87375, 0.8745, 0.87475, 0.87525, 0.8755, 0.879, 0.8795, 0.87975, 0.8805, 0.88225, 0.88275, 0.88325, 0.884, 0.886, 0.8865, 0.88925, 0.88975, 0.89025, 0.8915, 0.8935, 0.89425, 0.8965, 0.9, 0.901, 0.9025, 0.90275, 0.90425, 0.9045, 0.90675, 0.907, 0.909, 0.90975, 0.911, 0.91425, 0.9155, 0.916, 0.91675, 0.919, 0.92, 0.9205, 0.92125, 0.923, 0.92475, 0.92525, 0.92575, 0.926, 0.92675, 0.927, 0.9275, 0.92775, 0.92825, 0.9285, 0.93075, 0.93125, 0.93175, 0.932, 0.9325, 0.93325, 0.93575, 0.93625, 0.94025, 0.94125, 0.942, 0.9425, 0.94275, 0.94325, 0.945, 0.9455, 0.94575, 0.9465, 0.94675, 0.94725, 0.95425, 0.95475, 0.955, 0.956, 0.957, 0.9575, 0.96, 0.9605, 0.96325, 0.964, 0.96475, 0.9655, 0.9675, 0.968, 0.969, 0.9695, 0.97, 0.971, 0.97225, 0.97425, 0.97475, 0.976, 0.97625, 0.97675, 0.977, 0.9775, 0.97775, 0.97825, 0.9785, 0.97925, 0.98, 0.982, 0.9825, 0.9845, 0.985, 0.9855, 0.9865, 0.988, 0.98875, 0.98925, 0.99025, 0.99075, 0.99175, 0.99225, 0.994, 0.9945, 0.99775, 0.9985, 1.0]","[0.0, 0.00025, 0.0015, 0.002, 0.00825, 0.00975, 0.01025, 0.011, 0.0115, 0.0125, 0.013, 0.014, 0.01475, 0.01575, 0.01625, 0.0165, 0.017, 0.01825, 0.019, 0.0195, 0.0205, 0.02125, 0.02225, 0.02275, 0.02325, 0.02375, 0.02425, 0.02475, 0.025, 0.0255, 0.02925, 0.02975, 0.03125, 0.032, 0.03225, 0.03275, 0.033, 0.034, 0.03475, 0.035, 0.03675, 0.03725, 0.03775, 0.039, 0.0395, 0.04025, 0.0415, 0.042, 0.0425, 0.04325, 0.04375, 0.04525, 0.05025, 0.0505, 0.052, 0.054, 0.05475, 0.0555, 0.05675, 0.05725, 0.0595, 0.06, 0.061, 0.06175, 0.06275, 0.06425, 0.06475, 0.0665, 0.06675, 0.06775, 0.06925, 0.07, 0.07375, 0.07475, 0.07575, 0.07675, 0.078, 0.08075, 0.087, 0.08825, 0.08875, 0.09025, 0.0915, 0.0925, 0.09275, 0.09425, 0.09525, 0.09575, 0.0965, 0.09775, 0.09825, 0.09875, 0.09925, 0.1, 0.10025, 0.103, 0.1035, 0.10425, 0.10475, 0.105, 0.10575, 0.10775, 0.10825, 0.1085, 0.10925, 0.1095, 0.11175, 0.11225, 0.11625, 0.11675, 0.118, 0.119, 0.121, 0.122, 0.124, 0.1245, 0.1255, 0.12725, 0.12875, 0.129, 0.1295, 0.13025, 0.13075, 0.13125, 0.1345, 0.135, 0.13575, 0.137, 0.13775, 0.138, 0.13875, 0.1395, 0.1405, 0.141, 0.14125, 0.14225, 0.14275, 0.14325, 0.1435, 0.14425, 0.1445, 0.145, 0.14625, 0.1465, 0.14875, 0.15, 0.1505, 0.151, 0.15275, 0.15375, 0.1555, 0.156, 0.15675, 0.15725, 0.1575, 0.158, 0.15825, 0.15875, 0.15925, 0.1605, 0.16075, 0.16225, 0.1645, 0.16575, 0.16775, 0.169, 0.1695, 0.17075, 0.17175, 0.173, 0.1735, 0.17475, 0.17625, 0.17725, 0.17875, 0.18, 0.183, 0.18325, 0.184, 0.18425, 0.18525, 0.1855, 0.18625, 0.18775, 0.18825, 0.1885, 0.18975, 0.19325, 0.19975, 0.2005, 0.201, 0.2015, 0.202, 0.20275, 0.204, 0.2055, 0.206, 0.207, 0.2115, 0.21175, 0.214, 0.2145, 0.21475, 0.2155, 0.216, 0.21625, 0.21675, 0.217, 0.218, 0.21825, 0.21875, 0.22175, 0.223, 0.22325, 0.22375, 0.22525, 0.22575, 0.2265, 0.2275, 0.228, 0.22825, 0.23, 0.2305, 0.2315, 0.232, 0.23275, 0.23325, 0.2335, 0.234, 0.23575, 0.23625, 0.2375, 0.23775, 0.239, 0.23925, 0.2415, 0.242, 0.2425, 0.243, 0.24325, 0.24425, 0.24525, 0.2465, 0.24675, 0.24725, 0.248, 0.2485, 0.24875, 0.24925, 0.25075, 0.2515, 0.252, 0.25225, 0.2535, 0.254, 0.2545, 0.25575, 0.257, 0.2575, 0.25925, 0.25975, 0.26, 0.2605, 0.26125, 0.26175, 0.26225, 0.263, 0.26325, 0.264, 0.26425, 0.26575, 0.26625, 0.267, 0.2675, 0.26775, 0.2685, 0.26925, 0.26975, 0.2755, 0.27575, 0.2775, 0.278, 0.27875, 0.27975, 0.28075, 0.2815, 0.282, 0.2825, 0.28275, 0.28425, 0.2865, 0.287, 0.28775, 0.2885, 0.289, 0.2915, 0.29225, 0.2945, 0.295, 0.29525, 0.296, 0.29625, 0.29825, 0.2985, 0.299, 0.29925, 0.29975, 0.3005, 0.3025, 0.30425, 0.305, 0.30625, 0.3075, 0.308, 0.31, 0.311, 0.31175, 0.31275, 0.31475, 0.31525, 0.31575, 0.31675, 0.31725, 0.31775, 0.31825, 0.319, 0.3195, 0.32175, 0.3225, 0.32625, 0.327, 0.3295, 0.33, 0.33425, 0.33475, 0.337, 0.338, 0.33875, 0.33925, 0.34125, 0.34175, 0.348, 0.3485, 0.3495, 0.35, 0.35075, 0.3515, 0.35225, 0.35325, 0.35375, 0.35475, 0.35525, 0.356, 0.3565, 0.35725, 0.358, 0.359, 0.3595, 0.36225, 0.36275, 0.366, 0.367, 0.368, 0.3685, 0.3695, 0.37, 0.37025, 0.37075, 0.37175, 0.37275, 0.374, 0.3745, 0.37675, 0.37725, 0.37875, 0.37925, 0.37975, 0.38075, 0.3815, 0.382, 0.38225, 0.38275, 0.384, 0.3845, 0.386, 0.3865, 0.3895, 0.3905, 0.391, 0.3915, 0.392, 0.3925, 0.394, 0.3945, 0.3955, 0.396, 0.3975, 0.398, 0.3985, 0.39925, 0.4025, 0.40325, 0.4035, 0.4035, 0.404, 0.405, 0.4055, 0.40625, 0.40675, 0.40875, 0.40925, 0.41, 0.41075, 0.41125, 0.41275, 0.41325, 0.415, 0.4155, 0.41575, 0.417, 0.41725, 0.41775, 0.4185, 0.41975, 0.4205, 0.42075, 0.42125, 0.422, 0.4225, 0.42725, 0.42825, 0.42925, 0.42975, 0.432, 0.4325, 0.43375, 0.435, 0.43825, 0.43875, 0.44025, 0.44075, 0.44575, 0.44625, 0.44675, 0.44725, 0.44925, 0.44975, 0.45, 0.4505, 0.45225, 0.45325, 0.454, 0.45625, 0.458, 0.4585, 0.46, 0.461, 0.46175, 0.4635, 0.46425, 0.4655, 0.466, 0.46875, 0.46975, 0.47025, 0.4745, 0.475, 0.47525, 0.47675, 0.47775, 0.47875, 0.47925, 0.4795, 0.48, 0.481, 0.4815, 0.485, 0.4855, 0.486, 0.487, 0.48925, 0.49, 0.49325, 0.49375, 0.494, 0.495, 0.497, 0.4975, 0.49775, 0.49775, 0.49825, 0.4985, 0.499, 0.4995, 0.5025, 0.50325, 0.50425, 0.50675, 0.50725, 0.50925, 0.51, 0.5105, 0.511, 0.51125, 0.51225, 0.5135, 0.514, 0.51775, 0.51875, 0.52025, 0.52075, 0.52325, 0.52375, 0.524, 0.5245, 0.525, 0.5255, 0.527, 0.52825, 0.53025, 0.53075, 0.533, 0.53375, 0.53675, 0.53775, 0.54025, 0.54075, 0.5415, 0.54225, 0.54275, 0.5435, 0.5455, 0.54625, 0.54675, 0.5485, 0.549, 0.55, 0.5505, 0.55175, 0.55225, 0.5525, 0.55325, 0.5555, 0.556, 0.558, 0.5585, 0.55975, 0.5605, 0.56075, 0.5615, 0.56475, 0.56525, 0.56675, 0.56725, 0.58925, 0.5905, 0.598, 0.5985, 0.60175, 0.60225, 0.60325, 0.60375, 0.60575, 0.6065, 0.60775, 0.60825, 0.611, 0.6115, 0.61175, 0.61175, 0.61225, 0.61275, 0.617, 0.6175, 0.6245, 0.625, 0.6305, 0.6305, 0.64175, 0.64225, 0.6955, 0.6955, 0.7035, 0.704, 0.70875, 0.70925, 0.72325, 0.72375, 0.7415, 0.7415, 0.74275, 0.74325, 0.77075, 0.77075, 0.7725, 0.773, 0.7735, 0.7735, 0.79725, 0.79725, 0.8055, 0.806, 0.806, 0.80725, 0.80775, 0.81275, 0.81275, 0.81575, 0.81625, 0.81925, 0.81925, 0.8415, 0.8415, 0.846, 0.846, 0.8535, 0.8535, 0.855, 0.855, 0.85625, 0.85625, 0.8565, 0.8565, 0.86075, 0.86075, 0.873, 0.873, 0.87325, 0.87325, 0.884, 0.884, 0.8885, 0.8885, 0.89425, 0.89425, 0.90125, 0.90125, 0.904, 0.904, 0.90425, 0.90425, 0.90575, 0.90575, 0.9065, 0.9065, 0.907, 0.907, 0.90825, 0.90825, 0.90975, 0.90975, 0.91, 0.91, 0.91075, 0.91075, 0.9145, 0.9145, 0.91475, 0.91475, 0.916, 0.916, 0.918, 0.918, 0.92075, 0.92075, 0.924, 0.924, 0.9245, 0.9245, 0.9265, 0.9265, 0.92925, 0.92925, 0.93125, 0.93125, 0.934, 0.934, 0.9345, 0.9345, 0.935, 0.935, 0.93575, 0.93575, 0.9365, 0.9365, 0.93725, 0.93725, 0.93775, 0.93775, 0.94225, 0.94225, 0.94525, 0.94525, 0.94575, 0.94575, 0.946, 0.946, 0.949, 0.949, 0.9495, 0.9495, 0.95125, 0.95125, 0.9525, 0.9525, 0.953, 0.953, 0.95325, 0.95325, 0.9535, 0.9535, 0.954, 0.954, 0.955, 0.955, 0.956, 0.956, 0.95625, 0.95625, 0.95675, 0.95675, 0.95725, 0.95725, 0.95775, 0.95775, 0.958, 0.958, 0.95825, 0.95825, 0.9585, 0.9585, 0.959, 0.959, 0.96025, 0.96025, 0.9605, 0.9605, 0.96075, 0.96075, 0.96175, 0.96175, 0.962, 0.962, 0.96275, 0.96275, 0.96325, 0.96325, 0.965, 0.965, 0.96525, 0.96525, 0.96675, 0.96675, 0.96725, 0.96725, 0.9675, 0.9675, 0.96775, 0.96775, 0.96825, 0.96825, 0.96875, 0.96875, 0.96925, 0.96925, 0.9705, 0.9705, 0.97125, 0.97125, 0.9715, 0.9715, 0.97225, 0.97225, 0.9725, 0.9725, 0.97275, 0.97275, 0.973, 0.973, 0.97325, 0.97325, 0.97375, 0.97375, 0.974, 0.974, 0.97425, 0.97425, 0.97475, 0.97475, 0.97525, 0.97525, 0.9755, 0.9755, 0.97575, 0.97575, 0.976, 0.976, 0.97625, 0.97625, 0.9765, 0.9765, 0.97675, 0.97675, 0.977, 0.977, 0.97725, 0.97725, 0.9775, 0.9775, 0.97825, 0.97825, 0.9785, 0.9785, 0.979, 0.979, 0.97925, 0.97925, 0.9795, 0.9795, 0.98, 0.98, 0.9805, 0.9805, 0.98075, 0.98075, 0.981, 0.981, 0.982, 0.982, 0.98225, 0.98225, 0.98275, 0.98275, 0.983, 0.983, 0.98325, 0.98325, 0.98375, 0.98375, 0.984, 0.984, 0.98425, 0.98425, 0.98475, 0.98475, 0.98525, 0.98525, 0.9855, 0.9855, 0.98575, 0.98575, 0.986, 0.986, 0.98625, 0.98625, 0.9865, 0.9865, 0.98675, 0.98675, 0.987, 0.987, 0.98725, 0.98725, 0.9875, 0.9875, 0.98775, 0.98775, 0.988, 0.988, 0.98825, 0.98825, 0.9885, 0.9885, 0.98875, 0.98875, 0.989, 0.989, 0.98925, 0.98925, 0.9895, 0.9895, 0.98975, 0.98975, 0.99, 0.99, 0.99025, 0.99025, 0.9905, 0.9905, 0.99075, 0.99075, 0.991, 0.991, 0.99125, 0.99125, 0.9915, 0.9915, 0.992, 0.992, 0.99225, 0.99225, 0.9925, 0.9925, 0.99275, 0.99275, 0.993, 0.993, 0.99325, 0.99325, 0.99375, 0.99375, 0.99425, 0.99425, 0.9945, 0.9945, 0.99475, 0.99475, 0.995, 0.995, 0.99525, 0.99525, 0.9955, 0.9955, 0.99575, 0.99575, 0.996, 0.996, 0.99625, 0.99625, 0.9965, 0.9965, 0.9965, 0.9965, 0.99675, 0.99675, 0.997, 0.997, 0.99725, 0.99725, 0.9975, 0.9975, 0.99775, 0.99775, 0.99775, 0.99775, 0.998, 0.998, 0.99825, 0.99825, 0.99825, 0.99825, 0.99825, 0.99825, 0.9985, 0.9985, 0.99875, 0.99875, 0.99875, 0.99875, 0.999, 0.999, 0.99925, 0.99925, 0.99925, 0.99925, 0.99925, 0.99925, 0.9995, 0.9995, 0.9995, 0.9995, 0.9995, 0.9995, 0.9995, 0.9995, 0.99975, 0.99975, 0.99975, 0.99975, 0.99975, 0.99975, 0.99975, 0.99975, 0.99975, 0.99975, 0.99975, 0.99975, 0.99975, 1.0, 1.0, 1.0, 1.0, 1.0, 1.0, 1.0, 1.0, 1.0, 1.0, 1.0, 1.0, 1.0, 1.0, 1.0, 1.0, 1.0, 1.0, 1.0, 1.0, 1.0, 1.0, 1.0, 1.0, 1.0, 1.0, 1.0, 1.0, 1.0, 1.0, 1.0, 1.0, 1.0, 1.0, 1.0, 1.0, 1.0, 1.0, 1.0, 1.0, 1.0, 1.0, 1.0, 1.0, 1.0, 1.0, 1.0, 1.0, 1.0, 1.0, 1.0, 1.0, 1.0, 1.0, 1.0, 1.0, 1.0, 1.0, 1.0, 1.0, 1.0, 1.0, 1.0, 1.0, 1.0, 1.0, 1.0, 1.0, 1.0, 1.0, 1.0, 1.0, 1.0, 1.0, 1.0, 1.0, 1.0, 1.0, 1.0, 1.0, 1.0, 1.0, 1.0, 1.0, 1.0, 1.0, 1.0, 1.0, 1.0, 1.0, 1.0, 1.0, 1.0, 1.0, 1.0, 1.0, 1.0, 1.0, 1.0, 1.0, 1.0, 1.0, 1.0, 1.0, 1.0, 1.0, 1.0, 1.0, 1.0, 1.0, 1.0, 1.0, 1.0, 1.0, 1.0, 1.0, 1.0, 1.0, 1.0, 1.0, 1.0, 1.0, 1.0, 1.0, 1.0, 1.0, 1.0, 1.0, 1.0, 1.0, 1.0, 1.0, 1.0, 1.0, 1.0, 1.0, 1.0, 1.0, 1.0, 1.0, 1.0, 1.0, 1.0, 1.0, 1.0, 1.0, 1.0, 1.0, 1.0, 1.0, 1.0, 1.0, 1.0, 1.0, 1.0, 1.0, 1.0, 1.0, 1.0, 1.0, 1.0, 1.0, 1.0, 1.0, 1.0, 1.0, 1.0, 1.0, 1.0, 1.0, 1.0, 1.0, 1.0, 1.0, 1.0, 1.0, 1.0, 1.0, 1.0, 1.0, 1.0, 1.0, 1.0, 1.0, 1.0, 1.0, 1.0, 1.0, 1.0, 1.0, 1.0, 1.0, 1.0, 1.0, 1.0, 1.0, 1.0, 1.0, 1.0, 1.0, 1.0, 1.0, 1.0, 1.0, 1.0, 1.0, 1.0, 1.0, 1.0, 1.0, 1.0, 1.0, 1.0, 1.0, 1.0, 1.0, 1.0, 1.0, 1.0, 1.0, 1.0, 1.0, 1.0, 1.0, 1.0, 1.0, 1.0, 1.0, 1.0, 1.0, 1.0, 1.0, 1.0, 1.0, 1.0, 1.0, 1.0, 1.0, 1.0, 1.0, 1.0, 1.0, 1.0, 1.0, 1.0, 1.0, 1.0, 1.0, 1.0, 1.0, 1.0, 1.0, 1.0, 1.0, 1.0, 1.0, 1.0, 1.0, 1.0, 1.0, 1.0, 1.0, 1.0, 1.0, 1.0, 1.0, 1.0, 1.0, 1.0, 1.0, 1.0, 1.0, 1.0, 1.0, 1.0, 1.0, 1.0, 1.0, 1.0, 1.0, 1.0, 1.0, 1.0, 1.0, 1.0, 1.0, 1.0, 1.0, 1.0, 1.0, 1.0, 1.0, 1.0, 1.0, 1.0, 1.0, 1.0, 1.0, 1.0, 1.0, 1.0, 1.0, 1.0, 1.0, 1.0, 1.0, 1.0, 1.0, 1.0, 1.0, 1.0, 1.0, 1.0, 1.0, 1.0, 1.0, 1.0, 1.0, 1.0, 1.0, 1.0, 1.0, 1.0, 1.0, 1.0, 1.0, 1.0, 1.0, 1.0, 1.0, 1.0, 1.0, 1.0, 1.0, 1.0, 1.0, 1.0, 1.0, 1.0, 1.0, 1.0, 1.0, 1.0, 1.0, 1.0, 1.0, 1.0, 1.0, 1.0, 1.0, 1.0, 1.0, 1.0, 1.0, 1.0, 1.0, 1.0, 1.0, 1.0, 1.0, 1.0, 1.0, 1.0, 1.0, 1.0, 1.0, 1.0, 1.0, 1.0, 1.0, 1.0, 1.0, 1.0, 1.0, 1.0, 1.0, 1.0, 1.0, 1.0, 1.0, 1.0, 1.0, 1.0, 1.0, 1.0, 1.0, 1.0, 1.0, 1.0, 1.0, 1.0, 1.0, 1.0, 1.0, 1.0, 1.0, 1.0, 1.0, 1.0, 1.0, 1.0, 1.0, 1.0, 1.0, 1.0, 1.0, 1.0, 1.0, 1.0, 1.0, 1.0, 1.0, 1.0, 1.0, 1.0, 1.0, 1.0, 1.0, 1.0, 1.0, 1.0, 1.0, 1.0, 1.0, 1.0, 1.0, 1.0, 1.0, 1.0, 1.0, 1.0, 1.0, 1.0, 1.0, 1.0, 1.0, 1.0, 1.0, 1.0, 1.0, 1.0, 1.0, 1.0, 1.0, 1.0, 1.0, 1.0, 1.0, 1.0, 1.0, 1.0, 1.0, 1.0, 1.0, 1.0, 1.0, 1.0, 1.0, 1.0, 1.0, 1.0, 1.0, 1.0, 1.0, 1.0, 1.0, 1.0, 1.0, 1.0, 1.0, 1.0, 1.0, 1.0, 1.0, 1.0, 1.0, 1.0, 1.0, 1.0, 1.0, 1.0, 1.0, 1.0, 1.0, 1.0, 1.0, 1.0, 1.0, 1.0, 1.0, 1.0, 1.0, 1.0, 1.0, 1.0, 1.0, 1.0, 1.0, 1.0, 1.0, 1.0, 1.0]",B (Random +/-1)
Logistic Regression,B,20,0.971,0.9962520625000001,0.03171968460083008,"[0.0, 0.0, 0.0, 0.00025, 0.00025, 0.0005, 0.0005, 0.00075, 0.00075, 0.001, 0.001, 0.00125, 0.00125, 0.0015, 0.0015, 0.00175, 0.00175, 0.002, 0.002, 0.00225, 0.00225, 0.0025, 0.0025, 0.00275, 0.00275, 0.003, 0.003, 0.00325, 0.00325, 0.0035, 0.0035, 0.00375, 0.00375, 0.004, 0.004, 0.00425, 0.00425, 0.0045, 0.0045, 0.00475, 0.00475, 0.005, 0.005, 0.00525, 0.00525, 0.0055, 0.0055, 0.00575, 0.00575, 0.006, 0.006, 0.0065, 0.0065, 0.00675, 0.00675, 0.007, 0.007, 0.00725, 0.00725, 0.0075, 0.0075, 0.00775, 0.00775, 0.008, 0.008, 0.00825, 0.00825, 0.0085, 0.0085, 0.00875, 0.00875, 0.009, 0.009, 0.00925, 0.00925, 0.0095, 0.0095, 0.00975, 0.00975, 0.01, 0.01, 0.01025, 0.01025, 0.0105, 0.0105, 0.01075, 0.01075, 0.011, 0.011, 0.0115, 0.0115, 0.01175, 0.01175, 0.012, 0.012, 0.01225, 0.01225, 0.0125, 0.0125, 0.013, 0.013, 0.01325, 0.01325, 0.014, 0.014, 0.01425, 0.01425, 0.0145, 0.0145, 0.01475, 0.01475, 0.015, 0.015, 0.01525, 0.01525, 0.01575, 0.01575, 0.01625, 0.01625, 0.01675, 0.01675, 0.017, 0.017, 0.01725, 0.01725, 0.0175, 0.0175, 0.018, 0.018, 0.01875, 0.01875, 0.019, 0.019, 0.01925, 0.01925, 0.0195, 0.0195, 0.02025, 0.02025, 0.021, 0.021, 0.0215, 0.0215, 0.02225, 0.02225, 0.02325, 0.02325, 0.0235, 0.0235, 0.02375, 0.02375, 0.024, 0.024, 0.02425, 0.02425, 0.0245, 0.0245, 0.02475, 0.02475, 0.02525, 0.02525, 0.0255, 0.0255, 0.02575, 0.02575, 0.026, 0.026, 0.02825, 0.02825, 0.0295, 0.0295, 0.02975, 0.02975, 0.03, 0.03, 0.03075, 0.03075, 0.03125, 0.03125, 0.03175, 0.03175, 0.03225, 0.03225, 0.033, 0.033, 0.0335, 0.0335, 0.03375, 0.03375, 0.034, 0.034, 0.03425, 0.03425, 0.0345, 0.0345, 0.03475, 0.03475, 0.035, 0.035, 0.0355, 0.0355, 0.03575, 0.03575, 0.036, 0.036, 0.0365, 0.0365, 0.03675, 0.03675, 0.037, 0.037, 0.03725, 0.03725, 0.03875, 0.03875, 0.0395, 0.0395, 0.03975, 0.03975, 0.04, 0.04, 0.04025, 0.04025, 0.04075, 0.04075, 0.042, 0.042, 0.0425, 0.0425, 0.044, 0.044, 0.04825, 0.04825, 0.0505, 0.0505, 0.05075, 0.05075, 0.052, 0.052, 0.0525, 0.0525, 0.054, 0.054, 0.055, 0.055, 0.057, 0.057, 0.05825, 0.05825, 0.059, 0.059, 0.06025, 0.06025, 0.06075, 0.06075, 0.06175, 0.06175, 0.06225, 0.06225, 0.06275, 0.06275, 0.066, 0.066, 0.06625, 0.06625, 0.0675, 0.0675, 0.07025, 0.07025, 0.07075, 0.07075, 0.071, 0.071, 0.0715, 0.0715, 0.072, 0.072, 0.07275, 0.07275, 0.075, 0.075, 0.077, 0.077, 0.078, 0.078, 0.079, 0.079, 0.07925, 0.07925, 0.08125, 0.08125, 0.08525, 0.08525, 0.08775, 0.08775, 0.0895, 0.0895, 0.09, 0.09, 0.091, 0.091, 0.0935, 0.0935, 0.0945, 0.0945, 0.09475, 0.09475, 0.09625, 0.09625, 0.107, 0.107, 0.11675, 0.11675, 0.1185, 0.1185, 0.12025, 0.12025, 0.1245, 0.1245, 0.12475, 0.12475, 0.13175, 0.13175, 0.13375, 0.13375, 0.142, 0.142, 0.14875, 0.14875, 0.15125, 0.15125, 0.15225, 0.15225, 0.1585, 0.1585, 0.16525, 0.16525, 0.17075, 0.17075, 0.17875, 0.17875, 0.18025, 0.18025, 0.1815, 0.1815, 0.2105, 0.2105, 0.213, 0.213, 0.21875, 0.21875, 0.2365, 0.2365, 0.2645, 0.2645, 0.268, 0.268, 0.31275, 0.31275, 1.0]","[0.0, 0.00025, 0.619, 0.619, 0.62075, 0.62075, 0.636, 0.636, 0.673, 0.673, 0.7385, 0.7385, 0.75725, 0.75725, 0.807, 0.807, 0.81925, 0.81925, 0.82475, 0.82475, 0.826, 0.826, 0.844, 0.844, 0.85025, 0.85025, 0.85425, 0.85425, 0.85725, 0.85725, 0.86375, 0.86375, 0.86425, 0.86425, 0.86775, 0.86775, 0.8695, 0.8695, 0.87025, 0.87025, 0.881, 0.881, 0.883, 0.883, 0.8865, 0.8865, 0.888, 0.888, 0.8895, 0.8895, 0.89, 0.89, 0.89825, 0.89825, 0.89925, 0.89925, 0.9, 0.9, 0.90475, 0.90475, 0.9095, 0.9095, 0.91025, 0.91025, 0.9135, 0.9135, 0.9155, 0.9155, 0.916, 0.916, 0.9165, 0.9165, 0.91775, 0.91775, 0.91975, 0.91975, 0.9205, 0.9205, 0.924, 0.924, 0.9255, 0.9255, 0.926, 0.926, 0.93125, 0.93125, 0.93175, 0.93175, 0.93525, 0.93525, 0.93675, 0.93675, 0.938, 0.938, 0.93975, 0.93975, 0.94025, 0.94025, 0.9435, 0.9435, 0.94425, 0.94425, 0.94475, 0.94475, 0.9465, 0.9465, 0.94775, 0.94775, 0.94825, 0.94825, 0.9485, 0.9485, 0.95025, 0.95025, 0.951, 0.951, 0.9515, 0.9515, 0.9525, 0.9525, 0.95475, 0.95475, 0.95575, 0.95575, 0.9565, 0.9565, 0.957, 0.957, 0.95775, 0.95775, 0.958, 0.958, 0.95925, 0.95925, 0.9595, 0.9595, 0.95975, 0.95975, 0.96025, 0.96025, 0.96075, 0.96075, 0.96125, 0.96125, 0.96225, 0.96225, 0.96275, 0.96275, 0.96375, 0.96375, 0.965, 0.965, 0.96525, 0.96525, 0.966, 0.966, 0.96625, 0.96625, 0.9675, 0.9675, 0.96975, 0.96975, 0.97, 0.97, 0.97075, 0.97075, 0.971, 0.971, 0.97125, 0.97125, 0.9715, 0.9715, 0.97175, 0.97175, 0.9725, 0.9725, 0.973, 0.973, 0.97325, 0.97325, 0.9735, 0.9735, 0.97375, 0.97375, 0.97425, 0.97425, 0.9745, 0.9745, 0.97475, 0.97475, 0.97525, 0.97525, 0.9755, 0.9755, 0.97625, 0.97625, 0.9765, 0.9765, 0.97675, 0.97675, 0.977, 0.977, 0.97725, 0.97725, 0.9775, 0.9775, 0.97775, 0.97775, 0.9785, 0.9785, 0.979, 0.979, 0.9795, 0.9795, 0.97975, 0.97975, 0.98025, 0.98025, 0.9805, 0.9805, 0.98075, 0.98075, 0.98125, 0.98125, 0.98175, 0.98175, 0.982, 0.982, 0.9825, 0.9825, 0.98275, 0.98275, 0.983, 0.983, 0.98325, 0.98325, 0.9835, 0.9835, 0.98375, 0.98375, 0.984, 0.984, 0.98425, 0.98425, 0.9845, 0.9845, 0.98475, 0.98475, 0.985, 0.985, 0.98525, 0.98525, 0.9855, 0.9855, 0.986, 0.986, 0.98675, 0.98675, 0.9875, 0.9875, 0.98775, 0.98775, 0.988, 0.988, 0.98825, 0.98825, 0.9885, 0.9885, 0.98875, 0.98875, 0.989, 0.989, 0.98925, 0.98925, 0.9895, 0.9895, 0.98975, 0.98975, 0.99, 0.99, 0.99025, 0.99025, 0.9905, 0.9905, 0.99075, 0.99075, 0.991, 0.991, 0.99125, 0.99125, 0.9915, 0.9915, 0.99175, 0.99175, 0.992, 0.992, 0.99225, 0.99225, 0.9925, 0.9925, 0.99275, 0.99275, 0.993, 0.993, 0.99325, 0.99325, 0.9935, 0.9935, 0.99375, 0.99375, 0.994, 0.994, 0.99425, 0.99425, 0.9945, 0.9945, 0.99475, 0.99475, 0.995, 0.995, 0.99525, 0.99525, 0.9955, 0.9955, 0.99575, 0.99575, 0.996, 0.996, 0.99625, 0.99625, 0.9965, 0.9965, 0.99675, 0.99675, 0.997, 0.997, 0.99725, 0.99725, 0.9975, 0.9975, 0.99775, 0.99775, 0.998, 0.998, 0.99825, 0.99825, 0.9985, 0.9985, 0.99875, 0.99875, 0.999, 0.999, 0.99925, 0.99925, 0.9995, 0.9995, 0.99975, 0.99975, 1.0, 1.0]",B (Random +/-1)
SVM,B,20,0.97175,0.995494875,3.908618688583374,"[0.0, 0.0, 0.0, 0.00025, 0.00025, 0.0005, 0.0005, 0.00075, 0.00075, 0.001, 0.001, 0.00125, 0.00125, 0.0015, 0.0015, 0.00175, 0.00175, 0.002, 0.002, 0.00225, 0.00225, 0.0025, 0.0025, 0.00275, 0.00275, 0.003, 0.003, 0.00325, 0.00325, 0.0035, 0.0035, 0.00375, 0.00375, 0.004, 0.004, 0.00425, 0.00425, 0.0045, 0.0045, 0.00475, 0.00475, 0.005, 0.005, 0.00525, 0.00525, 0.0055, 0.0055, 0.00575, 0.00575, 0.00625, 0.00625, 0.0065, 0.0065, 0.00675, 0.00675, 0.007, 0.007, 0.00725, 0.00725, 0.0075, 0.0075, 0.00775, 0.00775, 0.008, 0.008, 0.00825, 0.00825, 0.0085, 0.0085, 0.00875, 0.00875, 0.009, 0.009, 0.00925, 0.00925, 0.0095, 0.0095, 0.00975, 0.00975, 0.01025, 0.01025, 0.0105, 0.0105, 0.011, 0.011, 0.01125, 0.01125, 0.0115, 0.0115, 0.01175, 0.01175, 0.012, 0.012, 0.0125, 0.0125, 0.01275, 0.01275, 0.013, 0.013, 0.01325, 0.01325, 0.0135, 0.0135, 0.01375, 0.01375, 0.014, 0.014, 0.015, 0.015, 0.01525, 0.01525, 0.01575, 0.01575, 0.016, 0.016, 0.01625, 0.01625, 0.0165, 0.0165, 0.017, 0.017, 0.018, 0.018, 0.01825, 0.01825, 0.0185, 0.0185, 0.01875, 0.01875, 0.01925, 0.01925, 0.02, 0.02, 0.02025, 0.02025, 0.0205, 0.0205, 0.02075, 0.02075, 0.021, 0.021, 0.02125, 0.02125, 0.02175, 0.02175, 0.02225, 0.02225, 0.0225, 0.0225, 0.023, 0.023, 0.0235, 0.0235, 0.02375, 0.02375, 0.0245, 0.0245, 0.02475, 0.02475, 0.02525, 0.02525, 0.0255, 0.0255, 0.02625, 0.02625, 0.0275, 0.0275, 0.02825, 0.02825, 0.0285, 0.0285, 0.02875, 0.02875, 0.0295, 0.0295, 0.02975, 0.02975, 0.03, 0.03, 0.0305, 0.0305, 0.03075, 0.03075, 0.031, 0.031, 0.03125, 0.03125, 0.03175, 0.03175, 0.032, 0.032, 0.03225, 0.03225, 0.03275, 0.03275, 0.0345, 0.0345, 0.036, 0.036, 0.0375, 0.0375, 0.038, 0.038, 0.03825, 0.03825, 0.0385, 0.0385, 0.04225, 0.04225, 0.0425, 0.0425, 0.04425, 0.04425, 0.04525, 0.04525, 0.0455, 0.0455, 0.04625, 0.04625, 0.0475, 0.0475, 0.04825, 0.04825, 0.0485, 0.0485, 0.04925, 0.04925, 0.051, 0.051, 0.05275, 0.05275, 0.0535, 0.0535, 0.0565, 0.0565, 0.057, 0.057, 0.05725, 0.05725, 0.05775, 0.05775, 0.0585, 0.0585, 0.05925, 0.05925, 0.06, 0.06, 0.06075, 0.06075, 0.0635, 0.0635, 0.06575, 0.06575, 0.06675, 0.06675, 0.06725, 0.06725, 0.0675, 0.0675, 0.06825, 0.06825, 0.0715, 0.0715, 0.0725, 0.0725, 0.07275, 0.07275, 0.0735, 0.0735, 0.07475, 0.07475, 0.0765, 0.0765, 0.077, 0.077, 0.079, 0.079, 0.08, 0.08, 0.084, 0.084, 0.08425, 0.08425, 0.0865, 0.0865, 0.08725, 0.08725, 0.08975, 0.08975, 0.09075, 0.09075, 0.09525, 0.09525, 0.096, 0.096, 0.0985, 0.0985, 0.101, 0.101, 0.10225, 0.10225, 0.106, 0.106, 0.11675, 0.11675, 0.119, 0.119, 0.12075, 0.12075, 0.1265, 0.1265, 0.1315, 0.1315, 0.133, 0.133, 0.14125, 0.14125, 0.1555, 0.1555, 0.16475, 0.16475, 0.17225, 0.17225, 0.184, 0.184, 0.1915, 0.1915, 0.1935, 0.1935, 0.19925, 0.19925, 0.20075, 0.20075, 0.20175, 0.20175, 0.20525, 0.20525, 0.2585, 0.2585, 0.2635, 0.2635, 0.26825, 0.26825, 0.27025, 0.27025, 0.32275, 0.32275, 0.33, 0.33, 0.346, 0.346, 0.44725, 0.44725, 1.0]","[0.0, 0.00025, 0.34725, 0.34725, 0.42075, 0.42075, 0.545, 0.545, 0.60025, 0.60025, 0.668, 0.668, 0.68, 0.68, 0.6895, 0.6895, 0.72675, 0.72675, 0.72975, 0.72975, 0.746, 0.746, 0.7495, 0.7495, 0.76, 0.76, 0.76925, 0.76925, 0.784, 0.784, 0.8385, 0.8385, 0.841, 0.841, 0.84675, 0.84675, 0.85125, 0.85125, 0.8565, 0.8565, 0.86075, 0.86075, 0.86875, 0.86875, 0.8715, 0.8715, 0.87625, 0.87625, 0.8875, 0.8875, 0.88975, 0.88975, 0.89, 0.89, 0.8905, 0.8905, 0.8975, 0.8975, 0.89775, 0.89775, 0.8985, 0.8985, 0.8995, 0.8995, 0.89975, 0.89975, 0.90475, 0.90475, 0.908, 0.908, 0.9115, 0.9115, 0.9145, 0.9145, 0.91525, 0.91525, 0.922, 0.922, 0.92275, 0.92275, 0.92325, 0.92325, 0.9265, 0.9265, 0.927, 0.927, 0.92925, 0.92925, 0.9355, 0.9355, 0.9365, 0.9365, 0.93775, 0.93775, 0.9395, 0.9395, 0.93975, 0.93975, 0.9405, 0.9405, 0.941, 0.941, 0.94225, 0.94225, 0.94275, 0.94275, 0.94325, 0.94325, 0.945, 0.945, 0.94775, 0.94775, 0.94875, 0.94875, 0.94925, 0.94925, 0.94975, 0.94975, 0.951, 0.951, 0.952, 0.952, 0.95275, 0.95275, 0.95375, 0.95375, 0.954, 0.954, 0.955, 0.955, 0.95525, 0.95525, 0.95575, 0.95575, 0.957, 0.957, 0.9575, 0.9575, 0.958, 0.958, 0.9595, 0.9595, 0.96, 0.96, 0.9605, 0.9605, 0.962, 0.962, 0.96375, 0.96375, 0.96425, 0.96425, 0.96675, 0.96675, 0.967, 0.967, 0.9675, 0.9675, 0.96775, 0.96775, 0.97, 0.97, 0.9705, 0.9705, 0.97075, 0.97075, 0.9715, 0.9715, 0.97175, 0.97175, 0.97275, 0.97275, 0.973, 0.973, 0.97325, 0.97325, 0.97375, 0.97375, 0.97425, 0.97425, 0.9745, 0.9745, 0.97475, 0.97475, 0.97525, 0.97525, 0.9755, 0.9755, 0.97575, 0.97575, 0.976, 0.976, 0.977, 0.977, 0.97725, 0.97725, 0.97825, 0.97825, 0.9785, 0.9785, 0.97875, 0.97875, 0.979, 0.979, 0.9795, 0.9795, 0.97975, 0.97975, 0.98, 0.98, 0.98025, 0.98025, 0.981, 0.981, 0.98125, 0.98125, 0.9815, 0.9815, 0.98175, 0.98175, 0.98225, 0.98225, 0.98275, 0.98275, 0.983, 0.983, 0.98325, 0.98325, 0.98375, 0.98375, 0.984, 0.984, 0.98425, 0.98425, 0.9845, 0.9845, 0.98475, 0.98475, 0.985, 0.985, 0.9855, 0.9855, 0.98575, 0.98575, 0.986, 0.986, 0.98625, 0.98625, 0.9865, 0.9865, 0.98675, 0.98675, 0.987, 0.987, 0.98725, 0.98725, 0.9875, 0.9875, 0.98775, 0.98775, 0.988, 0.988, 0.98825, 0.98825, 0.9885, 0.9885, 0.98875, 0.98875, 0.989, 0.989, 0.98925, 0.98925, 0.9895, 0.9895, 0.98975, 0.98975, 0.99, 0.99, 0.99025, 0.99025, 0.9905, 0.9905, 0.991, 0.991, 0.99125, 0.99125, 0.9915, 0.9915, 0.99175, 0.99175, 0.992, 0.992, 0.99225, 0.99225, 0.9925, 0.9925, 0.99275, 0.99275, 0.993, 0.993, 0.99325, 0.99325, 0.9935, 0.9935, 0.99375, 0.99375, 0.994, 0.994, 0.99425, 0.99425, 0.9945, 0.9945, 0.99475, 0.99475, 0.995, 0.995, 0.9955, 0.9955, 0.99575, 0.99575, 0.996, 0.996, 0.99625, 0.99625, 0.9965, 0.9965, 0.99675, 0.99675, 0.997, 0.997, 0.99725, 0.99725, 0.9975, 0.9975, 0.99775, 0.99775, 0.998, 0.998, 0.99825, 0.99825, 0.9985, 0.9985, 0.99875, 0.99875, 0.999, 0.999, 0.99925, 0.99925, 0.9995, 0.9995, 0.99975, 0.99975, 1.0, 1.0]",B (Random +/-1)
KNN,B,20,0.96575,0.9874922812500001,0.9004538059234619,"[0.0, 0.01025, 0.01825, 0.035, 0.06, 0.136, 1.0]","[0.0, 0.87075, 0.941, 0.9665, 0.98225, 0.99175, 1.0]",B (Random +/-1)
Neural Network,B,20,0.97075,0.9960519375000001,0.6202154159545898,"[0.0, 0.0, 0.0, 0.00025, 0.00025, 0.0005, 0.0005, 0.00075, 0.00075, 0.001, 0.001, 0.00125, 0.00125, 0.0015, 0.0015, 0.00175, 0.00175, 0.002, 0.002, 0.00225, 0.00225, 0.0025, 0.0025, 0.00275, 0.00275, 0.003, 0.003, 0.00325, 0.00325, 0.0035, 0.0035, 0.00375, 0.00375, 0.004, 0.004, 0.00425, 0.00425, 0.0045, 0.0045, 0.00475, 0.00475, 0.005, 0.005, 0.00525, 0.00525, 0.0055, 0.0055, 0.00575, 0.00575, 0.006, 0.006, 0.00625, 0.00625, 0.0065, 0.0065, 0.00675, 0.00675, 0.007, 0.007, 0.00725, 0.00725, 0.0075, 0.0075, 0.00825, 0.00825, 0.0085, 0.0085, 0.00875, 0.00875, 0.009, 0.009, 0.0095, 0.0095, 0.00975, 0.00975, 0.01, 0.01, 0.01025, 0.01025, 0.0105, 0.0105, 0.01075, 0.01075, 0.01175, 0.01175, 0.01225, 0.01225, 0.0125, 0.0125, 0.01275, 0.01275, 0.01325, 0.01325, 0.0135, 0.0135, 0.01375, 0.01375, 0.014, 0.014, 0.01425, 0.01425, 0.015, 0.015, 0.01525, 0.01525, 0.016, 0.016, 0.01625, 0.01625, 0.0165, 0.0165, 0.01675, 0.01675, 0.017, 0.017, 0.01725, 0.01725, 0.0175, 0.0175, 0.01775, 0.01775, 0.0185, 0.0185, 0.019, 0.019, 0.01925, 0.01925, 0.02, 0.02, 0.02025, 0.02025, 0.0205, 0.0205, 0.02075, 0.02075, 0.02125, 0.02125, 0.0215, 0.0215, 0.02175, 0.02175, 0.022, 0.022, 0.02225, 0.02225, 0.02275, 0.02275, 0.023, 0.023, 0.02325, 0.02325, 0.0235, 0.0235, 0.02375, 0.02375, 0.024, 0.024, 0.02425, 0.02425, 0.02475, 0.02475, 0.026, 0.026, 0.02625, 0.02625, 0.0265, 0.0265, 0.02725, 0.02725, 0.0275, 0.0275, 0.0285, 0.0285, 0.02875, 0.02875, 0.03, 0.03, 0.03075, 0.03075, 0.03125, 0.03125, 0.032, 0.032, 0.03225, 0.03225, 0.0325, 0.0325, 0.03275, 0.03275, 0.033, 0.033, 0.03325, 0.03325, 0.034, 0.034, 0.0345, 0.0345, 0.035, 0.035, 0.03525, 0.03525, 0.03575, 0.03575, 0.0365, 0.0365, 0.03675, 0.03675, 0.037, 0.037, 0.03775, 0.03775, 0.03875, 0.03875, 0.0395, 0.0395, 0.04125, 0.04125, 0.04175, 0.04175, 0.0425, 0.0425, 0.0445, 0.0445, 0.04475, 0.04475, 0.046, 0.046, 0.0475, 0.0475, 0.048, 0.048, 0.0485, 0.0485, 0.049, 0.049, 0.0495, 0.0495, 0.05, 0.05, 0.053, 0.053, 0.0535, 0.0535, 0.05375, 0.05375, 0.054, 0.054, 0.056, 0.056, 0.05675, 0.05675, 0.0575, 0.0575, 0.058, 0.058, 0.05875, 0.05875, 0.0595, 0.0595, 0.06, 0.06, 0.06025, 0.06025, 0.06225, 0.06225, 0.063, 0.063, 0.06425, 0.06425, 0.0645, 0.0645, 0.067, 0.067, 0.0685, 0.0685, 0.06975, 0.06975, 0.071, 0.071, 0.073, 0.073, 0.07375, 0.07375, 0.07525, 0.07525, 0.07725, 0.07725, 0.08075, 0.08075, 0.084, 0.084, 0.09225, 0.09225, 0.0955, 0.0955, 0.097, 0.097, 0.09725, 0.09725, 0.09925, 0.09925, 0.101, 0.101, 0.1035, 0.1035, 0.10375, 0.10375, 0.1055, 0.1055, 0.1145, 0.1145, 0.115, 0.115, 0.11675, 0.11675, 0.11975, 0.11975, 0.12475, 0.12475, 0.12525, 0.12525, 0.13825, 0.13825, 0.14125, 0.14125, 0.14775, 0.14775, 0.149, 0.149, 0.15125, 0.15125, 0.1515, 0.1515, 0.1535, 0.1535, 0.156, 0.156, 0.16375, 0.16375, 0.16875, 0.16875, 0.17025, 0.17025, 0.187, 0.187, 0.18725, 0.18725, 0.1925, 0.1925, 0.197, 0.197, 0.20825, 0.20825, 0.238, 0.238, 0.25975, 0.25975, 0.26875, 0.26875, 0.30625, 0.30625, 0.35175, 0.35175, 1.0]","[0.0, 0.00025, 0.56525, 0.56525, 0.591, 0.591, 0.637, 0.637, 0.70425, 0.70425, 0.723, 0.723, 0.73525, 0.73525, 0.8095, 0.8095, 0.8145, 0.8145, 0.81625, 0.81625, 0.82675, 0.82675, 0.8405, 0.8405, 0.84275, 0.84275, 0.8475, 0.8475, 0.85025, 0.85025, 0.85075, 0.85075, 0.85325, 0.85325, 0.858, 0.858, 0.85925, 0.85925, 0.86925, 0.86925, 0.8695, 0.8695, 0.87475, 0.87475, 0.879, 0.879, 0.882, 0.882, 0.88575, 0.88575, 0.886, 0.886, 0.894, 0.894, 0.89775, 0.89775, 0.90675, 0.90675, 0.90775, 0.90775, 0.91075, 0.91075, 0.913, 0.913, 0.91575, 0.91575, 0.9165, 0.9165, 0.918, 0.918, 0.92025, 0.92025, 0.9245, 0.9245, 0.9265, 0.9265, 0.92675, 0.92675, 0.932, 0.932, 0.93325, 0.93325, 0.939, 0.939, 0.93975, 0.93975, 0.94075, 0.94075, 0.9415, 0.9415, 0.943, 0.943, 0.9435, 0.9435, 0.94425, 0.94425, 0.94575, 0.94575, 0.94675, 0.94675, 0.947, 0.947, 0.9485, 0.9485, 0.94925, 0.94925, 0.9505, 0.9505, 0.95175, 0.95175, 0.95225, 0.95225, 0.953, 0.953, 0.95375, 0.95375, 0.954, 0.954, 0.95425, 0.95425, 0.95525, 0.95525, 0.95575, 0.95575, 0.956, 0.956, 0.9565, 0.9565, 0.95675, 0.95675, 0.957, 0.957, 0.95825, 0.95825, 0.9585, 0.9585, 0.95925, 0.95925, 0.9595, 0.9595, 0.961, 0.961, 0.96125, 0.96125, 0.9615, 0.9615, 0.96175, 0.96175, 0.963, 0.963, 0.96325, 0.96325, 0.96375, 0.96375, 0.964, 0.964, 0.96425, 0.96425, 0.9645, 0.9645, 0.96475, 0.96475, 0.9655, 0.9655, 0.966, 0.966, 0.96625, 0.96625, 0.96725, 0.96725, 0.969, 0.969, 0.96975, 0.96975, 0.971, 0.971, 0.97125, 0.97125, 0.9715, 0.9715, 0.97225, 0.97225, 0.9725, 0.9725, 0.97275, 0.97275, 0.9735, 0.9735, 0.97425, 0.97425, 0.9745, 0.9745, 0.97475, 0.97475, 0.975, 0.975, 0.97525, 0.97525, 0.976, 0.976, 0.97625, 0.97625, 0.9765, 0.9765, 0.97675, 0.97675, 0.97725, 0.97725, 0.9775, 0.9775, 0.97775, 0.97775, 0.97825, 0.97825, 0.9785, 0.9785, 0.979, 0.979, 0.98, 0.98, 0.9805, 0.9805, 0.98075, 0.98075, 0.981, 0.981, 0.98125, 0.98125, 0.98175, 0.98175, 0.982, 0.982, 0.98225, 0.98225, 0.9825, 0.9825, 0.98275, 0.98275, 0.983, 0.983, 0.9835, 0.9835, 0.984, 0.984, 0.98425, 0.98425, 0.9845, 0.9845, 0.98475, 0.98475, 0.985, 0.985, 0.98525, 0.98525, 0.9855, 0.9855, 0.98575, 0.98575, 0.98675, 0.98675, 0.987, 0.987, 0.98725, 0.98725, 0.9875, 0.9875, 0.98775, 0.98775, 0.988, 0.988, 0.98825, 0.98825, 0.9885, 0.9885, 0.98875, 0.98875, 0.989, 0.989, 0.98925, 0.98925, 0.9895, 0.9895, 0.98975, 0.98975, 0.99, 0.99, 0.99025, 0.99025, 0.9905, 0.9905, 0.99075, 0.99075, 0.991, 0.991, 0.99125, 0.99125, 0.9915, 0.9915, 0.99175, 0.99175, 0.992, 0.992, 0.99225, 0.99225, 0.9925, 0.9925, 0.99275, 0.99275, 0.993, 0.993, 0.99325, 0.99325, 0.99375, 0.99375, 0.994, 0.994, 0.99425, 0.99425, 0.9945, 0.9945, 0.99475, 0.99475, 0.995, 0.995, 0.99525, 0.99525, 0.9955, 0.9955, 0.99575, 0.99575, 0.996, 0.996, 0.99625, 0.99625, 0.9965, 0.9965, 0.99675, 0.99675, 0.997, 0.997, 0.99725, 0.99725, 0.9975, 0.9975, 0.99775, 0.99775, 0.998, 0.998, 0.99825, 0.99825, 0.9985, 0.9985, 0.99875, 0.99875, 0.999, 0.999, 0.99925, 0.99925, 0.9995, 0.9995, 0.99975, 0.99975, 1.0, 1.0]",B (Random +/-1)
Random Forest,B,30,0.9965,0.9998043750000001,0.4664030075073242,"[0.0, 0.0, 0.00025, 0.00025, 0.00025, 0.00025, 0.0005, 0.0005, 0.0005, 0.00075, 0.001, 0.001, 0.001, 0.00125, 0.00125, 0.0015, 0.0015, 0.0015, 0.0015, 0.002, 0.002, 0.00225, 0.0025, 0.0025, 0.003, 0.003, 0.00325, 0.00325, 0.0035, 0.0035, 0.004, 0.004, 0.00425, 0.00475, 0.0055, 0.006, 0.0065, 0.00725, 0.0075, 0.0075, 0.00775, 0.00975, 0.01075, 0.01125, 0.0125, 0.0135, 0.01375, 0.0145, 0.0155, 0.01775, 0.01975, 0.0255, 0.033, 0.04975, 0.09575, 1.0]","[0.0, 0.918, 0.95275, 0.96675, 0.972, 0.97425, 0.977, 0.9805, 0.988, 0.989, 0.98925, 0.9905, 0.99075, 0.991, 0.9925, 0.99275, 0.993, 0.99375, 0.99425, 0.9945, 0.99475, 0.99525, 0.9955, 0.99575, 0.99575, 0.996, 0.996, 0.9965, 0.9965, 0.99675, 0.99725, 0.9975, 0.9975, 0.9975, 0.9975, 0.99775, 0.99775, 0.99775, 0.99775, 0.998, 0.99825, 0.99875, 0.99875, 0.99875, 0.99875, 0.999, 0.999, 0.999, 0.99925, 0.99925, 0.99975, 0.99975, 0.99975, 0.99975, 0.99975, 1.0]",B (Random +/-1)
Gradient Boosting,B,30,0.9965,0.9999106249999999,7.396271705627441,"[0.0, 0.0, 0.0, 0.0, 0.0, 0.0, 0.0, 0.0, 0.0, 0.0, 0.0, 0.0, 0.0, 0.0, 0.0, 0.0, 0.0, 0.0, 0.0, 0.0, 0.0, 0.0, 0.0, 0.0, 0.0, 0.0, 0.0, 0.0, 0.0, 0.0, 0.0, 0.0, 0.0, 0.0, 0.0, 0.0, 0.0, 0.0, 0.0, 0.0, 0.0, 0.0, 0.0, 0.0, 0.0, 0.0, 0.0, 0.0, 0.0, 0.0, 0.0, 0.0, 0.0, 0.0, 0.0, 0.0, 0.0, 0.0, 0.0, 0.0, 0.0, 0.0, 0.0, 0.0, 0.0, 0.0, 0.0, 0.0, 0.0, 0.0, 0.0, 0.0, 0.0, 0.0, 0.0, 0.0, 0.0, 0.0, 0.0, 0.0, 0.0, 0.0, 0.0, 0.0, 0.0, 0.0, 0.0, 0.0, 0.0, 0.0, 0.0, 0.0, 0.0, 0.0, 0.0, 0.0, 0.0, 0.0, 0.0, 0.0, 0.0, 0.0, 0.0, 0.0, 0.0, 0.0, 0.0, 0.0, 0.0, 0.0, 0.0, 0.0, 0.0, 0.0, 0.0, 0.0, 0.0, 0.0, 0.0, 0.0, 0.0, 0.0, 0.0, 0.0, 0.0, 0.0, 0.0, 0.0, 0.0, 0.0, 0.0, 0.0, 0.0, 0.0, 0.0, 0.0, 0.0, 0.0, 0.0, 0.0, 0.0, 0.0, 0.0, 0.0, 0.0, 0.0, 0.0, 0.0, 0.0, 0.0, 0.0, 0.0, 0.0, 0.0, 0.0, 0.0, 0.0, 0.0, 0.0, 0.0, 0.0, 0.0, 0.0, 0.0, 0.0, 0.0, 0.0, 0.0, 0.0, 0.0, 0.0, 0.0, 0.0, 0.0, 0.0, 0.0, 0.0, 0.0, 0.0, 0.0, 0.0, 0.0, 0.0, 0.0, 0.0, 0.0, 0.0, 0.0, 0.0, 0.0, 0.0, 0.0, 0.0, 0.0, 0.0, 0.0, 0.0, 0.0, 0.0, 0.0, 0.0, 0.0, 0.0, 0.0, 0.0, 0.0, 0.0, 0.0, 0.0, 0.0, 0.0, 0.0, 0.0, 0.0, 0.0, 0.0, 0.0, 0.0, 0.0, 0.0, 0.0, 0.0, 0.0, 0.0, 0.0, 0.0, 0.0, 0.0, 0.0, 0.0, 0.0, 0.0, 0.0, 0.0, 0.0, 0.0, 0.0, 0.0, 0.0, 0.0, 0.0, 0.0, 0.0, 0.0, 0.0, 0.0, 0.0, 0.0, 0.0, 0.0, 0.0, 0.0, 0.0, 0.0, 0.0, 0.0, 0.0, 0.0, 0.0, 0.0, 0.0, 0.0, 0.0, 0.0, 0.0, 0.0, 0.0, 0.0, 0.0, 0.0, 0.0, 0.0, 0.0, 0.0, 0.0, 0.0, 0.0, 0.0, 0.0, 0.0, 0.0, 0.0, 0.0, 0.0, 0.0, 0.0, 0.0, 0.0, 0.0, 0.0, 0.0, 0.0, 0.0, 0.0, 0.0, 0.0, 0.0, 0.0, 0.0, 0.0, 0.0, 0.0, 0.0, 0.0, 0.0, 0.0, 0.0, 0.0, 0.0, 0.0, 0.0, 0.0, 0.0, 0.0, 0.0, 0.0, 0.0, 0.0, 0.0, 0.0, 0.0, 0.0, 0.0, 0.0, 0.0, 0.0, 0.0, 0.0, 0.0, 0.0, 0.0, 0.0, 0.0, 0.0, 0.0, 0.0, 0.0, 0.0, 0.00025, 0.00025, 0.00075, 0.00075, 0.00075, 0.001, 0.001, 0.00175, 0.00175, 0.00225, 0.00225, 0.0025, 0.0025, 0.00325, 0.00325, 0.0035, 0.0035, 0.0045, 0.0045, 0.005, 0.005, 0.0065, 0.0065, 0.0095, 0.0095, 0.00975, 0.00975, 0.0195, 0.0195, 0.02025, 0.02025, 0.023, 0.023, 0.03025, 0.03025, 0.0325, 0.033, 0.0335, 0.034, 0.03425, 0.03475, 0.03625, 0.03625, 0.044, 0.045, 0.0505, 0.0515, 0.053, 0.05375, 0.05525, 0.05875, 0.05975, 0.06125, 0.06175, 0.0685, 0.069, 0.07325, 0.074, 0.0765, 0.0775, 0.0775, 0.07775, 0.07825, 0.0785, 0.08, 0.08275, 0.0835, 0.085, 0.08575, 0.08625, 0.08675, 0.08725, 0.08825, 0.0885, 0.0895, 0.09075, 0.09125, 0.09175, 0.09225, 0.09325, 0.094, 0.0945, 0.09575, 0.09825, 0.09875, 0.09975, 0.1005, 0.101, 0.102, 0.103, 0.1075, 0.10825, 0.1095, 0.111, 0.112, 0.11275, 0.11325, 0.11375, 0.115, 0.11525, 0.11575, 0.11675, 0.11875, 0.12025, 0.12075, 0.1215, 0.1245, 0.12475, 0.12625, 0.1265, 0.12725, 0.12825, 0.12975, 0.13075, 0.13225, 0.133, 0.13375, 0.13425, 0.135, 0.13575, 0.1375, 0.139, 0.141, 0.149, 0.1495, 0.15025, 0.15625, 0.1565, 0.157, 0.158, 0.162, 0.1625, 0.163, 0.164, 0.1655, 0.1665, 0.16725, 0.16775, 0.1685, 0.17, 0.17025, 0.243, 0.244, 0.24525, 0.246, 0.247, 0.24825, 0.24875, 0.25875, 0.2595, 0.26075, 0.26175, 0.26275, 0.264, 0.2645, 0.265, 0.2655, 0.26625, 0.26675, 0.26725, 0.2775, 0.2785, 0.27875, 0.27925, 0.28, 0.2805, 0.281, 0.2835, 0.28425, 0.28525, 0.28575, 0.288, 0.28825, 0.291, 0.2915, 0.292, 0.29275, 0.2935, 0.29525, 0.2965, 0.29675, 0.29875, 0.29925, 0.3, 0.301, 0.30125, 0.30175, 0.3035, 0.30425, 0.30475, 0.30625, 0.307, 0.30775, 0.30825, 0.31, 0.3105, 0.3115, 0.335, 0.33575, 0.3375, 0.34, 0.341, 0.3415, 0.34225, 0.3425, 0.343, 0.344, 0.34825, 0.35125, 0.3585, 0.35925, 0.35975, 0.36, 0.3635, 0.364, 0.36475, 0.36525, 0.366, 0.367, 0.37, 0.3735, 0.374, 0.3855, 0.386, 0.387, 0.3875, 0.3935, 0.394, 0.396, 0.39675, 0.39725, 0.398, 0.3985, 0.39975, 0.40125, 0.4015, 0.402, 0.40275, 0.41, 0.41125, 0.413, 0.41625, 0.41725, 0.418, 0.419, 0.4195, 0.42025, 0.424, 0.42425, 0.4295, 0.43, 0.4315, 0.43225, 0.434, 0.43675, 0.4375, 0.43875, 0.439, 0.43975, 0.44025, 0.504, 0.505, 0.50625, 0.50775, 0.511, 0.53525, 0.537, 0.53725, 0.53825, 0.53875, 0.53925, 0.5395, 0.5415, 0.54475, 0.54575, 0.54625, 0.547, 0.54825, 0.54875, 0.54975, 0.55075, 0.55225, 0.5525, 0.55325, 0.55525, 0.556, 0.5565, 0.559, 0.55925, 0.55975, 0.561, 0.5615, 0.562, 0.56325, 0.56675, 0.57125, 0.5715, 0.572, 0.573, 0.80475, 0.805, 0.80625, 0.8065, 0.808, 0.80825, 0.8105, 0.811, 0.819, 0.8195, 0.82025, 0.8205, 0.82175, 0.8225, 0.8245, 0.8255, 0.865, 0.86525, 0.86675, 0.8675, 0.86825, 0.86875, 0.869, 0.8695, 0.8715, 0.8795, 0.88075, 0.88125, 0.8835, 0.88375, 0.8895, 0.89, 0.891, 0.89275, 0.893, 0.903, 0.91425, 0.9145, 0.91625, 0.917, 0.9185, 0.91875, 0.9195, 0.92, 0.9215, 0.924, 0.937, 0.93925, 0.93975, 0.94025, 0.94175, 0.943, 0.9445, 0.9455, 0.94575, 0.94625, 0.9475, 0.94775, 0.94825, 0.94975, 0.95225, 0.9525, 0.954, 0.9545, 0.955, 0.95875, 0.95925, 0.96025, 0.96075, 0.961, 0.96225, 0.96275, 0.976, 0.97925, 0.9795, 0.98, 0.98075, 0.98175, 0.983, 0.98775, 0.9885, 0.989, 0.99, 0.99025, 0.9935, 0.994, 0.99475, 0.995, 0.9955, 0.9965, 0.9975, 0.99875, 1.0]","[0.0, 0.00025, 0.00725, 0.0075, 0.01025, 0.02175, 0.022, 0.039, 0.04, 0.04425, 0.047, 0.0475, 0.048, 0.056, 0.05625, 0.0575, 0.059, 0.0605, 0.0615, 0.06175, 0.0675, 0.068, 0.06875, 0.07, 0.07025, 0.07075, 0.071, 0.0715, 0.0735, 0.07475, 0.075, 0.078, 0.0785, 0.08125, 0.08175, 0.0835, 0.08375, 0.08425, 0.14275, 0.144, 0.1495, 0.15, 0.1525, 0.153, 0.15375, 0.154, 0.15675, 0.15875, 0.15925, 0.1655, 0.16575, 0.16625, 0.1665, 0.1675, 0.168, 0.169, 0.16975, 0.49425, 0.49575, 0.49625, 0.50075, 0.51275, 0.513, 0.5135, 0.51575, 0.51625, 0.5165, 0.517, 0.5175, 0.51825, 0.54125, 0.55375, 0.5545, 0.55525, 0.55625, 0.558, 0.5585, 0.55975, 0.56025, 0.56825, 0.56925, 0.57025, 0.57225, 0.5755, 0.61575, 0.61675, 0.61725, 0.61925, 0.6365, 0.63775, 0.63825, 0.6425, 0.64275, 0.64825, 0.6485, 0.649, 0.65375, 0.6575, 0.65825, 0.659, 0.66, 0.66075, 0.661, 0.6615, 0.66175, 0.663, 0.66325, 0.664, 0.6665, 0.667, 0.67625, 0.67675, 0.67825, 0.68375, 0.68525, 0.69025, 0.6905, 0.691, 0.6915, 0.696, 0.6965, 0.715, 0.716, 0.71725, 0.71775, 0.71875, 0.71925, 0.72075, 0.7215, 0.722, 0.72425, 0.725, 0.72575, 0.727, 0.73025, 0.73125, 0.7315, 0.7325, 0.73275, 0.734, 0.73425, 0.735, 0.7355, 0.73625, 0.7365, 0.73825, 0.7385, 0.7395, 0.741, 0.74175, 0.74325, 0.74375, 0.74675, 0.747, 0.749, 0.75325, 0.754, 0.7545, 0.75675, 0.75725, 0.758, 0.75875, 0.75975, 0.761, 0.7615, 0.76225, 0.764, 0.76475, 0.7665, 0.76725, 0.76775, 0.76825, 0.77025, 0.77075, 0.77425, 0.77475, 0.7755, 0.77575, 0.77625, 0.7765, 0.77825, 0.77875, 0.7795, 0.77975, 0.7805, 0.78075, 0.7815, 0.7825, 0.78325, 0.7845, 0.78525, 0.78575, 0.786, 0.78675, 0.787, 0.789, 0.78925, 0.79, 0.7905, 0.80075, 0.801, 0.8015, 0.804, 0.805, 0.8065, 0.80725, 0.80825, 0.80875, 0.811, 0.8115, 0.81225, 0.8125, 0.814, 0.8145, 0.815, 0.8155, 0.81625, 0.81675, 0.81775, 0.819, 0.82075, 0.82125, 0.82175, 0.82275, 0.8235, 0.82425, 0.8245, 0.82825, 0.8285, 0.829, 0.83, 0.83025, 0.831, 0.83175, 0.83225, 0.833, 0.834, 0.83525, 0.83675, 0.83725, 0.838, 0.8395, 0.84, 0.84025, 0.841, 0.844, 0.8445, 0.84475, 0.84525, 0.8455, 0.846, 0.84625, 0.84675, 0.84725, 0.848, 0.8485, 0.8495, 0.84975, 0.85025, 0.85125, 0.853, 0.85325, 0.85375, 0.85475, 0.85525, 0.857, 0.8575, 0.8605, 0.861, 0.86225, 0.8625, 0.863, 0.8635, 0.864, 0.8645, 0.865, 0.8655, 0.86675, 0.8685, 0.869, 0.86925, 0.87025, 0.8705, 0.871, 0.87125, 0.8725, 0.873, 0.87425, 0.87475, 0.87625, 0.877, 0.87825, 0.87875, 0.88, 0.881, 0.88325, 0.88375, 0.88525, 0.88575, 0.88625, 0.887, 0.889, 0.88975, 0.89, 0.89075, 0.89175, 0.89225, 0.89275, 0.89375, 0.8945, 0.895, 0.896, 0.89675, 0.89825, 0.899, 0.89925, 0.89975, 0.906, 0.90725, 0.91175, 0.9125, 0.91475, 0.91525, 0.922, 0.9225, 0.926, 0.9265, 0.9275, 0.928, 0.9315, 0.932, 0.94975, 0.95025, 0.95275, 0.9535, 0.95525, 0.95575, 0.96775, 0.96775, 0.97225, 0.97225, 0.97275, 0.987, 0.987, 0.993, 0.993, 0.9945, 0.9945, 0.9955, 0.9955, 0.99575, 0.99575, 0.996, 0.996, 0.99725, 0.99725, 0.9975, 0.9975, 0.99775, 0.99775, 0.998, 0.998, 0.99825, 0.99825, 0.9985, 0.9985, 0.99875, 0.99875, 0.999, 0.999, 0.99925, 0.99925, 0.9995, 0.9995, 0.9995, 0.9995, 0.9995, 0.9995, 0.9995, 0.9995, 0.99975, 0.99975, 0.99975, 0.99975, 0.99975, 0.99975, 0.99975, 0.99975, 0.99975, 0.99975, 0.99975, 0.99975, 0.99975, 0.99975, 0.99975, 0.99975, 0.99975, 0.99975, 1.0, 1.0, 1.0, 1.0, 1.0, 1.0, 1.0, 1.0, 1.0, 1.0, 1.0, 1.0, 1.0, 1.0, 1.0, 1.0, 1.0, 1.0, 1.0, 1.0, 1.0, 1.0, 1.0, 1.0, 1.0, 1.0, 1.0, 1.0, 1.0, 1.0, 1.0, 1.0, 1.0, 1.0, 1.0, 1.0, 1.0, 1.0, 1.0, 1.0, 1.0, 1.0, 1.0, 1.0, 1.0, 1.0, 1.0, 1.0, 1.0, 1.0, 1.0, 1.0, 1.0, 1.0, 1.0, 1.0, 1.0, 1.0, 1.0, 1.0, 1.0, 1.0, 1.0, 1.0, 1.0, 1.0, 1.0, 1.0, 1.0, 1.0, 1.0, 1.0, 1.0, 1.0, 1.0, 1.0, 1.0, 1.0, 1.0, 1.0, 1.0, 1.0, 1.0, 1.0, 1.0, 1.0, 1.0, 1.0, 1.0, 1.0, 1.0, 1.0, 1.0, 1.0, 1.0, 1.0, 1.0, 1.0, 1.0, 1.0, 1.0, 1.0, 1.0, 1.0, 1.0, 1.0, 1.0, 1.0, 1.0, 1.0, 1.0, 1.0, 1.0, 1.0, 1.0, 1.0, 1.0, 1.0, 1.0, 1.0, 1.0, 1.0, 1.0, 1.0, 1.0, 1.0, 1.0, 1.0, 1.0, 1.0, 1.0, 1.0, 1.0, 1.0, 1.0, 1.0, 1.0, 1.0, 1.0, 1.0, 1.0, 1.0, 1.0, 1.0, 1.0, 1.0, 1.0, 1.0, 1.0, 1.0, 1.0, 1.0, 1.0, 1.0, 1.0, 1.0, 1.0, 1.0, 1.0, 1.0, 1.0, 1.0, 1.0, 1.0, 1.0, 1.0, 1.0, 1.0, 1.0, 1.0, 1.0, 1.0, 1.0, 1.0, 1.0, 1.0, 1.0, 1.0, 1.0, 1.0, 1.0, 1.0, 1.0, 1.0, 1.0, 1.0, 1.0, 1.0, 1.0, 1.0, 1.0, 1.0, 1.0, 1.0, 1.0, 1.0, 1.0, 1.0, 1.0, 1.0, 1.0, 1.0, 1.0, 1.0, 1.0, 1.0, 1.0, 1.0, 1.0, 1.0, 1.0, 1.0, 1.0, 1.0, 1.0, 1.0, 1.0, 1.0, 1.0, 1.0, 1.0, 1.0, 1.0, 1.0, 1.0, 1.0, 1.0, 1.0, 1.0, 1.0, 1.0, 1.0, 1.0, 1.0, 1.0, 1.0, 1.0, 1.0, 1.0, 1.0, 1.0, 1.0, 1.0, 1.0, 1.0, 1.0, 1.0, 1.0, 1.0, 1.0, 1.0, 1.0, 1.0, 1.0, 1.0, 1.0, 1.0, 1.0, 1.0, 1.0, 1.0, 1.0, 1.0, 1.0, 1.0, 1.0, 1.0, 1.0, 1.0, 1.0, 1.0, 1.0, 1.0, 1.0, 1.0, 1.0, 1.0, 1.0, 1.0, 1.0, 1.0, 1.0, 1.0, 1.0, 1.0, 1.0, 1.0, 1.0, 1.0, 1.0, 1.0, 1.0, 1.0, 1.0, 1.0, 1.0, 1.0, 1.0, 1.0, 1.0, 1.0, 1.0, 1.0, 1.0, 1.0, 1.0, 1.0, 1.0, 1.0, 1.0, 1.0, 1.0, 1.0, 1.0, 1.0, 1.0, 1.0, 1.0, 1.0, 1.0, 1.0, 1.0, 1.0, 1.0, 1.0, 1.0, 1.0, 1.0, 1.0, 1.0, 1.0, 1.0]",B (Random +/-1)
Logistic Regression,B,30,0.997,0.9999595625,0.025554180145263672,"[0.0, 0.0, 0.0, 0.00025, 0.00025, 0.0005, 0.0005, 0.00075, 0.00075, 0.001, 0.001, 0.00125, 0.00125, 0.0015, 0.0015, 0.00175, 0.00175, 0.00225, 0.00225, 0.0025, 0.0025, 0.00275, 0.00275, 0.00325, 0.00325, 0.00475, 0.00475, 0.005, 0.005, 0.00625, 0.00625, 0.00725, 0.00725, 0.01025, 0.01025, 0.011, 0.011, 0.0125, 0.0125, 0.02525, 0.02525, 1.0]","[0.0, 0.00025, 0.98175, 0.98175, 0.98375, 0.98375, 0.98725, 0.98725, 0.989, 0.989, 0.99375, 0.99375, 0.99525, 0.99525, 0.9955, 0.9955, 0.99575, 0.99575, 0.996, 0.996, 0.99675, 0.99675, 0.997, 0.997, 0.99725, 0.99725, 0.998, 0.998, 0.99825, 0.99825, 0.9985, 0.9985, 0.99875, 0.99875, 0.99925, 0.99925, 0.9995, 0.9995, 0.99975, 0.99975, 1.0, 1.0]",B (Random +/-1)
SVM,B,30,0.99675,0.999934,0.6991333961486816,"[0.0, 0.0, 0.0, 0.0005, 0.0005, 0.00075, 0.00075, 0.001, 0.001, 0.00125, 0.00125, 0.0015, 0.0015, 0.00175, 0.00175, 0.0025, 0.0025, 0.00275, 0.00275, 0.003, 0.003, 0.0035, 0.0035, 0.004, 0.004, 0.005, 0.005, 0.00575, 0.00575, 0.007, 0.007, 0.00825, 0.00825, 0.00975, 0.00975, 0.0135, 0.0135, 0.021, 0.021, 0.02975, 0.02975, 0.06675, 0.06675, 1.0]","[0.0, 0.00025, 0.9775, 0.9775, 0.98375, 0.98375, 0.9875, 0.9875, 0.98875, 0.98875, 0.99475, 0.99475, 0.995, 0.995, 0.9955, 0.9955, 0.99575, 0.99575, 0.996, 0.996, 0.9965, 0.9965, 0.99675, 0.99675, 0.99725, 0.99725, 0.99775, 0.99775, 0.99825, 0.99825, 0.9985, 0.9985, 0.99875, 0.99875, 0.999, 0.999, 0.99925, 0.99925, 0.9995, 0.9995, 0.99975, 0.99975, 1.0, 1.0]",B (Random +/-1)
KNN,B,30,0.9965,0.99882915625,0.7203025817871094,"[0.0, 0.00125, 0.00225, 0.00375, 0.00675, 0.01675, 1.0]","[0.0, 0.98325, 0.99325, 0.99675, 0.99775, 0.999, 1.0]",B (Random +/-1)
Neural Network,B,30,0.99725,0.9999526249999999,0.7341256141662598,"[0.0, 0.0, 0.0, 0.00025, 0.00025, 0.0005, 0.0005, 0.00075, 0.00075, 0.001, 0.001, 0.00125, 0.00125, 0.0015, 0.0015, 0.00175, 0.00175, 0.00225, 0.00225, 0.0025, 0.0025, 0.003, 0.003, 0.0055, 0.0055, 0.00575, 0.00575, 0.00675, 0.00675, 0.00825, 0.00825, 0.0085, 0.0085, 0.0145, 0.0145, 0.01775, 0.01775, 0.01875, 0.01875, 0.0205, 0.0205, 0.039, 0.039, 1.0]","[0.0, 0.00025, 0.9855, 0.9855, 0.988, 0.988, 0.992, 0.992, 0.99425, 0.99425, 0.99475, 0.99475, 0.9955, 0.9955, 0.99575, 0.99575, 0.996, 0.996, 0.9965, 0.9965, 0.997, 0.997, 0.99725, 0.99725, 0.99775, 0.99775, 0.998, 0.998, 0.99825, 0.99825, 0.9985, 0.9985, 0.99875, 0.99875, 0.999, 0.999, 0.99925, 0.99925, 0.9995, 0.9995, 0.99975, 0.99975, 1.0, 1.0]",B (Random +/-1)
Random Forest,B,40,0.99975,0.9999999375,0.42502307891845703,"[0.0, 0.0, 0.0, 0.0, 0.0, 0.0, 0.0, 0.0, 0.0, 0.0, 0.00025, 0.00025, 0.0015, 0.003, 0.00375, 0.00575, 0.00975, 0.0265, 1.0]","[0.0, 0.982, 0.99125, 0.99325, 0.99625, 0.9965, 0.99775, 0.999, 0.9995, 0.99975, 0.99975, 1.0, 1.0, 1.0, 1.0, 1.0, 1.0, 1.0, 1.0]",B (Random +/-1)
Gradient Boosting,B,40,0.999625,0.999625,4.423832654953003,"[0.0, 0.00075, 1.0]","[0.0, 1.0, 1.0]",B (Random +/-1)
Logistic Regression,B,40,0.999875,1.0,0.02512216567993164,"[0.0, 0.0, 0.0, 1.0]","[0.0, 0.00025, 1.0, 1.0]",B (Random +/-1)
SVM,B,40,0.99975,1.0,0.3066890239715576,"[0.0, 0.0, 0.0, 1.0]","[0.0, 0.00025, 1.0, 1.0]",B (Random +/-1)
KNN,B,40,0.99975,0.9998748125000001,0.6025707721710205,"[0.0, 0.0, 0.00025, 0.00025, 0.001, 1.0]","[0.0, 0.9995, 0.9995, 0.99975, 0.99975, 1.0]",B (Random +/-1)
Neural Network,B,40,0.99975,0.9999984375000001,0.6763861179351807,"[0.0, 0.0, 0.0, 0.00625, 0.00625, 1.0]","[0.0, 0.00025, 0.99975, 0.99975, 1.0, 1.0]",B (Random +/-1)
Random Forest,B,50,1.0,1.0,0.4232008457183838,"[0.0, 0.0, 0.0, 0.0, 0.0, 0.001, 0.002, 0.01025, 1.0]","[0.0, 0.99125, 0.9975, 0.999, 1.0, 1.0, 1.0, 1.0, 1.0]",B (Random +/-1)
Gradient Boosting,B,50,1.0,1.0,3.3064043521881104,"[0.0, 0.0, 1.0]","[0.0, 1.0, 1.0]",B (Random +/-1)
Logistic Regression,B,50,1.0,1.0,0.02309393882751465,"[0.0, 0.0, 0.0, 1.0]","[0.0, 0.00025, 1.0, 1.0]",B (Random +/-1)
SVM,B,50,1.0,1.0,0.20428776741027832,"[0.0, 0.0, 0.0, 1.0]","[0.0, 0.00025, 1.0, 1.0]",B (Random +/-1)
KNN,B,50,1.0,1.0,0.5568897724151611,"[0.0, 0.0, 1.0]","[0.0, 1.0, 1.0]",B (Random +/-1)
Neural Network,B,50,0.999875,1.0,0.5497143268585205,"[0.0, 0.0, 0.0, 1.0]","[0.0, 0.00025, 1.0, 1.0]",B (Random +/-1)
Random Forest,C,10,0.97925,0.9976541875,0.5429685115814209,"[0.0, 0.00025, 0.00075, 0.00125, 0.0015, 0.0015, 0.0015, 0.002, 0.0025, 0.00325, 0.00325, 0.00375, 0.00425, 0.00425, 0.005, 0.00575, 0.006, 0.0065, 0.0075, 0.00775, 0.00775, 0.00825, 0.0085, 0.00875, 0.00875, 0.009, 0.0095, 0.00975, 0.01, 0.0105, 0.01075, 0.01125, 0.0115, 0.01225, 0.01225, 0.013, 0.0135, 0.01375, 0.014, 0.014, 0.01525, 0.016, 0.01625, 0.0165, 0.0165, 0.01775, 0.018, 0.018, 0.018, 0.01875, 0.01875, 0.0195, 0.01975, 0.0205, 0.02125, 0.0215, 0.022, 0.02325, 0.02375, 0.02425, 0.025, 0.027, 0.02825, 0.029, 0.029, 0.02975, 0.03025, 0.0315, 0.032, 0.0325, 0.03375, 0.03575, 0.03725, 0.0375, 0.03875, 0.0415, 0.043, 0.04425, 0.0465, 0.049, 0.05225, 0.05475, 0.058, 0.0605, 0.065, 0.0705, 0.07475, 0.07975, 0.088, 0.09725, 0.111, 0.13025, 0.1575, 0.20125, 0.3155, 1.0]","[0.0, 0.70325, 0.7895, 0.82975, 0.856, 0.87425, 0.887, 0.897, 0.90425, 0.91275, 0.9195, 0.927, 0.9325, 0.936, 0.939, 0.941, 0.94575, 0.94825, 0.9495, 0.95025, 0.95225, 0.954, 0.95625, 0.957, 0.959, 0.96, 0.9605, 0.96125, 0.96175, 0.9625, 0.9635, 0.96425, 0.965, 0.96625, 0.967, 0.96775, 0.9685, 0.969, 0.97025, 0.97075, 0.9715, 0.972, 0.9725, 0.97375, 0.974, 0.975, 0.97575, 0.97625, 0.9765, 0.97725, 0.9775, 0.978, 0.97925, 0.97975, 0.97975, 0.98025, 0.98075, 0.981, 0.98125, 0.98175, 0.98225, 0.98275, 0.983, 0.984, 0.98475, 0.98475, 0.985, 0.985, 0.98525, 0.98575, 0.98625, 0.987, 0.9875, 0.98875, 0.98925, 0.98975, 0.98975, 0.99, 0.9905, 0.99075, 0.99125, 0.99175, 0.992, 0.99275, 0.993, 0.9935, 0.994, 0.99525, 0.99625, 0.997, 0.99775, 0.99825, 0.9985, 0.99925, 0.9995, 1.0]","C (+1 only, Availability)"
Gradient Boosting,C,10,0.98,0.9983038750000001,7.447907209396362,"[0.0, 0.0, 0.0, 0.0, 0.0, 0.0, 0.0, 0.0, 0.0, 0.0, 0.0, 0.0, 0.0, 0.0, 0.0, 0.0, 0.0, 0.0, 0.0, 0.0, 0.0, 0.0, 0.0, 0.0, 0.0, 0.0, 0.0, 0.0, 0.0, 0.0, 0.0, 0.0, 0.0, 0.0, 0.0, 0.0, 0.0, 0.0, 0.0, 0.0, 0.0, 0.0, 0.0, 0.0, 0.0, 0.0, 0.0, 0.0, 0.0, 0.0, 0.0, 0.0, 0.0, 0.0, 0.0, 0.0, 0.0, 0.0, 0.0, 0.0, 0.0, 0.0, 0.0, 0.0, 0.0, 0.0, 0.0, 0.0, 0.0, 0.0, 0.0, 0.0, 0.0, 0.0, 0.0, 0.0, 0.0, 0.0, 0.0, 0.0, 0.0, 0.0, 0.0, 0.0, 0.0, 0.0, 0.0, 0.0, 0.0, 0.0, 0.0, 0.0, 0.0, 0.0, 0.0, 0.0, 0.0, 0.0, 0.0, 0.0, 0.0, 0.0, 0.0, 0.0, 0.0, 0.0, 0.0, 0.0, 0.0, 0.0, 0.0, 0.0, 0.0, 0.0, 0.0, 0.0, 0.0, 0.0, 0.0, 0.0, 0.0, 0.0, 0.0, 0.0, 0.0, 0.0, 0.0, 0.0, 0.0, 0.0, 0.0, 0.0, 0.0, 0.0, 0.0, 0.0, 0.0, 0.0, 0.0, 0.0, 0.0, 0.0, 0.0, 0.0, 0.0, 0.0, 0.0, 0.0, 0.0, 0.0, 0.0, 0.0, 0.0, 0.0, 0.0, 0.0, 0.0, 0.0, 0.0, 0.0, 0.0, 0.0, 0.0, 0.0, 0.0, 0.0, 0.0, 0.0, 0.0, 0.0, 0.0, 0.0, 0.0, 0.0, 0.0, 0.0, 0.0, 0.0, 0.0, 0.0, 0.0, 0.0, 0.0, 0.0, 0.0, 0.0, 0.0, 0.0, 0.0, 0.0, 0.0, 0.0, 0.0, 0.0, 0.0, 0.0, 0.0, 0.0, 0.0, 0.0, 0.0, 0.0, 0.0, 0.0, 0.0, 0.0, 0.0, 0.0, 0.0, 0.0, 0.0, 0.0, 0.0, 0.0, 0.0, 0.0, 0.0, 0.0, 0.0, 0.0, 0.0, 0.0, 0.0, 0.0, 0.0, 0.0, 0.0, 0.0, 0.0, 0.0, 0.0, 0.0, 0.0, 0.0, 0.0, 0.0, 0.0, 0.0, 0.0, 0.0, 0.0, 0.0, 0.0, 0.0, 0.0, 0.0, 0.0, 0.0, 0.0, 0.0, 0.0, 0.0, 0.0, 0.0, 0.0, 0.0, 0.0, 0.0, 0.0, 0.0, 0.0, 0.0, 0.0, 0.0, 0.0, 0.0, 0.0, 0.0, 0.0, 0.0, 0.0, 0.0, 0.0, 0.0, 0.0, 0.0, 0.0, 0.0, 0.0, 0.0, 0.0, 0.0, 0.0, 0.0, 0.0, 0.0, 0.0, 0.0, 0.0, 0.0, 0.0, 0.0, 0.0, 0.0, 0.0, 0.0, 0.0, 0.0, 0.0, 0.0, 0.0, 0.0, 0.0, 0.0, 0.0, 0.0, 0.0, 0.0, 0.0, 0.0, 0.0, 0.0, 0.0, 0.0, 0.0, 0.0, 0.0, 0.0, 0.0, 0.0, 0.0, 0.0, 0.0, 0.0, 0.0, 0.0, 0.0, 0.0, 0.0, 0.0, 0.0, 0.0, 0.0, 0.0, 0.0, 0.0, 0.0, 0.0, 0.0, 0.0, 0.0, 0.0, 0.0, 0.0, 0.0, 0.0, 0.0, 0.0, 0.0, 0.0, 0.0, 0.0, 0.0, 0.0, 0.0, 0.0, 0.0, 0.0, 0.0, 0.0, 0.0, 0.0, 0.0, 0.0, 0.0, 0.0, 0.0, 0.0, 0.0, 0.0, 0.0, 0.0, 0.0, 0.0, 0.0, 0.0, 0.0, 0.0, 0.0, 0.0, 0.0, 0.0, 0.0, 0.0, 0.0, 0.0, 0.0, 0.0, 0.0, 0.0, 0.0, 0.0, 0.0, 0.0, 0.0, 0.0, 0.0, 0.0, 0.0, 0.0, 0.0, 0.0, 0.0, 0.0, 0.0, 0.0, 0.0, 0.0, 0.0, 0.0, 0.0, 0.0, 0.0, 0.0, 0.0, 0.0, 0.0, 0.0, 0.0, 0.0, 0.0, 0.0, 0.0, 0.0, 0.0, 0.0, 0.0, 0.0, 0.0, 0.0, 0.0, 0.0, 0.0, 0.0, 0.0, 0.0, 0.0, 0.0, 0.0, 0.0, 0.0, 0.0, 0.0, 0.0, 0.0, 0.0, 0.0, 0.0, 0.0, 0.0, 0.0, 0.0, 0.0, 0.0, 0.0, 0.0, 0.0, 0.0, 0.0, 0.0, 0.0, 0.0, 0.0, 0.0, 0.0, 0.0, 0.0, 0.0, 0.0, 0.0, 0.0, 0.0, 0.0, 0.0, 0.0, 0.0, 0.0, 0.0, 0.0, 0.0, 0.0, 0.0, 0.0, 0.0, 0.0, 0.0, 0.0, 0.00025, 0.00025, 0.00025, 0.00025, 0.00025, 0.00025, 0.00025, 0.00025, 0.00025, 0.00025, 0.00025, 0.00025, 0.00025, 0.00025, 0.0005, 0.0005, 0.0005, 0.0005, 0.0005, 0.0005, 0.0005, 0.0005, 0.0005, 0.0005, 0.0005, 0.0005, 0.00075, 0.00075, 0.001, 0.001, 0.00125, 0.00125, 0.00125, 0.00125, 0.0015, 0.0015, 0.00175, 0.00175, 0.002, 0.002, 0.00225, 0.00225, 0.0025, 0.0025, 0.003, 0.003, 0.00325, 0.00325, 0.0035, 0.0035, 0.00375, 0.00375, 0.004, 0.004, 0.00425, 0.00425, 0.0045, 0.0045, 0.00475, 0.00475, 0.005, 0.005, 0.00525, 0.00525, 0.0055, 0.0055, 0.006, 0.006, 0.00625, 0.00625, 0.0065, 0.0065, 0.00675, 0.00675, 0.007, 0.007, 0.00725, 0.00725, 0.0075, 0.0075, 0.00775, 0.00775, 0.008, 0.008, 0.00825, 0.00825, 0.0085, 0.0085, 0.009, 0.009, 0.00925, 0.00925, 0.0095, 0.0095, 0.00975, 0.00975, 0.01, 0.01, 0.01025, 0.01025, 0.0105, 0.0105, 0.011, 0.011, 0.01125, 0.01125, 0.0115, 0.0115, 0.012, 0.012, 0.01225, 0.01225, 0.01275, 0.01275, 0.013, 0.013, 0.01325, 0.01325, 0.0135, 0.0135, 0.01375, 0.01375, 0.014, 0.014, 0.01475, 0.01475, 0.015, 0.015, 0.01525, 0.01525, 0.01575, 0.01575, 0.017, 0.017, 0.01725, 0.01725, 0.0175, 0.0175, 0.01775, 0.01775, 0.018, 0.018, 0.01825, 0.01825, 0.0185, 0.0185, 0.019, 0.019, 0.0195, 0.0195, 0.02025, 0.02025, 0.021, 0.021, 0.0215, 0.0215, 0.02275, 0.02275, 0.023, 0.023, 0.0235, 0.0235, 0.02375, 0.02375, 0.02425, 0.02425, 0.0245, 0.0245, 0.02475, 0.02475, 0.025, 0.025, 0.0255, 0.0255, 0.026, 0.026, 0.02625, 0.02625, 0.02725, 0.02725, 0.0275, 0.0275, 0.028, 0.028, 0.02825, 0.02825, 0.0285, 0.0285, 0.0295, 0.0295, 0.03, 0.03, 0.03025, 0.03025, 0.0305, 0.0305, 0.03525, 0.03525, 0.03675, 0.03675, 0.0375, 0.0375, 0.03875, 0.03875, 0.04025, 0.04025, 0.04125, 0.04125, 0.043, 0.043, 0.04325, 0.04325, 0.04375, 0.04375, 0.04425, 0.04425, 0.0445, 0.0445, 0.045, 0.045, 0.04975, 0.04975, 0.0505, 0.0505, 0.0515, 0.0515, 0.0535, 0.0535, 0.05425, 0.05425, 0.0545, 0.0545, 0.0575, 0.0575, 0.059, 0.059, 0.06, 0.06, 0.06025, 0.06025, 0.06125, 0.06125, 0.0615, 0.0615, 0.06225, 0.06225, 0.063, 0.063, 0.0655, 0.0655, 0.06575, 0.06575, 0.066, 0.066, 0.067, 0.067, 0.0675, 0.0675, 0.06975, 0.07025, 0.07125, 0.07125, 0.08025, 0.08025, 0.09125, 0.09125, 0.0925, 0.0925, 0.099, 0.099, 0.102, 0.102, 0.1175, 0.1175, 0.118, 0.123, 0.123, 0.127, 0.127, 0.12925, 0.12925, 0.137, 0.137, 0.14825, 0.14875, 0.1595, 0.16, 0.16025, 0.16075, 0.19325, 0.19375, 0.22, 0.2205, 0.226, 0.226, 0.2265, 0.227, 0.2275, 0.2285, 0.229, 0.234, 0.2345, 0.24575, 0.24625, 0.2945, 0.295, 0.301, 0.302, 0.311, 0.3115, 0.32075, 0.322, 0.3225, 0.3335, 0.334, 0.34, 0.34075, 0.3425, 0.343, 0.35175, 0.35225, 0.353, 0.3535, 0.3545, 0.35525, 0.35725, 0.35775, 0.3635, 0.364, 0.366, 0.3665, 0.3725, 0.373, 0.3735, 0.374, 0.38, 0.381, 0.38125, 0.38175, 0.383, 0.384, 0.385, 0.3855, 0.393, 0.3935, 0.39625, 0.397, 0.4, 0.4005, 0.402, 0.40275, 0.405, 0.4055, 0.4075, 0.408, 0.4125, 0.4135, 0.41525, 0.41575, 0.4165, 0.417, 0.41725, 0.418, 0.41825, 0.41875, 0.42075, 0.4215, 0.422, 0.42275, 0.4245, 0.425, 0.4275, 0.428, 0.429, 0.42975, 0.43225, 0.43275, 0.4335, 0.434, 0.4355, 0.4365, 0.439, 0.44, 0.44025, 0.443, 0.4435, 0.444, 0.4445, 0.4465, 0.447, 0.457, 0.4575, 0.45825, 0.45875, 0.46225, 0.46275, 0.46325, 0.464, 0.46425, 0.465, 0.46525, 0.46575, 0.46625, 0.467, 0.46925, 0.47, 0.473, 0.4735, 0.47425, 0.47525, 0.47675, 0.47725, 0.4805, 0.48125, 0.483, 0.4835, 0.4845, 0.48625, 0.48775, 0.48825, 0.4885, 0.4895, 0.48975, 0.49025, 0.49075, 0.49125, 0.492, 0.494, 0.4975, 0.498, 0.4985, 0.49925, 0.502, 0.51025, 0.512, 0.514, 0.51475, 0.515, 0.5155, 0.51575, 0.51625, 0.51675, 0.51775, 0.51825, 0.51875, 0.519, 0.5195, 0.5205, 0.521, 0.5215, 0.5225, 0.52375, 0.52475, 0.52525, 0.5255, 0.52625, 0.52675, 0.52825, 0.53, 0.5305, 0.531, 0.533, 0.534, 0.53425, 0.53475, 0.5355, 0.536, 0.53675, 0.5375, 0.54075, 0.54125, 0.54175, 0.54225, 0.54275, 0.5435, 0.54525, 0.54575, 0.546, 0.5465, 0.5485, 0.552, 0.55325, 0.554, 0.55525, 0.55575, 0.55625, 0.55675, 0.55775, 0.55825, 0.5585, 0.559, 0.564, 0.5645, 0.5665, 0.567, 0.56725, 0.568, 0.5685, 0.57075, 0.57125, 0.57175, 0.57225, 0.57275, 0.57425, 0.5745, 0.575, 0.57675, 0.57775, 0.57875, 0.579, 0.5795, 0.58075, 0.58125, 0.5815, 0.5825, 0.58275, 0.584, 0.5845, 0.58525, 0.58825, 0.58875, 0.5895, 0.591, 0.59125, 0.592, 0.5925, 0.59325, 0.59375, 0.5945, 0.5955, 0.59575, 0.59625, 0.5965, 0.597, 0.59775, 0.59875, 0.5995, 0.6015, 0.602, 0.60225, 0.6045, 0.606, 0.6065, 0.60775, 0.60825, 0.609, 0.6125, 0.614, 0.61475, 0.615, 0.6155, 0.616, 0.6165, 0.61725, 0.61775, 0.61975, 0.62075, 0.62125, 0.62225, 0.6245, 0.627, 0.62975, 0.6305, 0.631, 0.6315, 0.63225, 0.6325, 0.63325, 0.63425, 0.635, 0.63525, 0.63575, 0.6375, 0.64, 0.641, 0.6425, 0.6435, 0.6445, 0.64575, 0.64625, 0.6465, 0.647, 0.6475, 0.65325, 0.65425, 0.65475, 0.65575, 0.65725, 0.65825, 0.65875, 0.65925, 0.66, 0.6605, 0.661, 0.66175, 0.6635, 0.66375, 0.6645, 0.66625, 0.6665, 0.66725, 0.669, 0.66975, 0.671, 0.67275, 0.67325, 0.67475, 0.67525, 0.6755, 0.6775, 0.6785, 0.6805, 0.6815, 0.68375, 0.68475, 0.68725, 0.68775, 0.6885, 0.69025, 0.69075, 0.69225, 0.6925, 0.69325, 0.694, 0.696, 0.6965, 0.69725, 0.6975, 0.699, 0.7, 0.70025, 0.70125, 0.704, 0.70625, 0.70725, 0.70975, 0.712, 0.71225, 0.713, 0.714, 0.71425, 0.715, 0.7155, 0.71625, 0.71675, 0.71725, 0.7175, 0.718, 0.71825, 0.722, 0.7225, 0.7235, 0.72475, 0.725, 0.7255, 0.72675, 0.72725, 0.7285, 0.72975, 0.755, 0.757, 0.7695, 0.77025, 0.771, 0.77125, 0.772, 0.7725, 0.773, 0.77325, 0.77375, 0.77425, 0.77675, 0.7775, 0.77825, 0.7795, 0.78025, 0.78075, 0.78225, 0.78325, 0.78375, 0.785, 0.78675, 0.78775, 0.79375, 0.794, 0.7945, 0.796, 0.79675, 0.79975, 0.80025, 0.80575, 0.80625, 0.807, 0.815, 0.81575, 0.816, 0.81925, 0.8205, 0.8235, 0.82425, 0.82575, 0.826, 0.8265, 0.827, 0.82775, 0.828, 0.82925, 0.82975, 0.83175, 0.833, 0.8345, 0.83475, 0.8355, 0.838, 0.83825, 0.8405, 0.841, 0.84125, 0.842, 0.8455, 0.846, 0.84625, 0.84725, 0.848, 0.84875, 0.84975, 0.85125, 0.85175, 0.852, 0.8525, 0.86025, 0.86375, 0.86425, 0.865, 0.86625, 0.86975, 0.87025, 0.8705, 0.87225, 0.87275, 0.873, 0.874, 0.87425, 0.87525, 0.8755, 0.8765, 0.877, 0.8775, 0.878, 0.911, 0.924, 0.9245, 0.92525, 0.92675, 0.928, 0.9285, 0.92975, 0.93, 0.93075, 0.931, 0.9315, 0.93175, 0.9325, 0.93425, 0.93475, 0.93625, 0.9465, 0.94775, 0.94825, 0.9535, 0.9665, 0.972, 0.97325, 0.97425, 0.97475, 0.9765, 0.98, 0.9805, 0.98225, 0.983, 0.9835, 0.98375, 0.98425, 0.98525, 0.9855, 0.986, 0.9865, 0.988, 0.98975, 0.991, 0.9915, 0.99225, 0.99275, 0.99325, 0.99425, 0.99475, 0.9955, 0.996, 0.9965, 0.99725, 0.99775, 1.0]","[0.0, 0.00025, 0.001, 0.0015, 0.002, 0.0025, 0.00375, 0.006, 0.0075, 0.00775, 0.0085, 0.00875, 0.00925, 0.0095, 0.01975, 0.02025, 0.0215, 0.022, 0.0255, 0.026, 0.0265, 0.02675, 0.02775, 0.02825, 0.02875, 0.02925, 0.0295, 0.032, 0.034, 0.03425, 0.03475, 0.03575, 0.0365, 0.037, 0.0375, 0.03875, 0.04, 0.04175, 0.042, 0.043, 0.04325, 0.04425, 0.04525, 0.046, 0.04625, 0.04675, 0.047, 0.05925, 0.06025, 0.06125, 0.06175, 0.06225, 0.064, 0.0645, 0.06625, 0.06675, 0.06775, 0.0685, 0.0745, 0.0765, 0.077, 0.07725, 0.078, 0.07925, 0.08075, 0.08125, 0.08175, 0.0825, 0.08325, 0.08475, 0.08575, 0.0885, 0.08875, 0.0905, 0.09125, 0.0925, 0.093, 0.0935, 0.09525, 0.09575, 0.097, 0.098, 0.09875, 0.0995, 0.09975, 0.12325, 0.12525, 0.126, 0.12625, 0.12675, 0.128, 0.1285, 0.129, 0.13125, 0.13175, 0.132, 0.133, 0.13425, 0.1505, 0.15075, 0.15125, 0.15175, 0.15225, 0.153, 0.15375, 0.15425, 0.155, 0.1565, 0.15775, 0.158, 0.15975, 0.16075, 0.16175, 0.16225, 0.16425, 0.1655, 0.16625, 0.1735, 0.174, 0.1745, 0.175, 0.176, 0.1765, 0.17825, 0.17875, 0.1795, 0.182, 0.18275, 0.18325, 0.18525, 0.18575, 0.18725, 0.188, 0.22125, 0.222, 0.2225, 0.223, 0.22425, 0.22475, 0.22575, 0.226, 0.2265, 0.22775, 0.22825, 0.22875, 0.23325, 0.234, 0.23425, 0.23575, 0.236, 0.24225, 0.24275, 0.24425, 0.245, 0.2455, 0.24575, 0.2465, 0.247, 0.24775, 0.24925, 0.24975, 0.25, 0.2555, 0.2585, 0.26075, 0.26125, 0.263, 0.2635, 0.2645, 0.26525, 0.26575, 0.2665, 0.26875, 0.27, 0.2705, 0.2715, 0.272, 0.27225, 0.274, 0.2745, 0.275, 0.2755, 0.27625, 0.27675, 0.277, 0.27775, 0.2795, 0.281, 0.282, 0.28825, 0.28925, 0.29, 0.29175, 0.2925, 0.294, 0.29675, 0.29725, 0.299, 0.3, 0.302, 0.303, 0.31475, 0.31525, 0.318, 0.31875, 0.3205, 0.321, 0.3215, 0.32175, 0.32275, 0.323, 0.326, 0.3265, 0.32675, 0.3335, 0.3345, 0.33625, 0.33725, 0.33875, 0.33975, 0.3405, 0.34075, 0.34125, 0.34175, 0.3435, 0.34375, 0.3445, 0.34475, 0.3455, 0.34625, 0.34825, 0.34875, 0.34925, 0.34975, 0.35, 0.3585, 0.359, 0.36, 0.36125, 0.36225, 0.36275, 0.36325, 0.3635, 0.36525, 0.36575, 0.3665, 0.367, 0.3675, 0.37325, 0.37375, 0.37475, 0.375, 0.37575, 0.3765, 0.3785, 0.379, 0.37975, 0.3815, 0.38175, 0.38225, 0.3825, 0.384, 0.3845, 0.38725, 0.3875, 0.3935, 0.39525, 0.39675, 0.39725, 0.398, 0.39925, 0.3995, 0.4, 0.40075, 0.40175, 0.40225, 0.40275, 0.40675, 0.40775, 0.408, 0.4085, 0.41075, 0.4125, 0.413, 0.41575, 0.41725, 0.41775, 0.41925, 0.41975, 0.42, 0.4205, 0.4215, 0.424, 0.42475, 0.42625, 0.42675, 0.432, 0.4325, 0.4335, 0.434, 0.43575, 0.4365, 0.437, 0.438, 0.43925, 0.43975, 0.44075, 0.4415, 0.44175, 0.44225, 0.44325, 0.44375, 0.44475, 0.44575, 0.44625, 0.44725, 0.4475, 0.448, 0.44825, 0.45, 0.4505, 0.455, 0.457, 0.45925, 0.45975, 0.46025, 0.4615, 0.4625, 0.46425, 0.4655, 0.4675, 0.47325, 0.47375, 0.4745, 0.475, 0.4765, 0.477, 0.482, 0.4825, 0.483, 0.489, 0.49, 0.49075, 0.49125, 0.4915, 0.49375, 0.496, 0.49725, 0.498, 0.49875, 0.4995, 0.5025, 0.503, 0.504, 0.5045, 0.5065, 0.507, 0.5085, 0.5105, 0.511, 0.5115, 0.512, 0.51475, 0.51525, 0.516, 0.53, 0.5305, 0.531, 0.53125, 0.53175, 0.533, 0.53375, 0.534, 0.5375, 0.53775, 0.5385, 0.539, 0.53975, 0.54025, 0.54225, 0.54325, 0.546, 0.54675, 0.5475, 0.548, 0.5485, 0.549, 0.55075, 0.5515, 0.552, 0.553, 0.554, 0.5545, 0.5565, 0.557, 0.559, 0.5595, 0.561, 0.5615, 0.562, 0.5635, 0.56525, 0.5705, 0.571, 0.57175, 0.5745, 0.575, 0.57875, 0.57925, 0.58075, 0.58225, 0.583, 0.5835, 0.5845, 0.58525, 0.58825, 0.5895, 0.59125, 0.59175, 0.59275, 0.59325, 0.59475, 0.5955, 0.5995, 0.6, 0.60025, 0.60075, 0.6015, 0.602, 0.60475, 0.60525, 0.6065, 0.60725, 0.60825, 0.611, 0.61175, 0.618, 0.6195, 0.62125, 0.62175, 0.6235, 0.624, 0.62425, 0.62475, 0.63, 0.63125, 0.63175, 0.63225, 0.6335, 0.634, 0.63475, 0.6355, 0.6395, 0.64, 0.648, 0.649, 0.64925, 0.651, 0.65475, 0.6555, 0.65725, 0.6585, 0.66, 0.6605, 0.6625, 0.6635, 0.664, 0.6645, 0.66525, 0.66675, 0.66725, 0.668, 0.66875, 0.66975, 0.67025, 0.67325, 0.67375, 0.67975, 0.68025, 0.68275, 0.68325, 0.6845, 0.685, 0.68875, 0.68925, 0.6905, 0.6915, 0.6915, 0.69825, 0.69875, 0.70175, 0.70225, 0.70575, 0.7065, 0.70725, 0.70775, 0.709, 0.7095, 0.7125, 0.713, 0.74475, 0.74475, 0.748, 0.7485, 0.76525, 0.76575, 0.79725, 0.79775, 0.79975, 0.80025, 0.83, 0.8305, 0.8395, 0.8395, 0.84075, 0.84075, 0.85175, 0.85175, 0.859, 0.8595, 0.862, 0.862, 0.872, 0.872, 0.88875, 0.88875, 0.8915, 0.8915, 0.894, 0.894, 0.8965, 0.8965, 0.92425, 0.92425, 0.93, 0.93, 0.933, 0.933, 0.942, 0.942, 0.94425, 0.94425, 0.94575, 0.94575, 0.946, 0.946, 0.94675, 0.94675, 0.95075, 0.95075, 0.951, 0.951, 0.95175, 0.95175, 0.953, 0.953, 0.9545, 0.9545, 0.9555, 0.9555, 0.956, 0.956, 0.95625, 0.95625, 0.957, 0.957, 0.95725, 0.95725, 0.9575, 0.9575, 0.95775, 0.95775, 0.96075, 0.96075, 0.961, 0.961, 0.9615, 0.9615, 0.96175, 0.96175, 0.9625, 0.9625, 0.963, 0.963, 0.964, 0.964, 0.96475, 0.96475, 0.96525, 0.96525, 0.96575, 0.96575, 0.96625, 0.96625, 0.967, 0.967, 0.96725, 0.96725, 0.97, 0.97, 0.97025, 0.97025, 0.97125, 0.97125, 0.972, 0.972, 0.9725, 0.9725, 0.9735, 0.9735, 0.97375, 0.97375, 0.974, 0.974, 0.9745, 0.9745, 0.97525, 0.97525, 0.976, 0.976, 0.97675, 0.97675, 0.97725, 0.97725, 0.9775, 0.9775, 0.978, 0.978, 0.97825, 0.97825, 0.9785, 0.9785, 0.97875, 0.97875, 0.979, 0.979, 0.9795, 0.9795, 0.97975, 0.97975, 0.98, 0.98, 0.98025, 0.98025, 0.981, 0.981, 0.98125, 0.98125, 0.9815, 0.9815, 0.9825, 0.9825, 0.98275, 0.98275, 0.983, 0.983, 0.98325, 0.98325, 0.9835, 0.9835, 0.98375, 0.98375, 0.984, 0.984, 0.98425, 0.98425, 0.9845, 0.9845, 0.98475, 0.98475, 0.985, 0.985, 0.98575, 0.98575, 0.986, 0.986, 0.98675, 0.98675, 0.987, 0.987, 0.98725, 0.98725, 0.9875, 0.9875, 0.98775, 0.98775, 0.988, 0.988, 0.98825, 0.98825, 0.9885, 0.9885, 0.989, 0.989, 0.98925, 0.98925, 0.9895, 0.9895, 0.98975, 0.98975, 0.99075, 0.99075, 0.991, 0.991, 0.9915, 0.9915, 0.99175, 0.99175, 0.992, 0.992, 0.99225, 0.99225, 0.9925, 0.9925, 0.993, 0.993, 0.99325, 0.99325, 0.9935, 0.9935, 0.99375, 0.99375, 0.994, 0.994, 0.99425, 0.99425, 0.9945, 0.9945, 0.99475, 0.99475, 0.995, 0.995, 0.99525, 0.99525, 0.9955, 0.9955, 0.99575, 0.99575, 0.996, 0.996, 0.99625, 0.99625, 0.99675, 0.99675, 0.997, 0.997, 0.997, 0.997, 0.99725, 0.99725, 0.9975, 0.9975, 0.99775, 0.99775, 0.998, 0.998, 0.99825, 0.99825, 0.9985, 0.9985, 0.99875, 0.99875, 0.99875, 0.999, 0.999, 0.99925, 0.99925, 0.9995, 0.9995, 0.99975, 0.99975, 0.99975, 0.99975, 0.99975, 0.99975, 0.99975, 0.99975, 0.99975, 0.99975, 0.99975, 0.99975, 1.0, 1.0, 1.0, 1.0, 1.0, 1.0, 1.0, 1.0, 1.0, 1.0, 1.0, 1.0, 1.0, 1.0, 1.0, 1.0, 1.0, 1.0, 1.0, 1.0, 1.0, 1.0, 1.0, 1.0, 1.0, 1.0, 1.0, 1.0, 1.0, 1.0, 1.0, 1.0, 1.0, 1.0, 1.0, 1.0, 1.0, 1.0, 1.0, 1.0, 1.0, 1.0, 1.0, 1.0, 1.0, 1.0, 1.0, 1.0, 1.0, 1.0, 1.0, 1.0, 1.0, 1.0, 1.0, 1.0, 1.0, 1.0, 1.0, 1.0, 1.0, 1.0, 1.0, 1.0, 1.0, 1.0, 1.0, 1.0, 1.0, 1.0, 1.0, 1.0, 1.0, 1.0, 1.0, 1.0, 1.0, 1.0, 1.0, 1.0, 1.0, 1.0, 1.0, 1.0, 1.0, 1.0, 1.0, 1.0, 1.0, 1.0, 1.0, 1.0, 1.0, 1.0, 1.0, 1.0, 1.0, 1.0, 1.0, 1.0, 1.0, 1.0, 1.0, 1.0, 1.0, 1.0, 1.0, 1.0, 1.0, 1.0, 1.0, 1.0, 1.0, 1.0, 1.0, 1.0, 1.0, 1.0, 1.0, 1.0, 1.0, 1.0, 1.0, 1.0, 1.0, 1.0, 1.0, 1.0, 1.0, 1.0, 1.0, 1.0, 1.0, 1.0, 1.0, 1.0, 1.0, 1.0, 1.0, 1.0, 1.0, 1.0, 1.0, 1.0, 1.0, 1.0, 1.0, 1.0, 1.0, 1.0, 1.0, 1.0, 1.0, 1.0, 1.0, 1.0, 1.0, 1.0, 1.0, 1.0, 1.0, 1.0, 1.0, 1.0, 1.0, 1.0, 1.0, 1.0, 1.0, 1.0, 1.0, 1.0, 1.0, 1.0, 1.0, 1.0, 1.0, 1.0, 1.0, 1.0, 1.0, 1.0, 1.0, 1.0, 1.0, 1.0, 1.0, 1.0, 1.0, 1.0, 1.0, 1.0, 1.0, 1.0, 1.0, 1.0, 1.0, 1.0, 1.0, 1.0, 1.0, 1.0, 1.0, 1.0, 1.0, 1.0, 1.0, 1.0, 1.0, 1.0, 1.0, 1.0, 1.0, 1.0, 1.0, 1.0, 1.0, 1.0, 1.0, 1.0, 1.0, 1.0, 1.0, 1.0, 1.0, 1.0, 1.0, 1.0, 1.0, 1.0, 1.0, 1.0, 1.0, 1.0, 1.0, 1.0, 1.0, 1.0, 1.0, 1.0, 1.0, 1.0, 1.0, 1.0, 1.0, 1.0, 1.0, 1.0, 1.0, 1.0, 1.0, 1.0, 1.0, 1.0, 1.0, 1.0, 1.0, 1.0, 1.0, 1.0, 1.0, 1.0, 1.0, 1.0, 1.0, 1.0, 1.0, 1.0, 1.0, 1.0, 1.0, 1.0, 1.0, 1.0, 1.0, 1.0, 1.0, 1.0, 1.0, 1.0, 1.0, 1.0, 1.0, 1.0, 1.0, 1.0, 1.0, 1.0, 1.0, 1.0, 1.0, 1.0, 1.0, 1.0, 1.0, 1.0, 1.0, 1.0, 1.0, 1.0, 1.0, 1.0, 1.0, 1.0, 1.0, 1.0, 1.0, 1.0, 1.0, 1.0, 1.0, 1.0, 1.0, 1.0, 1.0, 1.0, 1.0, 1.0, 1.0, 1.0, 1.0, 1.0, 1.0, 1.0, 1.0, 1.0, 1.0, 1.0, 1.0, 1.0, 1.0, 1.0, 1.0, 1.0, 1.0, 1.0, 1.0, 1.0, 1.0, 1.0, 1.0, 1.0, 1.0, 1.0, 1.0, 1.0, 1.0, 1.0, 1.0, 1.0, 1.0, 1.0, 1.0, 1.0, 1.0, 1.0, 1.0, 1.0, 1.0, 1.0, 1.0, 1.0, 1.0, 1.0, 1.0, 1.0, 1.0, 1.0, 1.0, 1.0, 1.0, 1.0, 1.0, 1.0, 1.0, 1.0, 1.0, 1.0, 1.0, 1.0, 1.0, 1.0, 1.0, 1.0, 1.0, 1.0, 1.0, 1.0, 1.0, 1.0, 1.0, 1.0, 1.0, 1.0, 1.0, 1.0, 1.0, 1.0, 1.0, 1.0, 1.0, 1.0, 1.0, 1.0, 1.0, 1.0, 1.0, 1.0, 1.0, 1.0, 1.0, 1.0, 1.0, 1.0, 1.0, 1.0, 1.0, 1.0, 1.0, 1.0, 1.0, 1.0, 1.0, 1.0, 1.0, 1.0, 1.0, 1.0, 1.0, 1.0, 1.0, 1.0, 1.0, 1.0, 1.0, 1.0, 1.0, 1.0, 1.0, 1.0, 1.0, 1.0, 1.0, 1.0, 1.0, 1.0, 1.0, 1.0, 1.0, 1.0, 1.0, 1.0, 1.0, 1.0, 1.0, 1.0, 1.0, 1.0, 1.0, 1.0, 1.0, 1.0, 1.0, 1.0, 1.0, 1.0, 1.0, 1.0, 1.0, 1.0, 1.0, 1.0, 1.0, 1.0, 1.0, 1.0, 1.0, 1.0, 1.0, 1.0, 1.0, 1.0, 1.0, 1.0, 1.0, 1.0, 1.0, 1.0, 1.0, 1.0, 1.0, 1.0, 1.0, 1.0, 1.0, 1.0, 1.0, 1.0, 1.0, 1.0, 1.0, 1.0, 1.0, 1.0, 1.0, 1.0, 1.0, 1.0]","C (+1 only, Availability)"
Logistic Regression,C,10,0.97975,0.9984428125000001,0.028847694396972656,"[0.0, 0.0, 0.0, 0.00025, 0.00025, 0.0005, 0.0005, 0.00075, 0.00075, 0.001, 0.001, 0.00125, 0.00125, 0.0015, 0.0015, 0.00175, 0.00175, 0.002, 0.002, 0.00225, 0.00225, 0.0025, 0.0025, 0.00275, 0.00275, 0.003, 0.003, 0.00325, 0.00325, 0.0035, 0.0035, 0.00375, 0.00375, 0.004, 0.004, 0.00425, 0.00425, 0.0045, 0.0045, 0.00475, 0.00475, 0.005, 0.005, 0.00525, 0.00525, 0.006, 0.006, 0.00625, 0.00625, 0.0065, 0.0065, 0.00675, 0.00675, 0.007, 0.007, 0.0075, 0.0075, 0.00775, 0.00775, 0.008, 0.008, 0.00825, 0.00825, 0.0085, 0.0085, 0.009, 0.009, 0.00925, 0.00925, 0.0095, 0.0095, 0.00975, 0.00975, 0.01, 0.01, 0.01075, 0.01075, 0.011, 0.011, 0.01175, 0.01175, 0.0125, 0.0125, 0.01275, 0.01275, 0.013, 0.013, 0.01325, 0.01325, 0.0135, 0.0135, 0.01425, 0.01425, 0.0145, 0.0145, 0.01475, 0.01475, 0.015, 0.015, 0.01525, 0.01525, 0.01575, 0.01575, 0.0165, 0.0165, 0.01725, 0.01725, 0.0175, 0.0175, 0.018, 0.018, 0.01825, 0.01825, 0.01875, 0.01875, 0.019, 0.019, 0.01925, 0.01925, 0.0195, 0.0195, 0.01975, 0.01975, 0.02, 0.02, 0.02175, 0.02175, 0.02225, 0.02225, 0.02275, 0.02275, 0.023, 0.023, 0.0235, 0.0235, 0.02425, 0.02425, 0.02475, 0.02475, 0.025, 0.025, 0.026, 0.026, 0.02625, 0.02625, 0.02825, 0.02825, 0.0285, 0.0285, 0.029, 0.029, 0.0295, 0.0295, 0.02975, 0.02975, 0.03075, 0.03075, 0.03175, 0.03175, 0.033, 0.033, 0.03425, 0.03425, 0.03625, 0.03625, 0.037, 0.037, 0.038, 0.038, 0.03825, 0.03825, 0.0405, 0.0405, 0.04075, 0.04075, 0.0435, 0.0435, 0.04375, 0.04375, 0.0455, 0.0455, 0.04575, 0.04575, 0.046, 0.046, 0.04625, 0.04625, 0.047, 0.047, 0.04725, 0.04725, 0.04875, 0.04875, 0.04975, 0.04975, 0.05375, 0.05375, 0.056, 0.056, 0.05725, 0.05725, 0.0575, 0.0575, 0.0585, 0.0585, 0.062, 0.062, 0.063, 0.063, 0.06325, 0.06325, 0.06725, 0.06725, 0.07, 0.07, 0.0785, 0.0785, 0.07875, 0.07875, 0.07925, 0.07925, 0.09475, 0.09475, 0.0995, 0.0995, 0.09975, 0.09975, 0.11575, 0.11575, 0.13125, 0.13125, 0.15525, 0.15525, 0.15675, 0.15675, 0.186, 0.186, 1.0]","[0.0, 0.00025, 0.71875, 0.71875, 0.77825, 0.77825, 0.83675, 0.83675, 0.851, 0.851, 0.86675, 0.86675, 0.89475, 0.89475, 0.8995, 0.8995, 0.9, 0.9, 0.911, 0.911, 0.92175, 0.92175, 0.923, 0.923, 0.93575, 0.93575, 0.9375, 0.9375, 0.93875, 0.93875, 0.941, 0.941, 0.9435, 0.9435, 0.9455, 0.9455, 0.94625, 0.94625, 0.94725, 0.94725, 0.949, 0.949, 0.94975, 0.94975, 0.953, 0.953, 0.95425, 0.95425, 0.956, 0.956, 0.9565, 0.9565, 0.957, 0.957, 0.958, 0.958, 0.95875, 0.95875, 0.96, 0.96, 0.9605, 0.9605, 0.961, 0.961, 0.96125, 0.96125, 0.962, 0.962, 0.9635, 0.9635, 0.96425, 0.96425, 0.96725, 0.96725, 0.9675, 0.9675, 0.9685, 0.9685, 0.9695, 0.9695, 0.96975, 0.96975, 0.97, 0.97, 0.971, 0.971, 0.97175, 0.97175, 0.9725, 0.9725, 0.97275, 0.97275, 0.97325, 0.97325, 0.9735, 0.9735, 0.97425, 0.97425, 0.9745, 0.9745, 0.97475, 0.97475, 0.97525, 0.97525, 0.976, 0.976, 0.9765, 0.9765, 0.97675, 0.97675, 0.978, 0.978, 0.97825, 0.97825, 0.97875, 0.97875, 0.979, 0.979, 0.97925, 0.97925, 0.9795, 0.9795, 0.97975, 0.97975, 0.98, 0.98, 0.98025, 0.98025, 0.98075, 0.98075, 0.98125, 0.98125, 0.98175, 0.98175, 0.982, 0.982, 0.9825, 0.9825, 0.98275, 0.98275, 0.98325, 0.98325, 0.98425, 0.98425, 0.98525, 0.98525, 0.9855, 0.9855, 0.986, 0.986, 0.9865, 0.9865, 0.98675, 0.98675, 0.9875, 0.9875, 0.98775, 0.98775, 0.988, 0.988, 0.98825, 0.98825, 0.9885, 0.9885, 0.98875, 0.98875, 0.98925, 0.98925, 0.9895, 0.9895, 0.98975, 0.98975, 0.99, 0.99, 0.99025, 0.99025, 0.9905, 0.9905, 0.991, 0.991, 0.99125, 0.99125, 0.99175, 0.99175, 0.992, 0.992, 0.99225, 0.99225, 0.9925, 0.9925, 0.99275, 0.99275, 0.99325, 0.99325, 0.994, 0.994, 0.99425, 0.99425, 0.99475, 0.99475, 0.995, 0.995, 0.9955, 0.9955, 0.99575, 0.99575, 0.996, 0.996, 0.9965, 0.9965, 0.99675, 0.99675, 0.997, 0.997, 0.99725, 0.99725, 0.9975, 0.9975, 0.99775, 0.99775, 0.998, 0.998, 0.99825, 0.99825, 0.9985, 0.9985, 0.99875, 0.99875, 0.999, 0.999, 0.99925, 0.99925, 0.9995, 0.9995, 0.99975, 0.99975, 1.0, 1.0]","C (+1 only, Availability)"
SVM,C,10,0.98,0.998072375,2.2649099826812744,"[0.0, 0.0, 0.0, 0.00025, 0.00025, 0.0005, 0.0005, 0.00075, 0.00075, 0.001, 0.001, 0.00125, 0.00125, 0.0015, 0.0015, 0.00175, 0.00175, 0.002, 0.002, 0.00225, 0.00225, 0.0025, 0.0025, 0.00275, 0.00275, 0.003, 0.003, 0.00325, 0.00325, 0.0035, 0.0035, 0.004, 0.004, 0.00425, 0.00425, 0.0045, 0.0045, 0.00475, 0.00475, 0.005, 0.005, 0.00525, 0.00525, 0.0055, 0.0055, 0.00575, 0.00575, 0.006, 0.006, 0.00625, 0.00625, 0.0065, 0.0065, 0.00675, 0.00675, 0.007, 0.007, 0.0075, 0.0075, 0.008, 0.008, 0.0085, 0.0085, 0.00875, 0.00875, 0.00975, 0.00975, 0.01, 0.01, 0.01075, 0.01075, 0.011, 0.011, 0.01125, 0.01125, 0.0115, 0.0115, 0.01175, 0.01175, 0.01225, 0.01225, 0.0125, 0.0125, 0.01275, 0.01275, 0.013, 0.013, 0.01325, 0.01325, 0.01375, 0.01375, 0.01425, 0.01425, 0.0145, 0.0145, 0.01475, 0.01475, 0.015, 0.015, 0.01525, 0.01525, 0.0155, 0.0155, 0.01575, 0.01575, 0.017, 0.017, 0.01725, 0.01725, 0.0175, 0.0175, 0.01775, 0.01775, 0.018, 0.018, 0.01875, 0.01875, 0.01975, 0.01975, 0.02, 0.02, 0.0205, 0.0205, 0.02075, 0.02075, 0.021, 0.021, 0.02175, 0.02175, 0.02275, 0.02275, 0.02325, 0.02325, 0.0235, 0.0235, 0.02375, 0.02375, 0.024, 0.024, 0.0245, 0.0245, 0.02525, 0.02525, 0.02575, 0.02575, 0.0265, 0.0265, 0.02775, 0.02775, 0.0285, 0.0285, 0.03025, 0.03025, 0.03075, 0.03075, 0.031, 0.031, 0.0315, 0.0315, 0.03175, 0.03175, 0.0335, 0.0335, 0.03425, 0.03425, 0.03475, 0.03475, 0.03525, 0.03525, 0.03625, 0.03625, 0.03725, 0.03725, 0.03775, 0.03775, 0.03825, 0.03825, 0.03925, 0.03925, 0.043, 0.043, 0.04425, 0.04425, 0.04525, 0.04525, 0.04575, 0.04575, 0.046, 0.046, 0.04975, 0.04975, 0.05375, 0.05375, 0.0555, 0.0555, 0.0565, 0.0565, 0.05775, 0.05775, 0.05825, 0.05825, 0.0595, 0.0595, 0.06275, 0.06275, 0.06475, 0.06475, 0.0715, 0.0715, 0.07375, 0.07375, 0.07525, 0.07525, 0.0765, 0.0765, 0.08, 0.08, 0.0835, 0.0835, 0.08525, 0.08525, 0.0915, 0.0915, 0.10175, 0.10175, 0.10375, 0.10375, 0.10625, 0.10625, 0.1125, 0.1125, 0.11525, 0.11525, 0.12175, 0.12175, 0.12275, 0.12275, 0.12525, 0.12525, 0.12775, 0.12775, 0.14975, 0.14975, 0.2035, 0.2035, 0.20375, 0.20375, 1.0]","[0.0, 0.00025, 0.45025, 0.45025, 0.6705, 0.6705, 0.74925, 0.74925, 0.75325, 0.75325, 0.805, 0.805, 0.83, 0.83, 0.85625, 0.85625, 0.885, 0.885, 0.8875, 0.8875, 0.894, 0.894, 0.9095, 0.9095, 0.9115, 0.9115, 0.9195, 0.9195, 0.92175, 0.92175, 0.92975, 0.92975, 0.93225, 0.93225, 0.9335, 0.9335, 0.9365, 0.9365, 0.94175, 0.94175, 0.9425, 0.9425, 0.943, 0.943, 0.944, 0.944, 0.9455, 0.9455, 0.94675, 0.94675, 0.94925, 0.94925, 0.952, 0.952, 0.957, 0.957, 0.95875, 0.95875, 0.959, 0.959, 0.96075, 0.96075, 0.96125, 0.96125, 0.9625, 0.9625, 0.963, 0.963, 0.96325, 0.96325, 0.96475, 0.96475, 0.96525, 0.96525, 0.966, 0.966, 0.9665, 0.9665, 0.967, 0.967, 0.9695, 0.9695, 0.97, 0.97, 0.97075, 0.97075, 0.97175, 0.97175, 0.97225, 0.97225, 0.9725, 0.9725, 0.97275, 0.97275, 0.973, 0.973, 0.9735, 0.9735, 0.97425, 0.97425, 0.975, 0.975, 0.97575, 0.97575, 0.976, 0.976, 0.97625, 0.97625, 0.9765, 0.9765, 0.977, 0.977, 0.9775, 0.9775, 0.97825, 0.97825, 0.9785, 0.9785, 0.97875, 0.97875, 0.979, 0.979, 0.97925, 0.97925, 0.98, 0.98, 0.98025, 0.98025, 0.9805, 0.9805, 0.98125, 0.98125, 0.9815, 0.9815, 0.98175, 0.98175, 0.98225, 0.98225, 0.9825, 0.9825, 0.983, 0.983, 0.984, 0.984, 0.98425, 0.98425, 0.98475, 0.98475, 0.9855, 0.9855, 0.98575, 0.98575, 0.986, 0.986, 0.98625, 0.98625, 0.98675, 0.98675, 0.987, 0.987, 0.98725, 0.98725, 0.9875, 0.9875, 0.98775, 0.98775, 0.988, 0.988, 0.98925, 0.98925, 0.99, 0.99, 0.99025, 0.99025, 0.9905, 0.9905, 0.99075, 0.99075, 0.991, 0.991, 0.99125, 0.99125, 0.9915, 0.9915, 0.99175, 0.99175, 0.992, 0.992, 0.99225, 0.99225, 0.99275, 0.99275, 0.993, 0.993, 0.99325, 0.99325, 0.9935, 0.9935, 0.99375, 0.99375, 0.994, 0.994, 0.99425, 0.99425, 0.99475, 0.99475, 0.995, 0.995, 0.99525, 0.99525, 0.9955, 0.9955, 0.99575, 0.99575, 0.996, 0.996, 0.99625, 0.99625, 0.9965, 0.9965, 0.99675, 0.99675, 0.997, 0.997, 0.99725, 0.99725, 0.9975, 0.9975, 0.99775, 0.99775, 0.998, 0.998, 0.99825, 0.99825, 0.9985, 0.9985, 0.99875, 0.99875, 0.999, 0.999, 0.99925, 0.99925, 0.9995, 0.9995, 0.99975, 0.99975, 1.0, 1.0]","C (+1 only, Availability)"
KNN,C,10,0.975875,0.99293875,0.7775006294250488,"[0.0, 0.00525, 0.0135, 0.02475, 0.03775, 0.08075, 1.0]","[0.0, 0.92075, 0.9625, 0.9765, 0.987, 0.994, 1.0]","C (+1 only, Availability)"
Neural Network,C,10,0.978875,0.9982585625000001,0.7224218845367432,"[0.0, 0.0, 0.0, 0.00025, 0.00025, 0.0005, 0.0005, 0.00075, 0.00075, 0.001, 0.001, 0.00125, 0.00125, 0.0015, 0.0015, 0.00175, 0.00175, 0.002, 0.002, 0.00225, 0.00225, 0.0025, 0.0025, 0.00275, 0.00275, 0.003, 0.003, 0.00325, 0.00325, 0.0035, 0.0035, 0.00375, 0.00375, 0.004, 0.004, 0.00425, 0.00425, 0.00475, 0.00475, 0.00525, 0.00525, 0.0055, 0.0055, 0.00575, 0.00575, 0.006, 0.006, 0.00625, 0.00625, 0.0065, 0.0065, 0.00675, 0.00675, 0.007, 0.007, 0.00725, 0.00725, 0.0075, 0.0075, 0.00775, 0.00775, 0.008, 0.008, 0.0085, 0.0085, 0.009, 0.009, 0.00925, 0.00925, 0.0095, 0.0095, 0.0105, 0.0105, 0.01075, 0.01075, 0.01125, 0.01125, 0.0115, 0.0115, 0.01175, 0.01175, 0.012, 0.012, 0.01225, 0.01225, 0.0125, 0.0125, 0.01325, 0.01325, 0.014, 0.014, 0.01425, 0.01425, 0.0145, 0.0145, 0.01475, 0.01475, 0.01525, 0.01525, 0.01575, 0.01575, 0.01625, 0.01625, 0.017, 0.017, 0.0175, 0.0175, 0.018, 0.018, 0.01825, 0.01825, 0.01875, 0.01875, 0.019, 0.019, 0.01925, 0.01925, 0.01975, 0.01975, 0.02025, 0.02025, 0.0205, 0.0205, 0.02125, 0.02125, 0.02275, 0.02275, 0.023, 0.023, 0.0235, 0.0235, 0.024, 0.024, 0.02425, 0.02425, 0.0245, 0.0245, 0.0255, 0.0255, 0.026, 0.026, 0.02625, 0.02625, 0.02675, 0.02675, 0.027, 0.027, 0.0275, 0.0275, 0.02825, 0.02825, 0.02975, 0.02975, 0.03, 0.03, 0.03225, 0.03225, 0.03325, 0.03325, 0.03375, 0.03375, 0.03525, 0.03525, 0.03575, 0.03575, 0.0365, 0.0365, 0.037, 0.037, 0.03825, 0.03825, 0.039, 0.039, 0.04, 0.04, 0.04075, 0.04075, 0.04225, 0.04225, 0.043, 0.043, 0.04325, 0.04325, 0.044, 0.044, 0.047, 0.047, 0.04725, 0.04725, 0.0475, 0.0475, 0.04775, 0.04775, 0.04825, 0.04825, 0.04975, 0.04975, 0.051, 0.051, 0.0525, 0.0525, 0.053, 0.053, 0.055, 0.055, 0.06, 0.06, 0.061, 0.061, 0.06375, 0.06375, 0.06475, 0.06475, 0.0655, 0.0655, 0.06575, 0.06575, 0.06725, 0.06725, 0.06775, 0.06775, 0.068, 0.068, 0.07075, 0.07075, 0.08225, 0.08225, 0.0965, 0.0965, 0.09825, 0.09825, 0.10625, 0.10625, 0.11775, 0.11775, 0.13625, 0.13625, 0.14225, 0.14225, 0.15125, 0.15125, 0.2025, 0.2025, 0.2045, 0.2045, 0.26175, 0.26175, 1.0]","[0.0, 0.00025, 0.54075, 0.54075, 0.81725, 0.81725, 0.86125, 0.86125, 0.8625, 0.8625, 0.86875, 0.86875, 0.876, 0.876, 0.882, 0.882, 0.8835, 0.8835, 0.903, 0.903, 0.9235, 0.9235, 0.92525, 0.92525, 0.93025, 0.93025, 0.93525, 0.93525, 0.93625, 0.93625, 0.93925, 0.93925, 0.94425, 0.94425, 0.9445, 0.9445, 0.9455, 0.9455, 0.94575, 0.94575, 0.947, 0.947, 0.94775, 0.94775, 0.94975, 0.94975, 0.95275, 0.95275, 0.9535, 0.9535, 0.9545, 0.9545, 0.9555, 0.9555, 0.95675, 0.95675, 0.9585, 0.9585, 0.96025, 0.96025, 0.961, 0.961, 0.962, 0.962, 0.96225, 0.96225, 0.96275, 0.96275, 0.963, 0.963, 0.9635, 0.9635, 0.96425, 0.96425, 0.965, 0.965, 0.96575, 0.96575, 0.966, 0.966, 0.96675, 0.96675, 0.9675, 0.9675, 0.968, 0.968, 0.9685, 0.9685, 0.969, 0.969, 0.96975, 0.96975, 0.97025, 0.97025, 0.9705, 0.9705, 0.97075, 0.97075, 0.97225, 0.97225, 0.973, 0.973, 0.97325, 0.97325, 0.974, 0.974, 0.97425, 0.97425, 0.97475, 0.97475, 0.975, 0.975, 0.97625, 0.97625, 0.977, 0.977, 0.9775, 0.9775, 0.97775, 0.97775, 0.978, 0.978, 0.979, 0.979, 0.9795, 0.9795, 0.97975, 0.97975, 0.98, 0.98, 0.98025, 0.98025, 0.9805, 0.9805, 0.98075, 0.98075, 0.9815, 0.9815, 0.982, 0.982, 0.9825, 0.9825, 0.98325, 0.98325, 0.9835, 0.9835, 0.984, 0.984, 0.9845, 0.9845, 0.98525, 0.98525, 0.9855, 0.9855, 0.98625, 0.98625, 0.9865, 0.9865, 0.9875, 0.9875, 0.98775, 0.98775, 0.988, 0.988, 0.98825, 0.98825, 0.9885, 0.9885, 0.989, 0.989, 0.98925, 0.98925, 0.9895, 0.9895, 0.99, 0.99, 0.99075, 0.99075, 0.991, 0.991, 0.99125, 0.99125, 0.99175, 0.99175, 0.992, 0.992, 0.99225, 0.99225, 0.9925, 0.9925, 0.99275, 0.99275, 0.993, 0.993, 0.99325, 0.99325, 0.9935, 0.9935, 0.994, 0.994, 0.99425, 0.99425, 0.9945, 0.9945, 0.99475, 0.99475, 0.995, 0.995, 0.99525, 0.99525, 0.9955, 0.9955, 0.99575, 0.99575, 0.996, 0.996, 0.99625, 0.99625, 0.9965, 0.9965, 0.99675, 0.99675, 0.997, 0.997, 0.99725, 0.99725, 0.9975, 0.9975, 0.99775, 0.99775, 0.998, 0.998, 0.99825, 0.99825, 0.9985, 0.9985, 0.99875, 0.99875, 0.999, 0.999, 0.99925, 0.99925, 0.9995, 0.9995, 0.99975, 0.99975, 1.0, 1.0]","C (+1 only, Availability)"
Random Forest,C,20,1.0,0.9999999999999999,0.34371256828308105,"[0.0, 0.0, 0.0, 0.0, 0.0, 0.0, 0.0, 0.0, 0.0, 0.00125, 0.00175, 0.00275, 0.0035, 0.004, 0.00675, 0.016, 1.0]","[0.0, 0.98975, 0.99525, 0.9965, 0.9975, 0.998, 0.99825, 0.99875, 1.0, 1.0, 1.0, 1.0, 1.0, 1.0, 1.0, 1.0, 1.0]","C (+1 only, Availability)"
Gradient Boosting,C,20,1.0,1.0,4.44116473197937,"[0.0, 0.0, 1.0]","[0.0, 1.0, 1.0]","C (+1 only, Availability)"
Logistic Regression,C,20,1.0,1.0,0.023681163787841797,"[0.0, 0.0, 0.0, 1.0]","[0.0, 0.00025, 1.0, 1.0]","C (+1 only, Availability)"
SVM,C,20,1.0,1.0,0.1860034465789795,"[0.0, 0.0, 0.0, 1.0]","[0.0, 0.00025, 1.0, 1.0]","C (+1 only, Availability)"
KNN,C,20,1.0,1.0,0.5491845607757568,"[0.0, 0.0, 1.0]","[0.0, 1.0, 1.0]","C (+1 only, Availability)"
Neural Network,C,20,0.999875,1.0,0.5865814685821533,"[0.0, 0.0, 0.0, 1.0]","[0.0, 0.00025, 1.0, 1.0]","C (+1 only, Availability)"
Random Forest,C,30,1.0,0.9999999999999999,0.2966949939727783,"[0.0, 0.0, 0.0, 0.0, 0.0, 0.0, 0.0005, 0.00275, 1.0]","[0.0, 0.99625, 0.99875, 0.99925, 0.9995, 1.0, 1.0, 1.0, 1.0]","C (+1 only, Availability)"
Gradient Boosting,C,30,1.0,1.0,3.1976664066314697,"[0.0, 0.0, 1.0]","[0.0, 1.0, 1.0]","C (+1 only, Availability)"
Logistic Regression,C,30,1.0,1.0,0.022387981414794922,"[0.0, 0.0, 0.0, 1.0]","[0.0, 0.00025, 1.0, 1.0]","C (+1 only, Availability)"
SVM,C,30,1.0,1.0,0.12778425216674805,"[0.0, 0.0, 0.0, 1.0]","[0.0, 0.00025, 1.0, 1.0]","C (+1 only, Availability)"
KNN,C,30,1.0,1.0,0.48328065872192383,"[0.0, 0.0, 1.0]","[0.0, 1.0, 1.0]","C (+1 only, Availability)"
Neural Network,C,30,1.0,1.0,0.5050039291381836,"[0.0, 0.0, 0.0, 1.0]","[0.0, 0.00025, 1.0, 1.0]","C (+1 only, Availability)"
Random Forest,C,40,1.0,1.0,0.4339179992675781,"[0.0, 0.0, 0.0, 0.00025, 0.001, 0.00125, 0.00175, 1.0]","[0.0, 0.99925, 1.0, 1.0, 1.0, 1.0, 1.0, 1.0]","C (+1 only, Availability)"
Gradient Boosting,C,40,1.0,1.0,3.303528308868408,"[0.0, 0.0, 1.0]","[0.0, 1.0, 1.0]","C (+1 only, Availability)"
Logistic Regression,C,40,1.0,1.0,0.020708799362182617,"[0.0, 0.0, 0.0, 1.0]","[0.0, 0.00025, 1.0, 1.0]","C (+1 only, Availability)"
SVM,C,40,1.0,1.0,0.10643696784973145,"[0.0, 0.0, 0.0, 1.0]","[0.0, 0.00025, 1.0, 1.0]","C (+1 only, Availability)"
KNN,C,40,1.0,1.0,0.5023744106292725,"[0.0, 0.0, 1.0]","[0.0, 1.0, 1.0]","C (+1 only, Availability)"
Neural Network,C,40,1.0,1.0,0.4854135513305664,"[0.0, 0.0, 0.0, 1.0]","[0.0, 0.00025, 1.0, 1.0]","C (+1 only, Availability)"
Random Forest,C,50,1.0,1.0,0.28626585006713867,"[0.0, 0.0, 0.0, 1.0]","[0.0, 0.99975, 1.0, 1.0]","C (+1 only, Availability)"
Gradient Boosting,C,50,1.0,1.0,3.2032470703125,"[0.0, 0.0, 1.0]","[0.0, 1.0, 1.0]","C (+1 only, Availability)"
Logistic Regression,C,50,1.0,1.0,0.020247459411621094,"[0.0, 0.0, 0.0, 1.0]","[0.0, 0.00025, 1.0, 1.0]","C (+1 only, Availability)"
SVM,C,50,1.0,1.0,0.12679457664489746,"[0.0, 0.0, 0.0, 1.0]","[0.0, 0.00025, 1.0, 1.0]","C (+1 only, Availability)"
KNN,C,50,1.0,1.0,0.4629178047180176,"[0.0, 0.0, 1.0]","[0.0, 1.0, 1.0]","C (+1 only, Availability)"
Neural Network,C,50,1.0,1.0,0.4780879020690918,"[0.0, 0.0, 0.0, 1.0]","[0.0, 0.00025, 1.0, 1.0]","C (+1 only, Availability)"
Random Forest,D,10,0.987125,0.9988454375000002,0.5178844928741455,"[0.0, 0.00025, 0.00025, 0.00025, 0.001, 0.00175, 0.00225, 0.003, 0.003, 0.003, 0.0035, 0.0035, 0.00375, 0.00425, 0.00425, 0.00425, 0.0045, 0.00475, 0.00475, 0.00475, 0.00475, 0.00475, 0.005, 0.005, 0.005, 0.00525, 0.00525, 0.00525, 0.006, 0.00625, 0.00725, 0.00725, 0.00775, 0.00775, 0.00775, 0.008, 0.0085, 0.00875, 0.00875, 0.00925, 0.00925, 0.01, 0.01025, 0.0105, 0.011, 0.011, 0.0115, 0.0125, 0.01325, 0.01325, 0.01375, 0.014, 0.01425, 0.01425, 0.015, 0.016, 0.0165, 0.0175, 0.01825, 0.01925, 0.01975, 0.02025, 0.02075, 0.02175, 0.02325, 0.0235, 0.02475, 0.026, 0.02625, 0.02675, 0.02775, 0.02875, 0.03, 0.031, 0.0325, 0.034, 0.036, 0.0385, 0.03925, 0.04075, 0.043, 0.047, 0.0505, 0.0565, 0.06275, 0.069, 0.074, 0.088, 0.109, 0.149, 0.26975, 1.0]","[0.0, 0.7775, 0.8605, 0.8845, 0.90675, 0.91825, 0.92725, 0.934, 0.94125, 0.9455, 0.9495, 0.95275, 0.95475, 0.95675, 0.96, 0.96225, 0.964, 0.9655, 0.96775, 0.96875, 0.97, 0.97075, 0.971, 0.97175, 0.97225, 0.97275, 0.97375, 0.9745, 0.9755, 0.97625, 0.97625, 0.977, 0.9775, 0.97825, 0.97875, 0.979, 0.981, 0.9815, 0.98275, 0.983, 0.9835, 0.98375, 0.984, 0.9845, 0.98475, 0.98525, 0.98575, 0.98675, 0.987, 0.98725, 0.98775, 0.9885, 0.989, 0.98925, 0.9895, 0.99, 0.9905, 0.99075, 0.99125, 0.9915, 0.992, 0.992, 0.99225, 0.9925, 0.993, 0.99325, 0.99325, 0.994, 0.994, 0.994, 0.9945, 0.9945, 0.99475, 0.99475, 0.99475, 0.99525, 0.99575, 0.99575, 0.996, 0.9965, 0.9965, 0.9965, 0.997, 0.99725, 0.99775, 0.99775, 0.998, 0.99825, 0.9985, 0.99925, 0.99975, 1.0]","D (-1 only, Stealth)"
Gradient Boosting,D,10,0.988,0.9992883750000001,7.350258827209473,"[0.0, 0.0, 0.0, 0.0, 0.0, 0.0, 0.0, 0.0, 0.0, 0.0, 0.0, 0.0, 0.0, 0.0, 0.0, 0.0, 0.0, 0.0, 0.0, 0.0, 0.0, 0.0, 0.0, 0.0, 0.0, 0.0, 0.0, 0.0, 0.0, 0.0, 0.0, 0.0, 0.0, 0.0, 0.0, 0.0, 0.0, 0.0, 0.0, 0.0, 0.0, 0.0, 0.0, 0.0, 0.0, 0.0, 0.0, 0.0, 0.0, 0.0, 0.0, 0.0, 0.0, 0.0, 0.0, 0.0, 0.0, 0.0, 0.0, 0.0, 0.0, 0.0, 0.0, 0.0, 0.0, 0.0, 0.0, 0.0, 0.0, 0.0, 0.0, 0.0, 0.0, 0.0, 0.0, 0.0, 0.0, 0.0, 0.0, 0.0, 0.0, 0.0, 0.0, 0.0, 0.0, 0.0, 0.0, 0.0, 0.0, 0.0, 0.0, 0.0, 0.0, 0.0, 0.0, 0.0, 0.0, 0.0, 0.0, 0.0, 0.0, 0.0, 0.0, 0.0, 0.0, 0.0, 0.0, 0.0, 0.0, 0.0, 0.0, 0.0, 0.0, 0.0, 0.0, 0.0, 0.0, 0.0, 0.0, 0.0, 0.0, 0.0, 0.0, 0.0, 0.0, 0.0, 0.0, 0.0, 0.0, 0.0, 0.0, 0.0, 0.0, 0.0, 0.0, 0.0, 0.0, 0.0, 0.0, 0.0, 0.0, 0.0, 0.0, 0.0, 0.0, 0.0, 0.0, 0.0, 0.0, 0.0, 0.0, 0.0, 0.0, 0.0, 0.0, 0.0, 0.0, 0.0, 0.0, 0.0, 0.0, 0.0, 0.0, 0.0, 0.0, 0.0, 0.0, 0.0, 0.0, 0.0, 0.0, 0.0, 0.0, 0.0, 0.0, 0.0, 0.0, 0.0, 0.0, 0.0, 0.0, 0.0, 0.0, 0.0, 0.0, 0.0, 0.0, 0.0, 0.0, 0.0, 0.0, 0.0, 0.0, 0.0, 0.0, 0.0, 0.0, 0.0, 0.0, 0.0, 0.0, 0.0, 0.0, 0.0, 0.0, 0.0, 0.0, 0.0, 0.0, 0.0, 0.0, 0.0, 0.0, 0.0, 0.0, 0.0, 0.0, 0.0, 0.0, 0.0, 0.0, 0.0, 0.0, 0.0, 0.0, 0.0, 0.0, 0.0, 0.0, 0.0, 0.0, 0.0, 0.0, 0.0, 0.0, 0.0, 0.0, 0.0, 0.0, 0.0, 0.0, 0.0, 0.0, 0.0, 0.0, 0.0, 0.0, 0.0, 0.0, 0.0, 0.0, 0.0, 0.0, 0.0, 0.0, 0.0, 0.0, 0.0, 0.0, 0.0, 0.0, 0.0, 0.0, 0.0, 0.0, 0.0, 0.0, 0.0, 0.0, 0.0, 0.0, 0.0, 0.0, 0.0, 0.0, 0.0, 0.0, 0.0, 0.0, 0.0, 0.0, 0.0, 0.0, 0.0, 0.0, 0.0, 0.0, 0.0, 0.0, 0.0, 0.0, 0.0, 0.0, 0.0, 0.0, 0.0, 0.0, 0.0, 0.0, 0.0, 0.0, 0.0, 0.0, 0.0, 0.0, 0.0, 0.0, 0.0, 0.0, 0.0, 0.0, 0.0, 0.0, 0.0, 0.0, 0.0, 0.0, 0.0, 0.0, 0.0, 0.0, 0.0, 0.0, 0.0, 0.0, 0.0, 0.0, 0.0, 0.0, 0.0, 0.0, 0.0, 0.0, 0.0, 0.0, 0.0, 0.0, 0.0, 0.0, 0.0, 0.0, 0.0, 0.0, 0.0, 0.0, 0.0, 0.0, 0.0, 0.0, 0.0, 0.0, 0.0, 0.0, 0.0, 0.0, 0.0, 0.0, 0.0, 0.0, 0.0, 0.0, 0.0, 0.0, 0.0, 0.0, 0.0, 0.0, 0.0, 0.0, 0.0, 0.0, 0.0, 0.0, 0.0, 0.0, 0.0, 0.0, 0.0, 0.0, 0.0, 0.0, 0.0, 0.0, 0.0, 0.0, 0.0, 0.0, 0.0, 0.0, 0.0, 0.0, 0.0, 0.0, 0.0, 0.0, 0.0, 0.0, 0.0, 0.0, 0.0, 0.0, 0.0, 0.0, 0.0, 0.0, 0.0, 0.0, 0.0, 0.0, 0.0, 0.0, 0.0, 0.0, 0.0, 0.0, 0.0, 0.0, 0.0, 0.0, 0.0, 0.0, 0.0, 0.0, 0.0, 0.0, 0.0, 0.0, 0.0, 0.0, 0.0, 0.0, 0.0, 0.0, 0.0, 0.0, 0.0, 0.0, 0.0, 0.0, 0.0, 0.0, 0.0, 0.0, 0.0, 0.0, 0.00025, 0.00025, 0.00025, 0.00025, 0.0005, 0.0005, 0.00075, 0.00075, 0.00075, 0.00075, 0.001, 0.001, 0.001, 0.001, 0.00125, 0.00125, 0.0015, 0.0015, 0.00175, 0.00175, 0.002, 0.002, 0.00225, 0.00225, 0.0025, 0.0025, 0.00275, 0.00275, 0.003, 0.003, 0.00325, 0.00325, 0.0035, 0.0035, 0.00375, 0.00375, 0.0045, 0.0045, 0.00475, 0.00475, 0.005, 0.005, 0.00525, 0.00525, 0.0055, 0.0055, 0.00575, 0.00575, 0.006, 0.006, 0.00625, 0.00625, 0.0065, 0.0065, 0.00675, 0.00675, 0.007, 0.007, 0.00725, 0.00725, 0.0075, 0.0075, 0.008, 0.008, 0.0085, 0.0085, 0.00875, 0.00875, 0.009, 0.009, 0.00925, 0.00925, 0.00975, 0.00975, 0.0105, 0.0105, 0.0115, 0.0115, 0.01225, 0.01225, 0.01325, 0.01325, 0.0135, 0.0135, 0.01425, 0.01425, 0.0145, 0.0145, 0.01525, 0.01525, 0.0155, 0.0155, 0.016, 0.016, 0.01725, 0.01725, 0.018, 0.018, 0.0185, 0.0185, 0.019, 0.019, 0.02, 0.02, 0.02075, 0.02075, 0.0215, 0.0215, 0.022, 0.022, 0.02325, 0.02325, 0.025, 0.025, 0.02675, 0.02675, 0.027, 0.027, 0.02875, 0.02875, 0.0305, 0.0305, 0.037, 0.037, 0.03725, 0.03725, 0.0375, 0.0375, 0.04, 0.04, 0.042, 0.042, 0.04425, 0.04425, 0.04825, 0.04825, 0.049, 0.049, 0.052, 0.052, 0.05575, 0.05575, 0.07175, 0.07175, 0.1115, 0.1115, 0.125, 0.1255, 0.13175, 0.13225, 0.137, 0.137, 0.14425, 0.14425, 0.1615, 0.162, 0.1715, 0.172, 0.1835, 0.184, 0.1885, 0.18925, 0.197, 0.1975, 0.20325, 0.20375, 0.2045, 0.205, 0.21275, 0.21325, 0.217, 0.2175, 0.2215, 0.22225, 0.224, 0.2245, 0.22725, 0.228, 0.229, 0.2295, 0.24425, 0.24475, 0.24825, 0.249, 0.25125, 0.25175, 0.2585, 0.25975, 0.26025, 0.261, 0.26175, 0.2625, 0.26575, 0.26625, 0.2725, 0.273, 0.276, 0.2765, 0.27725, 0.27775, 0.278, 0.2785, 0.2815, 0.282, 0.2825, 0.28375, 0.28625, 0.28675, 0.29025, 0.29125, 0.29475, 0.29525, 0.2975, 0.298, 0.29825, 0.299, 0.29975, 0.301, 0.3065, 0.307, 0.30825, 0.30875, 0.30925, 0.31, 0.311, 0.3125, 0.31325, 0.31375, 0.315, 0.31575, 0.31825, 0.31875, 0.321, 0.322, 0.32425, 0.32475, 0.326, 0.3265, 0.32725, 0.32775, 0.328, 0.3285, 0.33025, 0.33075, 0.34, 0.3405, 0.34075, 0.34125, 0.34425, 0.3465, 0.3475, 0.348, 0.353, 0.3535, 0.35475, 0.35525, 0.35675, 0.35725, 0.3575, 0.358, 0.359, 0.3595, 0.36, 0.361, 0.363, 0.36375, 0.3645, 0.365, 0.36575, 0.368, 0.36925, 0.37075, 0.3715, 0.372, 0.37275, 0.3775, 0.37825, 0.379, 0.3795, 0.37975, 0.38025, 0.38125, 0.38175, 0.3825, 0.3835, 0.3855, 0.38575, 0.38675, 0.38725, 0.38775, 0.389, 0.39, 0.39025, 0.39075, 0.39125, 0.392, 0.3935, 0.3945, 0.39575, 0.39625, 0.39875, 0.401, 0.40275, 0.40325, 0.4035, 0.40425, 0.4045, 0.406, 0.407, 0.40775, 0.413, 0.4135, 0.41475, 0.41525, 0.417, 0.418, 0.4185, 0.41925, 0.4195, 0.42, 0.421, 0.422, 0.4225, 0.424, 0.4245, 0.42475, 0.42525, 0.4275, 0.4285, 0.429, 0.42975, 0.43075, 0.43125, 0.432, 0.4325, 0.43275, 0.43325, 0.43425, 0.43475, 0.437, 0.43775, 0.43825, 0.43875, 0.43925, 0.43975, 0.44075, 0.442, 0.44525, 0.44575, 0.447, 0.4475, 0.44775, 0.4485, 0.44875, 0.44925, 0.44975, 0.45025, 0.45225, 0.45325, 0.45425, 0.45475, 0.45525, 0.45575, 0.45625, 0.45675, 0.45775, 0.4625, 0.463, 0.46525, 0.46575, 0.466, 0.46775, 0.46825, 0.469, 0.47, 0.4705, 0.471, 0.4715, 0.472, 0.473, 0.4735, 0.4755, 0.476, 0.47625, 0.47725, 0.4775, 0.478, 0.47875, 0.4805, 0.48125, 0.48175, 0.4845, 0.485, 0.48525, 0.48575, 0.48675, 0.4875, 0.48875, 0.49, 0.4905, 0.49125, 0.492, 0.4925, 0.4935, 0.495, 0.4955, 0.49675, 0.498, 0.4995, 0.5005, 0.501, 0.502, 0.503, 0.5035, 0.50375, 0.5045, 0.50525, 0.507, 0.5075, 0.50775, 0.509, 0.5095, 0.5105, 0.5115, 0.512, 0.51225, 0.51275, 0.5135, 0.5145, 0.51575, 0.516, 0.517, 0.5175, 0.518, 0.5185, 0.52, 0.52025, 0.521, 0.5215, 0.5225, 0.52425, 0.52475, 0.52525, 0.526, 0.527, 0.5275, 0.52825, 0.5295, 0.52975, 0.53025, 0.531, 0.53125, 0.53275, 0.53475, 0.536, 0.537, 0.53775, 0.53825, 0.5405, 0.541, 0.54225, 0.54275, 0.543, 0.5435, 0.544, 0.54475, 0.54725, 0.548, 0.54825, 0.54875, 0.54925, 0.54975, 0.5505, 0.551, 0.55175, 0.55225, 0.55325, 0.55425, 0.555, 0.55575, 0.5565, 0.557, 0.55725, 0.55825, 0.55875, 0.5605, 0.56125, 0.56225, 0.5635, 0.56475, 0.566, 0.5665, 0.56775, 0.56825, 0.57, 0.5705, 0.5715, 0.573, 0.57325, 0.57475, 0.57575, 0.57675, 0.5775, 0.57925, 0.57975, 0.5805, 0.58175, 0.582, 0.58275, 0.58325, 0.58425, 0.585, 0.5855, 0.58575, 0.58725, 0.5885, 0.589, 0.59125, 0.592, 0.59625, 0.59725, 0.59775, 0.5985, 0.59875, 0.59925, 0.60025, 0.60075, 0.602, 0.6025, 0.6035, 0.6045, 0.60525, 0.60575, 0.60625, 0.60725, 0.6075, 0.60875, 0.60925, 0.60975, 0.61025, 0.61425, 0.6155, 0.61775, 0.6185, 0.61925, 0.621, 0.62125, 0.622, 0.62225, 0.62275, 0.62325, 0.62375, 0.62575, 0.62625, 0.6265, 0.628, 0.6285, 0.62975, 0.6305, 0.631, 0.632, 0.6325, 0.63375, 0.6345, 0.635, 0.63625, 0.63725, 0.638, 0.6385, 0.639, 0.63975, 0.64075, 0.6415, 0.64225, 0.64375, 0.64425, 0.645, 0.646, 0.647, 0.6475, 0.64925, 0.64975, 0.65075, 0.651, 0.6515, 0.65225, 0.6525, 0.65325, 0.65375, 0.65425, 0.655, 0.65575, 0.65625, 0.65725, 0.65775, 0.65825, 0.6585, 0.6595, 0.6605, 0.662, 0.66325, 0.6645, 0.6675, 0.66775, 0.66825, 0.66975, 0.67225, 0.673, 0.674, 0.6745, 0.67475, 0.67525, 0.67625, 0.68425, 0.685, 0.686, 0.68625, 0.687, 0.6875, 0.688, 0.68825, 0.68875, 0.6895, 0.68975, 0.6905, 0.69225, 0.6925, 0.693, 0.695, 0.6955, 0.69575, 0.697, 0.6975, 0.69825, 0.69925, 0.7015, 0.70225, 0.711, 0.7115, 0.7125, 0.7145, 0.71525, 0.7165, 0.717, 0.7195, 0.7205, 0.721, 0.7225, 0.723, 0.727, 0.72775, 0.729, 0.735, 0.73525, 0.73575, 0.7375, 0.7395, 0.73975, 0.74025, 0.741, 0.742, 0.74225, 0.74275, 0.74325, 0.74375, 0.74475, 0.7455, 0.7465, 0.74675, 0.749, 0.7495, 0.75, 0.75225, 0.7525, 0.75325, 0.75375, 0.755, 0.75625, 0.757, 0.75825, 0.76, 0.761, 0.7615, 0.76225, 0.7695, 0.77, 0.77025, 0.7725, 0.7745, 0.77525, 0.77575, 0.77675, 0.778, 0.77825, 0.779, 0.77925, 0.78, 0.78025, 0.78075, 0.7815, 0.78225, 0.78275, 0.78325, 0.784, 0.7905, 0.792, 0.79225, 0.79275, 0.793, 0.796, 0.797, 0.80325, 0.80425, 0.80475, 0.8055, 0.807, 0.80775, 0.80875, 0.80925, 0.80975, 0.8105, 0.8205, 0.82075, 0.82175, 0.82275, 0.82475, 0.825, 0.8265, 0.82775, 0.8285, 0.83325, 0.83375, 0.83425, 0.8345, 0.841, 0.8415, 0.843, 0.84375, 0.84525, 0.84825, 0.84925, 0.84975, 0.85025, 0.85175, 0.85225, 0.8525, 0.85325, 0.8535, 0.854, 0.85425, 0.85475, 0.85525, 0.856, 0.857, 0.85775, 0.859, 0.85925, 0.86225, 0.86425, 0.86575, 0.866, 0.86875, 0.869, 0.8705, 0.871, 0.87175, 0.87225, 0.8725, 0.873, 0.87325, 0.874, 0.8745, 0.87925, 0.87975, 0.88175, 0.882, 0.883, 0.88325, 0.884, 0.88625, 0.8965, 0.897, 0.89975, 0.90025, 0.90075, 0.90125, 0.902, 0.90325, 0.90375, 0.90475, 0.905, 0.90575, 0.906, 0.90675, 0.907, 0.91, 0.911, 0.91175, 0.912, 0.92175, 0.9225, 0.924, 0.9245, 0.92525, 0.92575, 0.92625, 0.9265, 0.927, 0.92725, 0.92775, 0.92825, 0.933, 0.93375, 0.9355, 0.93625, 0.9365, 0.9375, 0.93775, 0.93875, 0.94025, 0.94075, 0.941, 0.94175, 0.94275, 0.9435, 0.945, 0.94525, 0.946, 0.947, 0.94825, 0.94925, 0.94975, 0.95, 0.95175, 0.9525, 0.95325, 0.95375, 0.95525, 0.95625, 0.95875, 0.963, 0.96375, 0.96425, 0.9645, 0.9655, 0.966, 0.96775, 0.96875, 0.969, 0.9695, 0.97, 0.97125, 0.97175, 0.97225, 0.9725, 0.9735, 0.974, 0.97425, 0.97475, 0.97575, 0.97625, 0.9765, 0.97775, 0.978, 0.9785, 0.97925, 0.97975, 0.9805, 0.9825, 0.983, 0.98375, 0.98425, 0.985, 0.98625, 0.987, 0.98775, 0.9885, 0.99, 0.992, 0.9925, 0.993, 0.99725, 0.99775, 1.0]","[0.0, 0.0005, 0.0025, 0.003, 0.005, 0.00525, 0.00625, 0.00825, 0.01025, 0.01125, 0.01175, 0.0135, 0.01375, 0.0215, 0.02225, 0.0245, 0.02475, 0.0255, 0.02825, 0.02875, 0.029, 0.03, 0.03025, 0.031, 0.03175, 0.033, 0.03425, 0.0405, 0.041, 0.04325, 0.0435, 0.05075, 0.052, 0.0525, 0.054, 0.05425, 0.0665, 0.067, 0.07025, 0.07125, 0.0715, 0.0805, 0.081, 0.0815, 0.08175, 0.08225, 0.08325, 0.0835, 0.0855, 0.0895, 0.09, 0.092, 0.09375, 0.09425, 0.09475, 0.098, 0.09825, 0.103, 0.10325, 0.10425, 0.108, 0.114, 0.115, 0.11675, 0.117, 0.11875, 0.12, 0.121, 0.12175, 0.12225, 0.1235, 0.12375, 0.1255, 0.126, 0.1265, 0.12725, 0.12825, 0.12875, 0.12925, 0.1365, 0.137, 0.1395, 0.14, 0.14025, 0.14075, 0.141, 0.1455, 0.14575, 0.14625, 0.1465, 0.148, 0.1485, 0.149, 0.151, 0.205, 0.20525, 0.20575, 0.2065, 0.207, 0.209, 0.21075, 0.21525, 0.2155, 0.218, 0.21875, 0.21975, 0.2205, 0.22125, 0.22225, 0.2245, 0.228, 0.2345, 0.23475, 0.236, 0.23825, 0.239, 0.245, 0.24675, 0.24825, 0.24875, 0.24925, 0.2535, 0.254, 0.25425, 0.25525, 0.2555, 0.256, 0.25725, 0.30275, 0.30325, 0.307, 0.3075, 0.3085, 0.309, 0.3095, 0.31025, 0.31375, 0.314, 0.31525, 0.31575, 0.317, 0.31775, 0.32, 0.32025, 0.32075, 0.3215, 0.32175, 0.33925, 0.3395, 0.3405, 0.341, 0.342, 0.3425, 0.34325, 0.3455, 0.34575, 0.34625, 0.34675, 0.35475, 0.35525, 0.356, 0.357, 0.35925, 0.35975, 0.36125, 0.36175, 0.3625, 0.363, 0.364, 0.3695, 0.3705, 0.371, 0.37125, 0.37225, 0.373, 0.3845, 0.38475, 0.3855, 0.386, 0.387, 0.38725, 0.38825, 0.3885, 0.3895, 0.39025, 0.392, 0.3925, 0.39775, 0.3985, 0.399, 0.40075, 0.40275, 0.40325, 0.40375, 0.405, 0.40525, 0.40675, 0.407, 0.414, 0.4145, 0.43025, 0.4325, 0.43275, 0.43325, 0.43375, 0.435, 0.43775, 0.438, 0.4395, 0.44125, 0.442, 0.44225, 0.4455, 0.446, 0.44675, 0.44775, 0.4485, 0.4495, 0.45, 0.4505, 0.4515, 0.452, 0.453, 0.45375, 0.45425, 0.455, 0.46025, 0.4605, 0.4635, 0.46375, 0.46425, 0.46475, 0.46575, 0.46625, 0.4665, 0.467, 0.46825, 0.4685, 0.47075, 0.47175, 0.4725, 0.47325, 0.47375, 0.4745, 0.476, 0.47675, 0.47775, 0.4785, 0.47875, 0.48275, 0.4835, 0.487, 0.4885, 0.48925, 0.48975, 0.49175, 0.49225, 0.4935, 0.494, 0.495, 0.49525, 0.49625, 0.49725, 0.49775, 0.498, 0.4985, 0.50075, 0.50225, 0.50275, 0.504, 0.505, 0.5055, 0.506, 0.507, 0.5085, 0.50925, 0.51, 0.5105, 0.51175, 0.51225, 0.51475, 0.51525, 0.51575, 0.5165, 0.5195, 0.5205, 0.5215, 0.523, 0.524, 0.5245, 0.527, 0.52775, 0.52925, 0.52975, 0.531, 0.5315, 0.53275, 0.5335, 0.534, 0.5345, 0.536, 0.53675, 0.53825, 0.53925, 0.5395, 0.5405, 0.54075, 0.54175, 0.54375, 0.5445, 0.54475, 0.54525, 0.546, 0.5465, 0.5495, 0.55025, 0.551, 0.552, 0.555, 0.55575, 0.556, 0.5565, 0.55725, 0.55775, 0.56625, 0.56675, 0.572, 0.5725, 0.5735, 0.574, 0.57825, 0.57875, 0.5795, 0.58025, 0.58125, 0.58375, 0.58425, 0.5845, 0.585, 0.591, 0.5915, 0.59525, 0.59575, 0.59625, 0.597, 0.59825, 0.59875, 0.599, 0.5995, 0.6, 0.6005, 0.604, 0.6045, 0.613, 0.6135, 0.617, 0.618, 0.6205, 0.6215, 0.62175, 0.62225, 0.62725, 0.62775, 0.628, 0.6285, 0.62925, 0.631, 0.63125, 0.632, 0.63325, 0.635, 0.63575, 0.63625, 0.6365, 0.637, 0.63775, 0.64275, 0.644, 0.64475, 0.64525, 0.6455, 0.64625, 0.64675, 0.6475, 0.648, 0.649, 0.6495, 0.65175, 0.65225, 0.65275, 0.65375, 0.65525, 0.65575, 0.65875, 0.66, 0.6605, 0.6625, 0.66325, 0.666, 0.6665, 0.668, 0.6685, 0.66925, 0.66975, 0.6715, 0.67225, 0.6725, 0.6735, 0.674, 0.6745, 0.6765, 0.67725, 0.67825, 0.67875, 0.68075, 0.68125, 0.682, 0.68275, 0.68375, 0.68425, 0.686, 0.6865, 0.6905, 0.6915, 0.696, 0.6965, 0.71125, 0.71175, 0.7145, 0.715, 0.72275, 0.72325, 0.732, 0.7325, 0.73925, 0.73975, 0.74075, 0.74125, 0.75475, 0.75525, 0.77675, 0.7775, 0.8065, 0.807, 0.827, 0.827, 0.8475, 0.848, 0.85575, 0.85575, 0.85625, 0.85625, 0.8635, 0.864, 0.8795, 0.8795, 0.90575, 0.90625, 0.92325, 0.92325, 0.93675, 0.93675, 0.942, 0.942, 0.94275, 0.94275, 0.945, 0.945, 0.9485, 0.9485, 0.95525, 0.95525, 0.9555, 0.9555, 0.95875, 0.95875, 0.96575, 0.96575, 0.966, 0.966, 0.96675, 0.96675, 0.96725, 0.96725, 0.968, 0.968, 0.9685, 0.9685, 0.97475, 0.97475, 0.975, 0.975, 0.97525, 0.97525, 0.97625, 0.97625, 0.977, 0.977, 0.97775, 0.97775, 0.97875, 0.97875, 0.979, 0.979, 0.97925, 0.97925, 0.98025, 0.98025, 0.98225, 0.98225, 0.9825, 0.9825, 0.983, 0.983, 0.98375, 0.98375, 0.98425, 0.98425, 0.98625, 0.98625, 0.98675, 0.98675, 0.9875, 0.9875, 0.98775, 0.98775, 0.988, 0.988, 0.9885, 0.9885, 0.98925, 0.98925, 0.9895, 0.9895, 0.99, 0.99, 0.99025, 0.99025, 0.99075, 0.99075, 0.991, 0.991, 0.9925, 0.9925, 0.99275, 0.99275, 0.99325, 0.99325, 0.9935, 0.9935, 0.99375, 0.99375, 0.994, 0.994, 0.99425, 0.99425, 0.9945, 0.9945, 0.995, 0.995, 0.99525, 0.99525, 0.9955, 0.9955, 0.99575, 0.99575, 0.996, 0.996, 0.99625, 0.99625, 0.9965, 0.9965, 0.997, 0.997, 0.9975, 0.9975, 0.99775, 0.99775, 0.998, 0.998, 0.99825, 0.99825, 0.9985, 0.9985, 0.99875, 0.99875, 0.999, 0.999, 0.99925, 0.99925, 0.9995, 0.9995, 0.9995, 0.9995, 0.9995, 0.9995, 0.99975, 0.99975, 1.0, 1.0, 1.0, 1.0, 1.0, 1.0, 1.0, 1.0, 1.0, 1.0, 1.0, 1.0, 1.0, 1.0, 1.0, 1.0, 1.0, 1.0, 1.0, 1.0, 1.0, 1.0, 1.0, 1.0, 1.0, 1.0, 1.0, 1.0, 1.0, 1.0, 1.0, 1.0, 1.0, 1.0, 1.0, 1.0, 1.0, 1.0, 1.0, 1.0, 1.0, 1.0, 1.0, 1.0, 1.0, 1.0, 1.0, 1.0, 1.0, 1.0, 1.0, 1.0, 1.0, 1.0, 1.0, 1.0, 1.0, 1.0, 1.0, 1.0, 1.0, 1.0, 1.0, 1.0, 1.0, 1.0, 1.0, 1.0, 1.0, 1.0, 1.0, 1.0, 1.0, 1.0, 1.0, 1.0, 1.0, 1.0, 1.0, 1.0, 1.0, 1.0, 1.0, 1.0, 1.0, 1.0, 1.0, 1.0, 1.0, 1.0, 1.0, 1.0, 1.0, 1.0, 1.0, 1.0, 1.0, 1.0, 1.0, 1.0, 1.0, 1.0, 1.0, 1.0, 1.0, 1.0, 1.0, 1.0, 1.0, 1.0, 1.0, 1.0, 1.0, 1.0, 1.0, 1.0, 1.0, 1.0, 1.0, 1.0, 1.0, 1.0, 1.0, 1.0, 1.0, 1.0, 1.0, 1.0, 1.0, 1.0, 1.0, 1.0, 1.0, 1.0, 1.0, 1.0, 1.0, 1.0, 1.0, 1.0, 1.0, 1.0, 1.0, 1.0, 1.0, 1.0, 1.0, 1.0, 1.0, 1.0, 1.0, 1.0, 1.0, 1.0, 1.0, 1.0, 1.0, 1.0, 1.0, 1.0, 1.0, 1.0, 1.0, 1.0, 1.0, 1.0, 1.0, 1.0, 1.0, 1.0, 1.0, 1.0, 1.0, 1.0, 1.0, 1.0, 1.0, 1.0, 1.0, 1.0, 1.0, 1.0, 1.0, 1.0, 1.0, 1.0, 1.0, 1.0, 1.0, 1.0, 1.0, 1.0, 1.0, 1.0, 1.0, 1.0, 1.0, 1.0, 1.0, 1.0, 1.0, 1.0, 1.0, 1.0, 1.0, 1.0, 1.0, 1.0, 1.0, 1.0, 1.0, 1.0, 1.0, 1.0, 1.0, 1.0, 1.0, 1.0, 1.0, 1.0, 1.0, 1.0, 1.0, 1.0, 1.0, 1.0, 1.0, 1.0, 1.0, 1.0, 1.0, 1.0, 1.0, 1.0, 1.0, 1.0, 1.0, 1.0, 1.0, 1.0, 1.0, 1.0, 1.0, 1.0, 1.0, 1.0, 1.0, 1.0, 1.0, 1.0, 1.0, 1.0, 1.0, 1.0, 1.0, 1.0, 1.0, 1.0, 1.0, 1.0, 1.0, 1.0, 1.0, 1.0, 1.0, 1.0, 1.0, 1.0, 1.0, 1.0, 1.0, 1.0, 1.0, 1.0, 1.0, 1.0, 1.0, 1.0, 1.0, 1.0, 1.0, 1.0, 1.0, 1.0, 1.0, 1.0, 1.0, 1.0, 1.0, 1.0, 1.0, 1.0, 1.0, 1.0, 1.0, 1.0, 1.0, 1.0, 1.0, 1.0, 1.0, 1.0, 1.0, 1.0, 1.0, 1.0, 1.0, 1.0, 1.0, 1.0, 1.0, 1.0, 1.0, 1.0, 1.0, 1.0, 1.0, 1.0, 1.0, 1.0, 1.0, 1.0, 1.0, 1.0, 1.0, 1.0, 1.0, 1.0, 1.0, 1.0, 1.0, 1.0, 1.0, 1.0, 1.0, 1.0, 1.0, 1.0, 1.0, 1.0, 1.0, 1.0, 1.0, 1.0, 1.0, 1.0, 1.0, 1.0, 1.0, 1.0, 1.0, 1.0, 1.0, 1.0, 1.0, 1.0, 1.0, 1.0, 1.0, 1.0, 1.0, 1.0, 1.0, 1.0, 1.0, 1.0, 1.0, 1.0, 1.0, 1.0, 1.0, 1.0, 1.0, 1.0, 1.0, 1.0, 1.0, 1.0, 1.0, 1.0, 1.0, 1.0, 1.0, 1.0, 1.0, 1.0, 1.0, 1.0, 1.0, 1.0, 1.0, 1.0, 1.0, 1.0, 1.0, 1.0, 1.0, 1.0, 1.0, 1.0, 1.0, 1.0, 1.0, 1.0, 1.0, 1.0, 1.0, 1.0, 1.0, 1.0, 1.0, 1.0, 1.0, 1.0, 1.0, 1.0, 1.0, 1.0, 1.0, 1.0, 1.0, 1.0, 1.0, 1.0, 1.0, 1.0, 1.0, 1.0, 1.0, 1.0, 1.0, 1.0, 1.0, 1.0, 1.0, 1.0, 1.0, 1.0, 1.0, 1.0, 1.0, 1.0, 1.0, 1.0, 1.0, 1.0, 1.0, 1.0, 1.0, 1.0, 1.0, 1.0, 1.0, 1.0, 1.0, 1.0, 1.0, 1.0, 1.0, 1.0, 1.0, 1.0, 1.0, 1.0, 1.0, 1.0, 1.0, 1.0, 1.0, 1.0, 1.0, 1.0, 1.0, 1.0, 1.0, 1.0, 1.0, 1.0, 1.0, 1.0, 1.0, 1.0, 1.0, 1.0, 1.0, 1.0, 1.0, 1.0, 1.0, 1.0, 1.0, 1.0, 1.0, 1.0, 1.0, 1.0, 1.0, 1.0, 1.0, 1.0, 1.0, 1.0, 1.0, 1.0, 1.0, 1.0, 1.0, 1.0, 1.0, 1.0, 1.0, 1.0, 1.0, 1.0, 1.0, 1.0, 1.0, 1.0, 1.0, 1.0, 1.0, 1.0, 1.0, 1.0, 1.0, 1.0, 1.0, 1.0, 1.0, 1.0, 1.0, 1.0, 1.0, 1.0, 1.0, 1.0, 1.0, 1.0, 1.0, 1.0, 1.0, 1.0, 1.0, 1.0, 1.0, 1.0, 1.0, 1.0, 1.0, 1.0, 1.0, 1.0, 1.0, 1.0, 1.0, 1.0, 1.0, 1.0, 1.0, 1.0, 1.0, 1.0, 1.0, 1.0, 1.0, 1.0, 1.0, 1.0, 1.0, 1.0, 1.0, 1.0, 1.0, 1.0, 1.0, 1.0, 1.0, 1.0, 1.0, 1.0, 1.0, 1.0, 1.0, 1.0, 1.0, 1.0, 1.0, 1.0, 1.0, 1.0, 1.0, 1.0, 1.0, 1.0, 1.0, 1.0, 1.0, 1.0, 1.0, 1.0, 1.0, 1.0, 1.0, 1.0, 1.0, 1.0, 1.0, 1.0, 1.0, 1.0, 1.0, 1.0, 1.0, 1.0, 1.0, 1.0, 1.0, 1.0, 1.0, 1.0, 1.0, 1.0, 1.0, 1.0, 1.0, 1.0, 1.0, 1.0, 1.0, 1.0, 1.0, 1.0, 1.0, 1.0, 1.0, 1.0, 1.0, 1.0, 1.0, 1.0, 1.0, 1.0, 1.0, 1.0, 1.0, 1.0, 1.0, 1.0, 1.0, 1.0, 1.0, 1.0, 1.0, 1.0, 1.0, 1.0, 1.0, 1.0, 1.0, 1.0, 1.0, 1.0, 1.0, 1.0, 1.0, 1.0, 1.0, 1.0, 1.0, 1.0, 1.0, 1.0, 1.0, 1.0, 1.0, 1.0, 1.0, 1.0, 1.0, 1.0, 1.0, 1.0, 1.0, 1.0, 1.0, 1.0, 1.0, 1.0, 1.0, 1.0, 1.0, 1.0, 1.0, 1.0, 1.0, 1.0, 1.0, 1.0, 1.0, 1.0, 1.0, 1.0, 1.0, 1.0, 1.0, 1.0, 1.0, 1.0, 1.0, 1.0, 1.0, 1.0, 1.0, 1.0, 1.0, 1.0, 1.0, 1.0, 1.0, 1.0, 1.0, 1.0, 1.0, 1.0, 1.0, 1.0, 1.0, 1.0, 1.0, 1.0, 1.0]","D (-1 only, Stealth)"
Logistic Regression,D,10,0.98775,0.9992950000000002,0.026738643646240234,"[0.0, 0.0, 0.0, 0.00025, 0.00025, 0.0005, 0.0005, 0.00075, 0.00075, 0.001, 0.001, 0.00125, 0.00125, 0.0015, 0.0015, 0.00175, 0.00175, 0.002, 0.002, 0.00225, 0.00225, 0.0025, 0.0025, 0.00275, 0.00275, 0.003, 0.003, 0.0035, 0.0035, 0.00375, 0.00375, 0.004, 0.004, 0.00425, 0.00425, 0.0045, 0.0045, 0.00475, 0.00475, 0.005, 0.005, 0.00525, 0.00525, 0.0055, 0.0055, 0.00575, 0.00575, 0.006, 0.006, 0.00625, 0.00625, 0.0065, 0.0065, 0.00675, 0.00675, 0.007, 0.007, 0.00725, 0.00725, 0.008, 0.008, 0.00825, 0.00825, 0.0085, 0.0085, 0.00875, 0.00875, 0.0095, 0.0095, 0.00975, 0.00975, 0.01025, 0.01025, 0.0105, 0.0105, 0.011, 0.011, 0.01125, 0.01125, 0.0115, 0.0115, 0.01275, 0.01275, 0.013, 0.013, 0.0135, 0.0135, 0.014, 0.014, 0.01425, 0.01425, 0.01475, 0.01475, 0.015, 0.015, 0.01575, 0.01575, 0.017, 0.017, 0.01775, 0.01775, 0.0185, 0.0185, 0.01875, 0.01875, 0.01975, 0.01975, 0.02075, 0.02075, 0.021, 0.021, 0.02225, 0.02225, 0.023, 0.023, 0.0235, 0.0235, 0.025, 0.025, 0.02625, 0.02625, 0.02725, 0.02725, 0.029, 0.029, 0.03, 0.03, 0.03075, 0.03075, 0.03325, 0.03325, 0.042, 0.042, 0.04225, 0.04225, 0.046, 0.046, 0.04825, 0.04825, 0.05075, 0.05075, 0.05475, 0.05475, 0.06025, 0.06025, 0.06475, 0.06475, 0.07325, 0.07325, 0.0895, 0.0895, 0.128, 0.128, 0.1335, 0.1335, 1.0]","[0.0, 0.00025, 0.858, 0.858, 0.86575, 0.86575, 0.87225, 0.87225, 0.90175, 0.90175, 0.90825, 0.90825, 0.92275, 0.92275, 0.93075, 0.93075, 0.9405, 0.9405, 0.9475, 0.9475, 0.94825, 0.94825, 0.952, 0.952, 0.9595, 0.9595, 0.96225, 0.96225, 0.963, 0.963, 0.964, 0.964, 0.96425, 0.96425, 0.9655, 0.9655, 0.966, 0.966, 0.96875, 0.96875, 0.969, 0.969, 0.972, 0.972, 0.97375, 0.97375, 0.975, 0.975, 0.97675, 0.97675, 0.977, 0.977, 0.97875, 0.97875, 0.979, 0.979, 0.97925, 0.97925, 0.9795, 0.9795, 0.98025, 0.98025, 0.981, 0.981, 0.98125, 0.98125, 0.9825, 0.9825, 0.98275, 0.98275, 0.98375, 0.98375, 0.984, 0.984, 0.9845, 0.9845, 0.985, 0.985, 0.986, 0.986, 0.987, 0.987, 0.98725, 0.98725, 0.98775, 0.98775, 0.988, 0.988, 0.98825, 0.98825, 0.98925, 0.98925, 0.9895, 0.9895, 0.99, 0.99, 0.99075, 0.99075, 0.991, 0.991, 0.99125, 0.99125, 0.99175, 0.99175, 0.9925, 0.9925, 0.99275, 0.99275, 0.99325, 0.99325, 0.9935, 0.9935, 0.99375, 0.99375, 0.994, 0.994, 0.995, 0.995, 0.9955, 0.9955, 0.99575, 0.99575, 0.996, 0.996, 0.99625, 0.99625, 0.9965, 0.9965, 0.99675, 0.99675, 0.997, 0.997, 0.99725, 0.99725, 0.9975, 0.9975, 0.99775, 0.99775, 0.998, 0.998, 0.99825, 0.99825, 0.9985, 0.9985, 0.99875, 0.99875, 0.999, 0.999, 0.99925, 0.99925, 0.9995, 0.9995, 0.99975, 0.99975, 1.0, 1.0]","D (-1 only, Stealth)"
SVM,D,10,0.987,0.9990857499999999,1.8824164867401123,"[0.0, 0.0, 0.0, 0.00025, 0.00025, 0.0005, 0.0005, 0.00075, 0.00075, 0.001, 0.001, 0.00125, 0.00125, 0.0015, 0.0015, 0.00175, 0.00175, 0.002, 0.002, 0.00225, 0.00225, 0.0025, 0.0025, 0.00275, 0.00275, 0.003, 0.003, 0.0035, 0.0035, 0.004, 0.004, 0.00425, 0.00425, 0.0045, 0.0045, 0.00475, 0.00475, 0.005, 0.005, 0.00525, 0.00525, 0.0055, 0.0055, 0.00575, 0.00575, 0.006, 0.006, 0.00625, 0.00625, 0.0065, 0.0065, 0.00675, 0.00675, 0.007, 0.007, 0.00725, 0.00725, 0.008, 0.008, 0.00825, 0.00825, 0.00875, 0.00875, 0.009, 0.009, 0.00925, 0.00925, 0.0095, 0.0095, 0.01025, 0.01025, 0.011, 0.011, 0.01175, 0.01175, 0.012, 0.012, 0.01225, 0.01225, 0.0125, 0.0125, 0.01325, 0.01325, 0.0135, 0.0135, 0.0145, 0.0145, 0.01525, 0.01525, 0.0155, 0.0155, 0.01625, 0.01625, 0.0165, 0.0165, 0.017, 0.017, 0.01825, 0.01825, 0.019, 0.019, 0.0195, 0.0195, 0.02, 0.02, 0.0205, 0.0205, 0.0215, 0.0215, 0.02225, 0.02225, 0.0225, 0.0225, 0.02275, 0.02275, 0.0235, 0.0235, 0.02425, 0.02425, 0.0245, 0.0245, 0.02475, 0.02475, 0.02525, 0.02525, 0.0265, 0.0265, 0.02925, 0.02925, 0.02975, 0.02975, 0.03075, 0.03075, 0.03175, 0.03175, 0.03225, 0.03225, 0.0325, 0.0325, 0.033, 0.033, 0.04675, 0.04675, 0.047, 0.047, 0.05175, 0.05175, 0.056, 0.056, 0.0595, 0.0595, 0.0605, 0.0605, 0.06225, 0.06225, 0.0775, 0.0775, 0.0845, 0.0845, 0.094, 0.094, 0.15325, 0.15325, 0.21375, 0.21375, 0.2295, 0.2295, 1.0]","[0.0, 0.00025, 0.804, 0.804, 0.81975, 0.81975, 0.8235, 0.8235, 0.859, 0.859, 0.8795, 0.8795, 0.9095, 0.9095, 0.91575, 0.91575, 0.92475, 0.92475, 0.926, 0.926, 0.9495, 0.9495, 0.952, 0.952, 0.953, 0.953, 0.9535, 0.9535, 0.954, 0.954, 0.95475, 0.95475, 0.95575, 0.95575, 0.9625, 0.9625, 0.96325, 0.96325, 0.96875, 0.96875, 0.97, 0.97, 0.971, 0.971, 0.97275, 0.97275, 0.973, 0.973, 0.97425, 0.97425, 0.9745, 0.9745, 0.97625, 0.97625, 0.9765, 0.9765, 0.9775, 0.9775, 0.97775, 0.97775, 0.97975, 0.97975, 0.9805, 0.9805, 0.98175, 0.98175, 0.98425, 0.98425, 0.9845, 0.9845, 0.98475, 0.98475, 0.9855, 0.9855, 0.98575, 0.98575, 0.98675, 0.98675, 0.98725, 0.98725, 0.988, 0.988, 0.98825, 0.98825, 0.9885, 0.9885, 0.98875, 0.98875, 0.989, 0.989, 0.98925, 0.98925, 0.9895, 0.9895, 0.98975, 0.98975, 0.99, 0.99, 0.9905, 0.9905, 0.99075, 0.99075, 0.99125, 0.99125, 0.992, 0.992, 0.99225, 0.99225, 0.9925, 0.9925, 0.99275, 0.99275, 0.993, 0.993, 0.99325, 0.99325, 0.9935, 0.9935, 0.99375, 0.99375, 0.994, 0.994, 0.99425, 0.99425, 0.9945, 0.9945, 0.99475, 0.99475, 0.995, 0.995, 0.99525, 0.99525, 0.9955, 0.9955, 0.996, 0.996, 0.99625, 0.99625, 0.9965, 0.9965, 0.99675, 0.99675, 0.997, 0.997, 0.99725, 0.99725, 0.9975, 0.9975, 0.99775, 0.99775, 0.998, 0.998, 0.99825, 0.99825, 0.9985, 0.9985, 0.99875, 0.99875, 0.999, 0.999, 0.99925, 0.99925, 0.9995, 0.9995, 0.99975, 0.99975, 1.0, 1.0]","D (-1 only, Stealth)"
KNN,D,10,0.9855,0.995534625,0.7637524604797363,"[0.0, 0.0045, 0.00825, 0.0125, 0.027, 0.06375, 1.0]","[0.0, 0.933, 0.97325, 0.9835, 0.9915, 0.997, 1.0]","D (-1 only, Stealth)"
Neural Network,D,10,0.987625,0.9992331249999999,0.793220043182373,"[0.0, 0.0, 0.0, 0.00025, 0.00025, 0.0005, 0.0005, 0.00075, 0.00075, 0.001, 0.001, 0.00125, 0.00125, 0.00175, 0.00175, 0.002, 0.002, 0.00225, 0.00225, 0.0025, 0.0025, 0.00275, 0.00275, 0.003, 0.003, 0.00325, 0.00325, 0.0035, 0.0035, 0.00375, 0.00375, 0.004, 0.004, 0.00425, 0.00425, 0.0045, 0.0045, 0.00475, 0.00475, 0.0055, 0.0055, 0.006, 0.006, 0.00625, 0.00625, 0.0065, 0.0065, 0.00675, 0.00675, 0.00725, 0.00725, 0.0075, 0.0075, 0.00775, 0.00775, 0.008, 0.008, 0.00825, 0.00825, 0.0085, 0.0085, 0.009, 0.009, 0.00925, 0.00925, 0.00975, 0.00975, 0.01, 0.01, 0.0105, 0.0105, 0.01075, 0.01075, 0.011, 0.011, 0.01125, 0.01125, 0.0115, 0.0115, 0.01175, 0.01175, 0.01225, 0.01225, 0.013, 0.013, 0.0135, 0.0135, 0.01475, 0.01475, 0.0155, 0.0155, 0.01575, 0.01575, 0.01625, 0.01625, 0.01725, 0.01725, 0.0175, 0.0175, 0.01825, 0.01825, 0.0195, 0.0195, 0.0205, 0.0205, 0.022, 0.022, 0.02225, 0.02225, 0.02275, 0.02275, 0.02375, 0.02375, 0.025, 0.025, 0.0255, 0.0255, 0.026, 0.026, 0.02625, 0.02625, 0.0265, 0.0265, 0.027, 0.027, 0.02725, 0.02725, 0.02775, 0.02775, 0.02825, 0.02825, 0.029, 0.029, 0.0295, 0.0295, 0.03025, 0.03025, 0.03775, 0.03775, 0.04025, 0.04025, 0.04125, 0.04125, 0.04225, 0.04225, 0.0425, 0.0425, 0.05375, 0.05375, 0.06075, 0.06075, 0.06125, 0.06125, 0.0725, 0.0725, 0.074, 0.074, 0.07575, 0.07575, 0.08475, 0.08475, 0.2325, 0.2325, 1.0]","[0.0, 0.00025, 0.81625, 0.81625, 0.84925, 0.84925, 0.87525, 0.87525, 0.906, 0.906, 0.91375, 0.91375, 0.92875, 0.92875, 0.93025, 0.93025, 0.94275, 0.94275, 0.9485, 0.9485, 0.94975, 0.94975, 0.96025, 0.96025, 0.962, 0.962, 0.9635, 0.9635, 0.9645, 0.9645, 0.9675, 0.9675, 0.96775, 0.96775, 0.968, 0.968, 0.97, 0.97, 0.97075, 0.97075, 0.97125, 0.97125, 0.97225, 0.97225, 0.9725, 0.9725, 0.973, 0.973, 0.974, 0.974, 0.97425, 0.97425, 0.9745, 0.9745, 0.975, 0.975, 0.9765, 0.9765, 0.977, 0.977, 0.9785, 0.9785, 0.9795, 0.9795, 0.9805, 0.9805, 0.9815, 0.9815, 0.98175, 0.98175, 0.98275, 0.98275, 0.9835, 0.9835, 0.9845, 0.9845, 0.985, 0.985, 0.98525, 0.98525, 0.98575, 0.98575, 0.98775, 0.98775, 0.988, 0.988, 0.98875, 0.98875, 0.989, 0.989, 0.98925, 0.98925, 0.98975, 0.98975, 0.99025, 0.99025, 0.9905, 0.9905, 0.99075, 0.99075, 0.991, 0.991, 0.99125, 0.99125, 0.9915, 0.9915, 0.99225, 0.99225, 0.99275, 0.99275, 0.993, 0.993, 0.99325, 0.99325, 0.9935, 0.9935, 0.99375, 0.99375, 0.994, 0.994, 0.99425, 0.99425, 0.9945, 0.9945, 0.99475, 0.99475, 0.995, 0.995, 0.9955, 0.9955, 0.99575, 0.99575, 0.996, 0.996, 0.99625, 0.99625, 0.9965, 0.9965, 0.99675, 0.99675, 0.99725, 0.99725, 0.9975, 0.9975, 0.99775, 0.99775, 0.998, 0.998, 0.99825, 0.99825, 0.9985, 0.9985, 0.99875, 0.99875, 0.999, 0.999, 0.99925, 0.99925, 0.9995, 0.9995, 0.99975, 0.99975, 1.0, 1.0]","D (-1 only, Stealth)"
Random Forest,D,20,0.999875,1.0,0.3252260684967041,"[0.0, 0.0, 0.0, 0.0, 0.0, 0.0, 0.0015, 0.0025, 0.00975, 1.0]","[0.0, 0.995, 0.99825, 0.99875, 0.9995, 1.0, 1.0, 1.0, 1.0, 1.0]","D (-1 only, Stealth)"
Gradient Boosting,D,20,0.999875,0.9998750000000001,3.298089027404785,"[0.0, 0.0, 1.0]","[0.0, 0.99975, 1.0]","D (-1 only, Stealth)"
Logistic Regression,D,20,0.999875,1.0,0.023369550704956055,"[0.0, 0.0, 0.0, 1.0]","[0.0, 0.00025, 1.0, 1.0]","D (-1 only, Stealth)"
SVM,D,20,0.999875,1.0,0.271251916885376,"[0.0, 0.0, 0.0, 1.0]","[0.0, 0.00025, 1.0, 1.0]","D (-1 only, Stealth)"
KNN,D,20,0.999875,0.9998750000000001,0.6185259819030762,"[0.0, 0.0, 0.0, 1.0]","[0.0, 0.9995, 0.99975, 1.0]","D (-1 only, Stealth)"
Neural Network,D,20,0.999875,1.0,0.6784863471984863,"[0.0, 0.0, 0.0, 1.0]","[0.0, 0.00025, 1.0, 1.0]","D (-1 only, Stealth)"
Random Forest,D,30,1.0,1.0,0.3035573959350586,"[0.0, 0.0, 0.0, 0.00025, 0.00225, 1.0]","[0.0, 0.99925, 1.0, 1.0, 1.0, 1.0]","D (-1 only, Stealth)"
Gradient Boosting,D,30,1.0,1.0,3.1728436946868896,"[0.0, 0.0, 1.0]","[0.0, 1.0, 1.0]","D (-1 only, Stealth)"
Logistic Regression,D,30,1.0,1.0,0.021975278854370117,"[0.0, 0.0, 0.0, 1.0]","[0.0, 0.00025, 1.0, 1.0]","D (-1 only, Stealth)"
SVM,D,30,1.0,1.0,0.2159583568572998,"[0.0, 0.0, 0.0, 1.0]","[0.0, 0.00025, 1.0, 1.0]","D (-1 only, Stealth)"
KNN,D,30,1.0,1.0,0.623406171798706,"[0.0, 0.0, 1.0]","[0.0, 1.0, 1.0]","D (-1 only, Stealth)"
Neural Network,D,30,1.0,1.0,0.47433924674987793,"[0.0, 0.0, 0.0, 1.0]","[0.0, 0.00025, 1.0, 1.0]","D (-1 only, Stealth)"
Random Forest,D,40,1.0,1.0,0.3149375915527344,"[0.0, 0.0, 0.0, 0.0, 0.0, 0.0005, 0.00075, 0.003, 1.0]","[0.0, 0.999, 0.99925, 0.99975, 1.0, 1.0, 1.0, 1.0, 1.0]","D (-1 only, Stealth)"
Gradient Boosting,D,40,1.0,1.0,3.2145113945007324,"[0.0, 0.0, 1.0]","[0.0, 1.0, 1.0]","D (-1 only, Stealth)"
Logistic Regression,D,40,1.0,1.0,0.02171802520751953,"[0.0, 0.0, 0.0, 1.0]","[0.0, 0.00025, 1.0, 1.0]","D (-1 only, Stealth)"
SVM,D,40,1.0,1.0,0.1659543514251709,"[0.0, 0.0, 0.0, 1.0]","[0.0, 0.00025, 1.0, 1.0]","D (-1 only, Stealth)"
KNN,D,40,1.0,1.0,0.43150973320007324,"[0.0, 0.0, 1.0]","[0.0, 1.0, 1.0]","D (-1 only, Stealth)"
Neural Network,D,40,1.0,1.0,0.472548246383667,"[0.0, 0.0, 0.0, 1.0]","[0.0, 0.00025, 1.0, 1.0]","D (-1 only, Stealth)"
Random Forest,D,50,1.0,1.0,0.3376340866088867,"[0.0, 0.0, 0.0, 0.0005, 1.0]","[0.0, 0.99925, 1.0, 1.0, 1.0]","D (-1 only, Stealth)"
Gradient Boosting,D,50,1.0,1.0,3.1875252723693848,"[0.0, 0.0, 1.0]","[0.0, 1.0, 1.0]","D (-1 only, Stealth)"
Logistic Regression,D,50,1.0,1.0,0.022563934326171875,"[0.0, 0.0, 0.0, 1.0]","[0.0, 0.00025, 1.0, 1.0]","D (-1 only, Stealth)"
SVM,D,50,1.0,1.0,0.16050076484680176,"[0.0, 0.0, 0.0, 1.0]","[0.0, 0.00025, 1.0, 1.0]","D (-1 only, Stealth)"
KNN,D,50,1.0,1.0,0.3621358871459961,"[0.0, 0.0, 1.0]","[0.0, 1.0, 1.0]","D (-1 only, Stealth)"
Neural Network,D,50,1.0,1.0,0.49541473388671875,"[0.0, 0.0, 0.0, 1.0]","[0.0, 0.00025, 1.0, 1.0]","D (-1 only, Stealth)"
